solid STL generated by MeshLab
  facet normal  0.000000e+00  0.000000e+00  1.000000e+00
    outer loop
      vertex   2.602702e-02 -1.974938e-02 -9.499196e-04
      vertex   2.954202e-02 -1.974938e-02 -9.499196e-04
      vertex   2.954202e-02 -8.359379e-03 -9.499196e-04
    endloop
  endfacet
  facet normal  0.000000e+00  0.000000e+00  1.000000e+00
    outer loop
      vertex   2.954202e-02 -8.359379e-03 -9.499196e-04
      vertex   4.591702e-02 -8.359379e-03 -9.499196e-04
      vertex   4.591702e-02  2.110622e-03 -9.499196e-04
    endloop
  endfacet
  facet normal -0.000000e+00  0.000000e+00  1.000000e+00
    outer loop
      vertex   2.366449e-02  2.261951e-02 -9.499196e-04
      vertex   2.594373e-02  2.160472e-02 -9.499196e-04
      vertex   2.602702e-02  3.139062e-02 -9.499196e-04
    endloop
  endfacet
  facet normal  0.000000e+00  0.000000e+00  1.000000e+00
    outer loop
      vertex  -3.908299e-02 -1.624938e-02 -9.499196e-04
      vertex  -3.861407e-02 -1.799938e-02 -9.499196e-04
      vertex  -3.733298e-02 -1.928047e-02 -9.499196e-04
    endloop
  endfacet
  facet normal  0.000000e+00  0.000000e+00  1.000000e+00
    outer loop
      vertex   4.591702e-02 -8.359379e-03 -9.499196e-04
      vertex   2.954202e-02 -8.359379e-03 -9.499196e-04
      vertex   4.591702e-02 -1.624938e-02 -9.499196e-04
    endloop
  endfacet
  facet normal  0.000000e+00  0.000000e+00  1.000000e+00
    outer loop
      vertex   5.917018e-03  4.125062e-02 -9.499196e-04
      vertex   5.917018e-03  3.139062e-02 -9.499196e-04
      vertex   8.792018e-03  3.139062e-02 -9.499196e-04
    endloop
  endfacet
  facet normal  0.000000e+00 -0.000000e+00  1.000000e+00
    outer loop
      vertex  -1.908298e-02  4.125062e-02 -9.499196e-04
      vertex  -1.861407e-02  4.300062e-02 -9.499196e-04
      vertex  -2.672298e-02  4.361062e-02 -9.499196e-04
    endloop
  endfacet
  facet normal  0.000000e+00  0.000000e+00  1.000000e+00
    outer loop
      vertex   4.167018e-03  4.428171e-02 -9.499196e-04
      vertex   5.448107e-03  4.300062e-02 -9.499196e-04
      vertex   8.792018e-03  4.361062e-02 -9.499196e-04
    endloop
  endfacet
  facet normal  0.000000e+00  0.000000e+00  1.000000e+00
    outer loop
      vertex   2.363702e-02 -7.749377e-03 -9.499196e-04
      vertex   2.347357e-02 -8.359379e-03 -9.499196e-04
      vertex   2.602702e-02 -8.359379e-03 -9.499196e-04
    endloop
  endfacet
  facet normal  0.000000e+00  0.000000e+00  1.000000e+00
    outer loop
      vertex   2.180702e-02 -8.805930e-03 -9.499196e-04
      vertex   2.136047e-02 -8.359379e-03 -9.499196e-04
      vertex   1.880702e-02 -8.359379e-03 -9.499196e-04
    endloop
  endfacet
  facet normal  0.000000e+00  0.000000e+00  1.000000e+00
    outer loop
      vertex   2.347357e-02 -8.359379e-03 -9.499196e-04
      vertex   2.302702e-02 -8.805930e-03 -9.499196e-04
      vertex   2.602702e-02 -1.974938e-02 -9.499196e-04
    endloop
  endfacet
  facet normal  0.000000e+00  0.000000e+00  1.000000e+00
    outer loop
      vertex   2.602702e-02 -1.974938e-02 -9.499196e-04
      vertex   2.302702e-02 -8.805930e-03 -9.499196e-04
      vertex   2.241702e-02 -8.969379e-03 -9.499196e-04
    endloop
  endfacet
  facet normal  0.000000e+00  0.000000e+00  1.000000e+00
    outer loop
      vertex   2.602702e-02 -1.974938e-02 -9.499196e-04
      vertex   2.241702e-02 -8.969379e-03 -9.499196e-04
      vertex   1.880702e-02 -1.974938e-02 -9.499196e-04
    endloop
  endfacet
  facet normal  0.000000e+00  0.000000e+00  1.000000e+00
    outer loop
      vertex   2.180702e-02 -6.692827e-03 -9.499196e-04
      vertex   2.241702e-02 -6.529378e-03 -9.499196e-04
      vertex   2.602702e-02  2.110622e-03 -9.499196e-04
    endloop
  endfacet
  facet normal  0.000000e+00  0.000000e+00  1.000000e+00
    outer loop
      vertex   2.602702e-02  2.110622e-03 -9.499196e-04
      vertex   2.241702e-02 -6.529378e-03 -9.499196e-04
      vertex   2.302702e-02 -6.692827e-03 -9.499196e-04
    endloop
  endfacet
  facet normal  0.000000e+00  0.000000e+00  1.000000e+00
    outer loop
      vertex   2.602702e-02  2.110622e-03 -9.499196e-04
      vertex   2.302702e-02 -6.692827e-03 -9.499196e-04
      vertex   2.347357e-02 -7.139378e-03 -9.499196e-04
    endloop
  endfacet
  facet normal  0.000000e+00 -0.000000e+00  1.000000e+00
    outer loop
      vertex   2.119702e-02 -7.749377e-03 -9.499196e-04
      vertex   2.136047e-02 -7.139378e-03 -9.499196e-04
      vertex   1.880702e-02  2.110622e-03 -9.499196e-04
    endloop
  endfacet
  facet normal  0.000000e+00 -0.000000e+00  1.000000e+00
    outer loop
      vertex   2.417018e-03  4.475062e-02 -9.499196e-04
      vertex   8.792018e-03  5.675062e-02 -9.499196e-04
      vertex  -1.558298e-02  4.475062e-02 -9.499196e-04
    endloop
  endfacet
  facet normal  0.000000e+00 -0.000000e+00  1.000000e+00
    outer loop
      vertex  -1.558298e-02  4.475062e-02 -9.499196e-04
      vertex   8.792018e-03  5.675062e-02 -9.499196e-04
      vertex  -2.672298e-02  5.675062e-02 -9.499196e-04
    endloop
  endfacet
  facet normal  0.000000e+00  0.000000e+00  1.000000e+00
    outer loop
      vertex  -1.558298e-02  4.475062e-02 -9.499196e-04
      vertex  -2.672298e-02  5.675062e-02 -9.499196e-04
      vertex  -1.733298e-02  4.428171e-02 -9.499196e-04
    endloop
  endfacet
  facet normal  0.000000e+00  0.000000e+00  1.000000e+00
    outer loop
      vertex  -1.908298e-02  4.125062e-02 -9.499196e-04
      vertex  -2.672298e-02  4.361062e-02 -9.499196e-04
      vertex  -1.908298e-02  3.139062e-02 -9.499196e-04
    endloop
  endfacet
  facet normal  0.000000e+00  0.000000e+00  1.000000e+00
    outer loop
      vertex  -2.672298e-02  4.361062e-02 -9.499196e-04
      vertex  -2.672298e-02  3.139062e-02 -9.499196e-04
      vertex  -1.908298e-02  3.139062e-02 -9.499196e-04
    endloop
  endfacet
  facet normal  0.000000e+00  0.000000e+00  1.000000e+00
    outer loop
      vertex  -1.908298e-02  3.139062e-02 -9.499196e-04
      vertex  -2.672298e-02  3.139062e-02 -9.499196e-04
      vertex  -2.672298e-02  2.037562e-02 -9.499196e-04
    endloop
  endfacet
  facet normal  0.000000e+00  0.000000e+00  1.000000e+00
    outer loop
      vertex  -1.908298e-02  3.139062e-02 -9.499196e-04
      vertex  -2.672298e-02  2.037562e-02 -9.499196e-04
      vertex  -1.908298e-02  2.037562e-02 -9.499196e-04
    endloop
  endfacet
  facet normal  0.000000e+00  0.000000e+00  1.000000e+00
    outer loop
      vertex  -1.908298e-02  2.037562e-02 -9.499196e-04
      vertex  -2.672298e-02  2.037562e-02 -9.499196e-04
      vertex  -2.672298e-02  1.312562e-02 -9.499196e-04
    endloop
  endfacet
  facet normal  0.000000e+00  0.000000e+00  1.000000e+00
    outer loop
      vertex  -1.908298e-02  2.037562e-02 -9.499196e-04
      vertex  -2.672298e-02  1.312562e-02 -9.499196e-04
      vertex  -1.908298e-02  1.312562e-02 -9.499196e-04
    endloop
  endfacet
  facet normal  0.000000e+00  0.000000e+00  1.000000e+00
    outer loop
      vertex  -1.908298e-02  1.312562e-02 -9.499196e-04
      vertex  -2.672298e-02  1.312562e-02 -9.499196e-04
      vertex  -2.672298e-02  2.110622e-03 -9.499196e-04
    endloop
  endfacet
  facet normal  0.000000e+00  0.000000e+00  1.000000e+00
    outer loop
      vertex  -1.908298e-02  1.312562e-02 -9.499196e-04
      vertex  -2.672298e-02  2.110622e-03 -9.499196e-04
      vertex  -1.908298e-02  2.110622e-03 -9.499196e-04
    endloop
  endfacet
  facet normal  0.000000e+00  0.000000e+00  1.000000e+00
    outer loop
      vertex   8.792018e-03 -8.359379e-03 -9.499196e-04
      vertex   5.448107e-03 -5.999377e-03 -9.499196e-04
      vertex   4.167018e-03 -7.280468e-03 -9.499196e-04
    endloop
  endfacet
  facet normal  0.000000e+00  0.000000e+00  1.000000e+00
    outer loop
      vertex  -1.908298e-02  2.110622e-03 -9.499196e-04
      vertex  -2.672298e-02  2.110622e-03 -9.499196e-04
      vertex  -1.908298e-02 -4.249378e-03 -9.499196e-04
    endloop
  endfacet
  facet normal  0.000000e+00  0.000000e+00  1.000000e+00
    outer loop
      vertex  -1.908298e-02 -4.249378e-03 -9.499196e-04
      vertex  -2.672298e-02  2.110622e-03 -9.499196e-04
      vertex  -2.672298e-02 -8.359379e-03 -9.499196e-04
    endloop
  endfacet
  facet normal  0.000000e+00  0.000000e+00  1.000000e+00
    outer loop
      vertex  -1.908298e-02 -4.249378e-03 -9.499196e-04
      vertex  -2.672298e-02 -8.359379e-03 -9.499196e-04
      vertex  -1.861407e-02 -5.999377e-03 -9.499196e-04
    endloop
  endfacet
  facet normal  0.000000e+00  0.000000e+00  1.000000e+00
    outer loop
      vertex   4.167018e-03 -7.280468e-03 -9.499196e-04
      vertex   2.417018e-03 -7.749377e-03 -9.499196e-04
      vertex   8.792018e-03 -8.359379e-03 -9.499196e-04
    endloop
  endfacet
  facet normal  0.000000e+00  0.000000e+00  1.000000e+00
    outer loop
      vertex   8.792018e-03 -8.359379e-03 -9.499196e-04
      vertex   2.417018e-03 -7.749377e-03 -9.499196e-04
      vertex  -1.558298e-02 -7.749377e-03 -9.499196e-04
    endloop
  endfacet
  facet normal  0.000000e+00  0.000000e+00  1.000000e+00
    outer loop
      vertex   8.792018e-03 -8.359379e-03 -9.499196e-04
      vertex  -1.558298e-02 -7.749377e-03 -9.499196e-04
      vertex  -2.672298e-02 -8.359379e-03 -9.499196e-04
    endloop
  endfacet
  facet normal  0.000000e+00  0.000000e+00  1.000000e+00
    outer loop
      vertex  -2.672298e-02 -8.359379e-03 -9.499196e-04
      vertex  -1.558298e-02 -7.749377e-03 -9.499196e-04
      vertex  -1.733298e-02 -7.280468e-03 -9.499196e-04
    endloop
  endfacet
  facet normal  0.000000e+00  0.000000e+00  1.000000e+00
    outer loop
      vertex  -2.672298e-02 -8.359379e-03 -9.499196e-04
      vertex  -1.733298e-02 -7.280468e-03 -9.499196e-04
      vertex  -1.861407e-02 -5.999377e-03 -9.499196e-04
    endloop
  endfacet
  facet normal  0.000000e+00  0.000000e+00  1.000000e+00
    outer loop
      vertex   5.917018e-03  2.110622e-03 -9.499196e-04
      vertex   8.792018e-03  1.312562e-02 -9.499196e-04
      vertex   5.917018e-03  1.312562e-02 -9.499196e-04
    endloop
  endfacet
  facet normal  0.000000e+00  0.000000e+00  1.000000e+00
    outer loop
      vertex   5.917018e-03  1.312562e-02 -9.499196e-04
      vertex   8.792018e-03  1.312562e-02 -9.499196e-04
      vertex   8.792018e-03  2.037562e-02 -9.499196e-04
    endloop
  endfacet
  facet normal  0.000000e+00  0.000000e+00  1.000000e+00
    outer loop
      vertex   5.917018e-03  1.312562e-02 -9.499196e-04
      vertex   8.792018e-03  2.037562e-02 -9.499196e-04
      vertex   5.917018e-03  2.037562e-02 -9.499196e-04
    endloop
  endfacet
  facet normal  0.000000e+00 -0.000000e+00  1.000000e+00
    outer loop
      vertex   4.544811e-02 -1.799938e-02 -9.499196e-04
      vertex   4.591702e-02 -1.624938e-02 -9.499196e-04
      vertex   4.416702e-02 -1.928047e-02 -9.499196e-04
    endloop
  endfacet
  facet normal  0.000000e+00 -0.000000e+00  1.000000e+00
    outer loop
      vertex   4.416702e-02 -1.928047e-02 -9.499196e-04
      vertex   4.591702e-02 -1.624938e-02 -9.499196e-04
      vertex   2.954202e-02 -8.359379e-03 -9.499196e-04
    endloop
  endfacet
  facet normal  0.000000e+00  0.000000e+00  1.000000e+00
    outer loop
      vertex   4.416702e-02 -1.928047e-02 -9.499196e-04
      vertex   2.954202e-02 -8.359379e-03 -9.499196e-04
      vertex   4.241702e-02 -1.974938e-02 -9.499196e-04
    endloop
  endfacet
  facet normal  0.000000e+00  0.000000e+00  1.000000e+00
    outer loop
      vertex   4.241702e-02 -1.974938e-02 -9.499196e-04
      vertex   2.954202e-02 -8.359379e-03 -9.499196e-04
      vertex   2.954202e-02 -1.974938e-02 -9.499196e-04
    endloop
  endfacet
  facet normal  0.000000e+00  0.000000e+00  1.000000e+00
    outer loop
      vertex  -3.452643e-02 -8.359379e-03 -9.499196e-04
      vertex  -3.497298e-02 -8.805930e-03 -9.499196e-04
      vertex  -2.672298e-02 -1.974938e-02 -9.499196e-04
    endloop
  endfacet
  facet normal  0.000000e+00  0.000000e+00  1.000000e+00
    outer loop
      vertex  -2.672298e-02 -1.974938e-02 -9.499196e-04
      vertex  -3.497298e-02 -8.805930e-03 -9.499196e-04
      vertex  -3.558298e-02 -1.974938e-02 -9.499196e-04
    endloop
  endfacet
  facet normal  0.000000e+00  0.000000e+00  1.000000e+00
    outer loop
      vertex  -3.558298e-02 -1.974938e-02 -9.499196e-04
      vertex  -3.497298e-02 -8.805930e-03 -9.499196e-04
      vertex  -3.558298e-02 -8.969379e-03 -9.499196e-04
    endloop
  endfacet
  facet normal  0.000000e+00 -0.000000e+00  1.000000e+00
    outer loop
      vertex  -3.558298e-02 -1.974938e-02 -9.499196e-04
      vertex  -3.558298e-02 -8.969379e-03 -9.499196e-04
      vertex  -3.733298e-02 -1.928047e-02 -9.499196e-04
    endloop
  endfacet
  facet normal -0.000000e+00  0.000000e+00  1.000000e+00
    outer loop
      vertex  -3.908299e-02 -1.624938e-02 -9.499196e-04
      vertex  -3.733298e-02 -1.928047e-02 -9.499196e-04
      vertex  -3.908299e-02 -8.359379e-03 -9.499196e-04
    endloop
  endfacet
  facet normal -0.000000e+00  0.000000e+00  1.000000e+00
    outer loop
      vertex  -3.861407e-02  5.500062e-02 -9.499196e-04
      vertex  -3.908299e-02  5.325062e-02 -9.499196e-04
      vertex  -3.733298e-02  5.628171e-02 -9.499196e-04
    endloop
  endfacet
  facet normal  0.000000e+00  0.000000e+00  1.000000e+00
    outer loop
      vertex  -3.733298e-02  5.628171e-02 -9.499196e-04
      vertex  -3.908299e-02  5.325062e-02 -9.499196e-04
      vertex  -3.794298e-02  4.361062e-02 -9.499196e-04
    endloop
  endfacet
  facet normal -0.000000e+00  0.000000e+00  1.000000e+00
    outer loop
      vertex  -3.733298e-02  5.628171e-02 -9.499196e-04
      vertex  -3.794298e-02  4.361062e-02 -9.499196e-04
      vertex  -3.558298e-02  5.675062e-02 -9.499196e-04
    endloop
  endfacet
  facet normal  0.000000e+00  0.000000e+00  1.000000e+00
    outer loop
      vertex  -3.558298e-02  5.675062e-02 -9.499196e-04
      vertex  -3.794298e-02  4.361062e-02 -9.499196e-04
      vertex  -2.672298e-02  4.361062e-02 -9.499196e-04
    endloop
  endfacet
  facet normal -0.000000e+00  0.000000e+00  1.000000e+00
    outer loop
      vertex  -3.558298e-02  5.675062e-02 -9.499196e-04
      vertex  -2.672298e-02  4.361062e-02 -9.499196e-04
      vertex  -2.672298e-02  5.675062e-02 -9.499196e-04
    endloop
  endfacet
  facet normal  0.000000e+00  0.000000e+00  1.000000e+00
    outer loop
      vertex  -2.672298e-02  5.675062e-02 -9.499196e-04
      vertex  -2.672298e-02  4.361062e-02 -9.499196e-04
      vertex  -1.861407e-02  4.300062e-02 -9.499196e-04
    endloop
  endfacet
  facet normal  0.000000e+00  0.000000e+00  1.000000e+00
    outer loop
      vertex  -2.672298e-02  5.675062e-02 -9.499196e-04
      vertex  -1.861407e-02  4.300062e-02 -9.499196e-04
      vertex  -1.733298e-02  4.428171e-02 -9.499196e-04
    endloop
  endfacet
  facet normal  0.000000e+00  0.000000e+00  1.000000e+00
    outer loop
      vertex   4.544811e-02  5.500062e-02 -9.499196e-04
      vertex   4.416702e-02  5.628171e-02 -9.499196e-04
      vertex   4.591702e-02  5.325062e-02 -9.499196e-04
    endloop
  endfacet
  facet normal  0.000000e+00  0.000000e+00  1.000000e+00
    outer loop
      vertex   4.591702e-02  5.325062e-02 -9.499196e-04
      vertex   4.416702e-02  5.628171e-02 -9.499196e-04
      vertex   4.241702e-02  5.675062e-02 -9.499196e-04
    endloop
  endfacet
  facet normal  0.000000e+00 -0.000000e+00  1.000000e+00
    outer loop
      vertex  -3.619298e-02 -6.692827e-03 -9.499196e-04
      vertex  -3.558298e-02 -6.529378e-03 -9.499196e-04
      vertex  -3.794298e-02  2.110622e-03 -9.499196e-04
    endloop
  endfacet
  facet normal  0.000000e+00  0.000000e+00  1.000000e+00
    outer loop
      vertex  -3.619298e-02 -8.805930e-03 -9.499196e-04
      vertex  -3.663953e-02 -8.359379e-03 -9.499196e-04
      vertex  -3.794298e-02 -8.359379e-03 -9.499196e-04
    endloop
  endfacet
  facet normal  0.000000e+00  0.000000e+00  1.000000e+00
    outer loop
      vertex  -3.794298e-02 -8.359379e-03 -9.499196e-04
      vertex  -3.663953e-02 -8.359379e-03 -9.499196e-04
      vertex  -3.680298e-02 -7.749377e-03 -9.499196e-04
    endloop
  endfacet
  facet normal  0.000000e+00  0.000000e+00  1.000000e+00
    outer loop
      vertex  -3.794298e-02 -8.359379e-03 -9.499196e-04
      vertex  -3.680298e-02 -7.749377e-03 -9.499196e-04
      vertex  -3.794298e-02  2.110622e-03 -9.499196e-04
    endloop
  endfacet
  facet normal  0.000000e+00  0.000000e+00  1.000000e+00
    outer loop
      vertex  -3.794298e-02  2.110622e-03 -9.499196e-04
      vertex  -3.680298e-02 -7.749377e-03 -9.499196e-04
      vertex  -3.663953e-02 -7.139378e-03 -9.499196e-04
    endloop
  endfacet
  facet normal  0.000000e+00  0.000000e+00  1.000000e+00
    outer loop
      vertex  -3.794298e-02  2.110622e-03 -9.499196e-04
      vertex  -3.663953e-02 -7.139378e-03 -9.499196e-04
      vertex  -3.619298e-02 -6.692827e-03 -9.499196e-04
    endloop
  endfacet
  facet normal -0.000000e+00 -0.000000e+00  1.000000e+00
    outer loop
      vertex  -3.436298e-02 -7.749377e-03 -9.499196e-04
      vertex  -2.672298e-02 -8.359379e-03 -9.499196e-04
      vertex  -3.452643e-02 -7.139378e-03 -9.499196e-04
    endloop
  endfacet
  facet normal -0.000000e+00  0.000000e+00  1.000000e+00
    outer loop
      vertex  -3.452643e-02 -7.139378e-03 -9.499196e-04
      vertex  -2.672298e-02 -8.359379e-03 -9.499196e-04
      vertex  -2.672298e-02  2.110622e-03 -9.499196e-04
    endloop
  endfacet
  facet normal  0.000000e+00 -0.000000e+00  1.000000e+00
    outer loop
      vertex  -3.452643e-02 -7.139378e-03 -9.499196e-04
      vertex  -2.672298e-02  2.110622e-03 -9.499196e-04
      vertex  -3.497298e-02 -6.692827e-03 -9.499196e-04
    endloop
  endfacet
  facet normal  0.000000e+00 -0.000000e+00  1.000000e+00
    outer loop
      vertex  -3.497298e-02 -6.692827e-03 -9.499196e-04
      vertex  -2.672298e-02  2.110622e-03 -9.499196e-04
      vertex  -3.558298e-02 -6.529378e-03 -9.499196e-04
    endloop
  endfacet
  facet normal  0.000000e+00 -0.000000e+00  1.000000e+00
    outer loop
      vertex   2.602702e-02  2.110622e-03 -9.499196e-04
      vertex   2.687589e-02  1.273584e-02 -9.499196e-04
      vertex   2.485744e-02  1.126935e-02 -9.499196e-04
    endloop
  endfacet
  facet normal  0.000000e+00  0.000000e+00  1.000000e+00
    outer loop
      vertex   2.485744e-02  1.126935e-02 -9.499196e-04
      vertex   2.241702e-02  1.075062e-02 -9.499196e-04
      vertex   2.602702e-02  2.110622e-03 -9.499196e-04
    endloop
  endfacet
  facet normal  0.000000e+00  0.000000e+00  1.000000e+00
    outer loop
      vertex   2.602702e-02  2.110622e-03 -9.499196e-04
      vertex   2.241702e-02  1.075062e-02 -9.499196e-04
      vertex   1.880702e-02  2.110622e-03 -9.499196e-04
    endloop
  endfacet
  facet normal  0.000000e+00  0.000000e+00  1.000000e+00
    outer loop
      vertex   2.602702e-02  2.110622e-03 -9.499196e-04
      vertex   1.880702e-02  2.110622e-03 -9.499196e-04
      vertex   2.180702e-02 -6.692827e-03 -9.499196e-04
    endloop
  endfacet
  facet normal  0.000000e+00  0.000000e+00  1.000000e+00
    outer loop
      vertex   2.180702e-02 -6.692827e-03 -9.499196e-04
      vertex   1.880702e-02  2.110622e-03 -9.499196e-04
      vertex   2.136047e-02 -7.139378e-03 -9.499196e-04
    endloop
  endfacet
  facet normal  0.000000e+00  0.000000e+00  1.000000e+00
    outer loop
      vertex   2.954202e-02  2.037562e-02 -9.499196e-04
      vertex   2.761317e-02  1.975062e-02 -9.499196e-04
      vertex   2.838415e-02  1.737779e-02 -9.499196e-04
    endloop
  endfacet
  facet normal  0.000000e+00  0.000000e+00  1.000000e+00
    outer loop
      vertex   2.954202e-02  2.037562e-02 -9.499196e-04
      vertex   2.838415e-02  1.737779e-02 -9.499196e-04
      vertex   2.954202e-02  1.312562e-02 -9.499196e-04
    endloop
  endfacet
  facet normal -0.000000e+00  0.000000e+00  1.000000e+00
    outer loop
      vertex   1.529202e-02  3.139062e-02 -9.499196e-04
      vertex   1.889031e-02  2.160472e-02 -9.499196e-04
      vertex   1.880702e-02  3.139062e-02 -9.499196e-04
    endloop
  endfacet
  facet normal  0.000000e+00  0.000000e+00  1.000000e+00
    outer loop
      vertex   1.880702e-02  3.139062e-02 -9.499196e-04
      vertex   1.889031e-02  2.160472e-02 -9.499196e-04
      vertex   2.116955e-02  2.261951e-02 -9.499196e-04
    endloop
  endfacet
  facet normal  0.000000e+00 -0.000000e+00  1.000000e+00
    outer loop
      vertex   2.366449e-02  2.261951e-02 -9.499196e-04
      vertex   2.602702e-02  3.139062e-02 -9.499196e-04
      vertex   2.116955e-02  2.261951e-02 -9.499196e-04
    endloop
  endfacet
  facet normal  0.000000e+00  0.000000e+00  1.000000e+00
    outer loop
      vertex   1.795815e-02  1.273584e-02 -9.499196e-04
      vertex   1.671068e-02  1.489652e-02 -9.499196e-04
      vertex   1.529202e-02  1.312562e-02 -9.499196e-04
    endloop
  endfacet
  facet normal  0.000000e+00  0.000000e+00  1.000000e+00
    outer loop
      vertex   1.529202e-02  1.312562e-02 -9.499196e-04
      vertex   1.671068e-02  1.489652e-02 -9.499196e-04
      vertex   1.644989e-02  1.737779e-02 -9.499196e-04
    endloop
  endfacet
  facet normal  0.000000e+00  0.000000e+00  1.000000e+00
    outer loop
      vertex   1.529202e-02  1.312562e-02 -9.499196e-04
      vertex   1.644989e-02  1.737779e-02 -9.499196e-04
      vertex   1.529202e-02  2.037562e-02 -9.499196e-04
    endloop
  endfacet
  facet normal  0.000000e+00  0.000000e+00  1.000000e+00
    outer loop
      vertex   1.529202e-02  2.037562e-02 -9.499196e-04
      vertex   1.644989e-02  1.737779e-02 -9.499196e-04
      vertex   1.722087e-02  1.975062e-02 -9.499196e-04
    endloop
  endfacet
  facet normal  0.000000e+00  0.000000e+00  1.000000e+00
    outer loop
      vertex   2.241702e-02  1.075062e-02 -9.499196e-04
      vertex   1.997660e-02  1.126935e-02 -9.499196e-04
      vertex   1.880702e-02  2.110622e-03 -9.499196e-04
    endloop
  endfacet
  facet normal  0.000000e+00 -0.000000e+00  1.000000e+00
    outer loop
      vertex   1.880702e-02  2.110622e-03 -9.499196e-04
      vertex   1.997660e-02  1.126935e-02 -9.499196e-04
      vertex   1.795815e-02  1.273584e-02 -9.499196e-04
    endloop
  endfacet
  facet normal  0.000000e+00  0.000000e+00  1.000000e+00
    outer loop
      vertex   1.880702e-02  2.110622e-03 -9.499196e-04
      vertex   1.795815e-02  1.273584e-02 -9.499196e-04
      vertex   1.529202e-02  2.110622e-03 -9.499196e-04
    endloop
  endfacet
  facet normal  0.000000e+00  0.000000e+00  1.000000e+00
    outer loop
      vertex   1.529202e-02  2.110622e-03 -9.499196e-04
      vertex   1.795815e-02  1.273584e-02 -9.499196e-04
      vertex   1.529202e-02  1.312562e-02 -9.499196e-04
    endloop
  endfacet
  facet normal  0.000000e+00 -0.000000e+00  1.000000e+00
    outer loop
      vertex   1.529202e-02  2.110622e-03 -9.499196e-04
      vertex   1.529202e-02  1.312562e-02 -9.499196e-04
      vertex   8.792018e-03  2.110622e-03 -9.499196e-04
    endloop
  endfacet
  facet normal  0.000000e+00  0.000000e+00  1.000000e+00
    outer loop
      vertex   4.591702e-02  1.312562e-02 -9.499196e-04
      vertex   2.954202e-02  1.312562e-02 -9.499196e-04
      vertex   2.954202e-02  2.110622e-03 -9.499196e-04
    endloop
  endfacet
  facet normal -0.000000e+00  0.000000e+00  1.000000e+00
    outer loop
      vertex   3.191702e-02  1.800062e-02 -9.499196e-04
      vertex   3.254202e-02  1.783315e-02 -9.499196e-04
      vertex   4.591702e-02  2.037562e-02 -9.499196e-04
    endloop
  endfacet
  facet normal  0.000000e+00  0.000000e+00  1.000000e+00
    outer loop
      vertex   2.954202e-02  2.037562e-02 -9.499196e-04
      vertex   3.129202e-02  1.783315e-02 -9.499196e-04
      vertex   3.191702e-02  1.800062e-02 -9.499196e-04
    endloop
  endfacet
  facet normal  0.000000e+00  0.000000e+00  1.000000e+00
    outer loop
      vertex   4.591702e-02  1.312562e-02 -9.499196e-04
      vertex   3.254202e-02  1.566809e-02 -9.499196e-04
      vertex   2.954202e-02  1.312562e-02 -9.499196e-04
    endloop
  endfacet
  facet normal  0.000000e+00  0.000000e+00  1.000000e+00
    outer loop
      vertex   2.954202e-02  1.312562e-02 -9.499196e-04
      vertex   3.254202e-02  1.566809e-02 -9.499196e-04
      vertex   3.191702e-02  1.550062e-02 -9.499196e-04
    endloop
  endfacet
  facet normal  0.000000e+00  0.000000e+00  1.000000e+00
    outer loop
      vertex   2.954202e-02  1.312562e-02 -9.499196e-04
      vertex   3.191702e-02  1.550062e-02 -9.499196e-04
      vertex   3.129202e-02  1.566809e-02 -9.499196e-04
    endloop
  endfacet
  facet normal  0.000000e+00  0.000000e+00  1.000000e+00
    outer loop
      vertex   3.129202e-02  1.566809e-02 -9.499196e-04
      vertex   3.083449e-02  1.612562e-02 -9.499196e-04
      vertex   2.954202e-02  1.312562e-02 -9.499196e-04
    endloop
  endfacet
  facet normal  0.000000e+00  0.000000e+00  1.000000e+00
    outer loop
      vertex   2.954202e-02  1.312562e-02 -9.499196e-04
      vertex   3.083449e-02  1.612562e-02 -9.499196e-04
      vertex   3.066702e-02  1.675062e-02 -9.499196e-04
    endloop
  endfacet
  facet normal  0.000000e+00  0.000000e+00  1.000000e+00
    outer loop
      vertex   2.954202e-02  1.312562e-02 -9.499196e-04
      vertex   3.066702e-02  1.675062e-02 -9.499196e-04
      vertex   2.954202e-02  2.037562e-02 -9.499196e-04
    endloop
  endfacet
  facet normal  0.000000e+00  0.000000e+00  1.000000e+00
    outer loop
      vertex   2.954202e-02  2.037562e-02 -9.499196e-04
      vertex   3.066702e-02  1.675062e-02 -9.499196e-04
      vertex   3.083449e-02  1.737562e-02 -9.499196e-04
    endloop
  endfacet
  facet normal  0.000000e+00  0.000000e+00  1.000000e+00
    outer loop
      vertex   2.954202e-02  2.037562e-02 -9.499196e-04
      vertex   3.083449e-02  1.737562e-02 -9.499196e-04
      vertex   3.129202e-02  1.783315e-02 -9.499196e-04
    endloop
  endfacet
  facet normal -0.000000e+00  0.000000e+00  1.000000e+00
    outer loop
      vertex   3.254202e-02  1.783315e-02 -9.499196e-04
      vertex   3.299955e-02  1.737562e-02 -9.499196e-04
      vertex   4.591702e-02  2.037562e-02 -9.499196e-04
    endloop
  endfacet
  facet normal  0.000000e+00  0.000000e+00  1.000000e+00
    outer loop
      vertex   4.591702e-02  2.037562e-02 -9.499196e-04
      vertex   3.299955e-02  1.737562e-02 -9.499196e-04
      vertex   3.316702e-02  1.675062e-02 -9.499196e-04
    endloop
  endfacet
  facet normal  0.000000e+00  0.000000e+00  1.000000e+00
    outer loop
      vertex   4.591702e-02  2.037562e-02 -9.499196e-04
      vertex   3.316702e-02  1.675062e-02 -9.499196e-04
      vertex   4.591702e-02  1.312562e-02 -9.499196e-04
    endloop
  endfacet
  facet normal  0.000000e+00  0.000000e+00  1.000000e+00
    outer loop
      vertex   4.591702e-02  1.312562e-02 -9.499196e-04
      vertex   3.316702e-02  1.675062e-02 -9.499196e-04
      vertex   3.299955e-02  1.612562e-02 -9.499196e-04
    endloop
  endfacet
  facet normal  0.000000e+00  0.000000e+00  1.000000e+00
    outer loop
      vertex   4.591702e-02  1.312562e-02 -9.499196e-04
      vertex   3.299955e-02  1.612562e-02 -9.499196e-04
      vertex   3.254202e-02  1.566809e-02 -9.499196e-04
    endloop
  endfacet
  facet normal  0.000000e+00 -0.000000e+00  1.000000e+00
    outer loop
      vertex   3.191702e-02  1.800062e-02 -9.499196e-04
      vertex   4.591702e-02  2.037562e-02 -9.499196e-04
      vertex   2.954202e-02  2.037562e-02 -9.499196e-04
    endloop
  endfacet
  facet normal  0.000000e+00  0.000000e+00  1.000000e+00
    outer loop
      vertex   2.954202e-02  2.037562e-02 -9.499196e-04
      vertex   4.591702e-02  2.037562e-02 -9.499196e-04
      vertex   4.591702e-02  3.139062e-02 -9.499196e-04
    endloop
  endfacet
  facet normal  0.000000e+00  0.000000e+00  1.000000e+00
    outer loop
      vertex   2.954202e-02  2.037562e-02 -9.499196e-04
      vertex   4.591702e-02  3.139062e-02 -9.499196e-04
      vertex   2.954202e-02  3.139062e-02 -9.499196e-04
    endloop
  endfacet
  facet normal  0.000000e+00  0.000000e+00  1.000000e+00
    outer loop
      vertex   2.954202e-02  3.139062e-02 -9.499196e-04
      vertex   4.591702e-02  3.139062e-02 -9.499196e-04
      vertex   4.591702e-02  4.361062e-02 -9.499196e-04
    endloop
  endfacet
  facet normal  0.000000e+00  0.000000e+00  1.000000e+00
    outer loop
      vertex   2.954202e-02  3.139062e-02 -9.499196e-04
      vertex   4.591702e-02  4.361062e-02 -9.499196e-04
      vertex   2.954202e-02  4.361062e-02 -9.499196e-04
    endloop
  endfacet
  facet normal -0.000000e+00  0.000000e+00  1.000000e+00
    outer loop
      vertex   2.347357e-02 -8.359379e-03 -9.499196e-04
      vertex   2.602702e-02 -1.974938e-02 -9.499196e-04
      vertex   2.602702e-02 -8.359379e-03 -9.499196e-04
    endloop
  endfacet
  facet normal -0.000000e+00  0.000000e+00  1.000000e+00
    outer loop
      vertex   2.602702e-02 -8.359379e-03 -9.499196e-04
      vertex   2.602702e-02 -1.974938e-02 -9.499196e-04
      vertex   2.954202e-02 -8.359379e-03 -9.499196e-04
    endloop
  endfacet
  facet normal  0.000000e+00  0.000000e+00  1.000000e+00
    outer loop
      vertex   2.602702e-02 -8.359379e-03 -9.499196e-04
      vertex   2.954202e-02 -8.359379e-03 -9.499196e-04
      vertex   2.954202e-02  2.110622e-03 -9.499196e-04
    endloop
  endfacet
  facet normal -0.000000e+00  0.000000e+00  1.000000e+00
    outer loop
      vertex   2.954202e-02  2.110622e-03 -9.499196e-04
      vertex   2.954202e-02 -8.359379e-03 -9.499196e-04
      vertex   4.591702e-02  2.110622e-03 -9.499196e-04
    endloop
  endfacet
  facet normal  0.000000e+00  0.000000e+00  1.000000e+00
    outer loop
      vertex   2.954202e-02  2.110622e-03 -9.499196e-04
      vertex   4.591702e-02  2.110622e-03 -9.499196e-04
      vertex   4.591702e-02  1.312562e-02 -9.499196e-04
    endloop
  endfacet
  facet normal  0.000000e+00  0.000000e+00  1.000000e+00
    outer loop
      vertex   2.838415e-02  1.737779e-02 -9.499196e-04
      vertex   2.812336e-02  1.489652e-02 -9.499196e-04
      vertex   2.954202e-02  1.312562e-02 -9.499196e-04
    endloop
  endfacet
  facet normal  0.000000e+00  0.000000e+00  1.000000e+00
    outer loop
      vertex   2.954202e-02  1.312562e-02 -9.499196e-04
      vertex   2.812336e-02  1.489652e-02 -9.499196e-04
      vertex   2.687589e-02  1.273584e-02 -9.499196e-04
    endloop
  endfacet
  facet normal  0.000000e+00  0.000000e+00  1.000000e+00
    outer loop
      vertex   2.954202e-02  1.312562e-02 -9.499196e-04
      vertex   2.687589e-02  1.273584e-02 -9.499196e-04
      vertex   2.954202e-02  2.110622e-03 -9.499196e-04
    endloop
  endfacet
  facet normal  0.000000e+00  0.000000e+00  1.000000e+00
    outer loop
      vertex   2.954202e-02  2.110622e-03 -9.499196e-04
      vertex   2.687589e-02  1.273584e-02 -9.499196e-04
      vertex   2.602702e-02  2.110622e-03 -9.499196e-04
    endloop
  endfacet
  facet normal  0.000000e+00  0.000000e+00  1.000000e+00
    outer loop
      vertex   2.954202e-02  2.110622e-03 -9.499196e-04
      vertex   2.602702e-02  2.110622e-03 -9.499196e-04
      vertex   2.602702e-02 -8.359379e-03 -9.499196e-04
    endloop
  endfacet
  facet normal  0.000000e+00 -0.000000e+00  1.000000e+00
    outer loop
      vertex   2.602702e-02 -8.359379e-03 -9.499196e-04
      vertex   2.602702e-02  2.110622e-03 -9.499196e-04
      vertex   2.347357e-02 -7.139378e-03 -9.499196e-04
    endloop
  endfacet
  facet normal  0.000000e+00  0.000000e+00  1.000000e+00
    outer loop
      vertex   2.602702e-02 -8.359379e-03 -9.499196e-04
      vertex   2.347357e-02 -7.139378e-03 -9.499196e-04
      vertex   2.363702e-02 -7.749377e-03 -9.499196e-04
    endloop
  endfacet
  facet normal  0.000000e+00 -0.000000e+00  1.000000e+00
    outer loop
      vertex   2.761317e-02  1.975062e-02 -9.499196e-04
      vertex   2.954202e-02  2.037562e-02 -9.499196e-04
      vertex   2.594373e-02  2.160472e-02 -9.499196e-04
    endloop
  endfacet
  facet normal -0.000000e+00  0.000000e+00  1.000000e+00
    outer loop
      vertex   2.594373e-02  2.160472e-02 -9.499196e-04
      vertex   2.954202e-02  2.037562e-02 -9.499196e-04
      vertex   2.954202e-02  3.139062e-02 -9.499196e-04
    endloop
  endfacet
  facet normal  0.000000e+00  0.000000e+00  1.000000e+00
    outer loop
      vertex   2.594373e-02  2.160472e-02 -9.499196e-04
      vertex   2.954202e-02  3.139062e-02 -9.499196e-04
      vertex   2.602702e-02  3.139062e-02 -9.499196e-04
    endloop
  endfacet
  facet normal  0.000000e+00  0.000000e+00  1.000000e+00
    outer loop
      vertex   2.602702e-02  3.139062e-02 -9.499196e-04
      vertex   2.954202e-02  3.139062e-02 -9.499196e-04
      vertex   2.954202e-02  4.361062e-02 -9.499196e-04
    endloop
  endfacet
  facet normal  0.000000e+00  0.000000e+00  1.000000e+00
    outer loop
      vertex   2.602702e-02  3.139062e-02 -9.499196e-04
      vertex   2.954202e-02  4.361062e-02 -9.499196e-04
      vertex   2.602702e-02  4.361062e-02 -9.499196e-04
    endloop
  endfacet
  facet normal  0.000000e+00  0.000000e+00  1.000000e+00
    outer loop
      vertex   1.880702e-02  3.139062e-02 -9.499196e-04
      vertex   2.241702e-02  4.003062e-02 -9.499196e-04
      vertex   2.180702e-02  4.019407e-02 -9.499196e-04
    endloop
  endfacet
  facet normal  0.000000e+00  0.000000e+00  1.000000e+00
    outer loop
      vertex   2.136047e-02  4.064062e-02 -9.499196e-04
      vertex   2.119702e-02  4.125062e-02 -9.499196e-04
      vertex   1.880702e-02  4.361062e-02 -9.499196e-04
    endloop
  endfacet
  facet normal  0.000000e+00  0.000000e+00  1.000000e+00
    outer loop
      vertex   1.880702e-02  4.361062e-02 -9.499196e-04
      vertex   2.119702e-02  4.125062e-02 -9.499196e-04
      vertex   2.136047e-02  4.186062e-02 -9.499196e-04
    endloop
  endfacet
  facet normal  0.000000e+00 -0.000000e+00  1.000000e+00
    outer loop
      vertex   2.116955e-02  2.261951e-02 -9.499196e-04
      vertex   2.602702e-02  3.139062e-02 -9.499196e-04
      vertex   1.880702e-02  3.139062e-02 -9.499196e-04
    endloop
  endfacet
  facet normal  0.000000e+00  0.000000e+00  1.000000e+00
    outer loop
      vertex   1.880702e-02  3.139062e-02 -9.499196e-04
      vertex   2.602702e-02  3.139062e-02 -9.499196e-04
      vertex   2.302702e-02  4.019407e-02 -9.499196e-04
    endloop
  endfacet
  facet normal  0.000000e+00  0.000000e+00  1.000000e+00
    outer loop
      vertex   1.880702e-02  3.139062e-02 -9.499196e-04
      vertex   2.302702e-02  4.019407e-02 -9.499196e-04
      vertex   2.241702e-02  4.003062e-02 -9.499196e-04
    endloop
  endfacet
  facet normal  0.000000e+00 -0.000000e+00  1.000000e+00
    outer loop
      vertex   2.136047e-02  4.186062e-02 -9.499196e-04
      vertex   2.180702e-02  4.230717e-02 -9.499196e-04
      vertex   1.880702e-02  4.361062e-02 -9.499196e-04
    endloop
  endfacet
  facet normal  0.000000e+00  0.000000e+00  1.000000e+00
    outer loop
      vertex   1.880702e-02  4.361062e-02 -9.499196e-04
      vertex   2.180702e-02  4.230717e-02 -9.499196e-04
      vertex   2.241702e-02  4.247062e-02 -9.499196e-04
    endloop
  endfacet
  facet normal -0.000000e+00  0.000000e+00  1.000000e+00
    outer loop
      vertex   1.880702e-02  4.361062e-02 -9.499196e-04
      vertex   2.241702e-02  4.247062e-02 -9.499196e-04
      vertex   2.602702e-02  4.361062e-02 -9.499196e-04
    endloop
  endfacet
  facet normal  0.000000e+00  0.000000e+00  1.000000e+00
    outer loop
      vertex   2.602702e-02  4.361062e-02 -9.499196e-04
      vertex   2.241702e-02  4.247062e-02 -9.499196e-04
      vertex   2.302702e-02  4.230717e-02 -9.499196e-04
    endloop
  endfacet
  facet normal -0.000000e+00  0.000000e+00  1.000000e+00
    outer loop
      vertex   2.302702e-02  4.230717e-02 -9.499196e-04
      vertex   2.347357e-02  4.186062e-02 -9.499196e-04
      vertex   2.602702e-02  4.361062e-02 -9.499196e-04
    endloop
  endfacet
  facet normal  0.000000e+00  0.000000e+00  1.000000e+00
    outer loop
      vertex   2.602702e-02  4.361062e-02 -9.499196e-04
      vertex   2.347357e-02  4.186062e-02 -9.499196e-04
      vertex   2.363702e-02  4.125062e-02 -9.499196e-04
    endloop
  endfacet
  facet normal  0.000000e+00  0.000000e+00  1.000000e+00
    outer loop
      vertex   2.602702e-02  4.361062e-02 -9.499196e-04
      vertex   2.363702e-02  4.125062e-02 -9.499196e-04
      vertex   2.602702e-02  3.139062e-02 -9.499196e-04
    endloop
  endfacet
  facet normal  0.000000e+00  0.000000e+00  1.000000e+00
    outer loop
      vertex   2.602702e-02  3.139062e-02 -9.499196e-04
      vertex   2.363702e-02  4.125062e-02 -9.499196e-04
      vertex   2.347357e-02  4.064062e-02 -9.499196e-04
    endloop
  endfacet
  facet normal  0.000000e+00  0.000000e+00  1.000000e+00
    outer loop
      vertex   2.602702e-02  3.139062e-02 -9.499196e-04
      vertex   2.347357e-02  4.064062e-02 -9.499196e-04
      vertex   2.302702e-02  4.019407e-02 -9.499196e-04
    endloop
  endfacet
  facet normal  0.000000e+00  0.000000e+00  1.000000e+00
    outer loop
      vertex   2.136047e-02 -8.359379e-03 -9.499196e-04
      vertex   2.119702e-02 -7.749377e-03 -9.499196e-04
      vertex   1.880702e-02 -8.359379e-03 -9.499196e-04
    endloop
  endfacet
  facet normal  0.000000e+00  0.000000e+00  1.000000e+00
    outer loop
      vertex   1.880702e-02 -8.359379e-03 -9.499196e-04
      vertex   2.119702e-02 -7.749377e-03 -9.499196e-04
      vertex   1.880702e-02  2.110622e-03 -9.499196e-04
    endloop
  endfacet
  facet normal  0.000000e+00 -0.000000e+00  1.000000e+00
    outer loop
      vertex   1.880702e-02 -8.359379e-03 -9.499196e-04
      vertex   1.880702e-02  2.110622e-03 -9.499196e-04
      vertex   1.529202e-02 -8.359379e-03 -9.499196e-04
    endloop
  endfacet
  facet normal  0.000000e+00  0.000000e+00  1.000000e+00
    outer loop
      vertex   1.529202e-02 -8.359379e-03 -9.499196e-04
      vertex   1.880702e-02  2.110622e-03 -9.499196e-04
      vertex   1.529202e-02  2.110622e-03 -9.499196e-04
    endloop
  endfacet
  facet normal  0.000000e+00 -0.000000e+00  1.000000e+00
    outer loop
      vertex   1.529202e-02 -8.359379e-03 -9.499196e-04
      vertex   1.529202e-02  2.110622e-03 -9.499196e-04
      vertex   8.792018e-03 -8.359379e-03 -9.499196e-04
    endloop
  endfacet
  facet normal  0.000000e+00  0.000000e+00  1.000000e+00
    outer loop
      vertex   8.792018e-03 -8.359379e-03 -9.499196e-04
      vertex   1.529202e-02  2.110622e-03 -9.499196e-04
      vertex   8.792018e-03  2.110622e-03 -9.499196e-04
    endloop
  endfacet
  facet normal  0.000000e+00  0.000000e+00  1.000000e+00
    outer loop
      vertex   1.354202e-02  1.566809e-02 -9.499196e-04
      vertex   1.291702e-02  1.550062e-02 -9.499196e-04
      vertex   1.529202e-02  1.312562e-02 -9.499196e-04
    endloop
  endfacet
  facet normal  0.000000e+00  0.000000e+00  1.000000e+00
    outer loop
      vertex   1.529202e-02  1.312562e-02 -9.499196e-04
      vertex   1.291702e-02  1.550062e-02 -9.499196e-04
      vertex   8.792018e-03  1.312562e-02 -9.499196e-04
    endloop
  endfacet
  facet normal  0.000000e+00  0.000000e+00  1.000000e+00
    outer loop
      vertex   1.529202e-02  1.312562e-02 -9.499196e-04
      vertex   8.792018e-03  1.312562e-02 -9.499196e-04
      vertex   8.792018e-03  2.110622e-03 -9.499196e-04
    endloop
  endfacet
  facet normal  0.000000e+00 -0.000000e+00  1.000000e+00
    outer loop
      vertex   8.792018e-03  2.110622e-03 -9.499196e-04
      vertex   8.792018e-03  1.312562e-02 -9.499196e-04
      vertex   5.917018e-03  2.110622e-03 -9.499196e-04
    endloop
  endfacet
  facet normal  0.000000e+00  0.000000e+00  1.000000e+00
    outer loop
      vertex   8.792018e-03  2.110622e-03 -9.499196e-04
      vertex   5.917018e-03  2.110622e-03 -9.499196e-04
      vertex   8.792018e-03 -8.359379e-03 -9.499196e-04
    endloop
  endfacet
  facet normal  0.000000e+00  0.000000e+00  1.000000e+00
    outer loop
      vertex   8.792018e-03 -8.359379e-03 -9.499196e-04
      vertex   5.917018e-03  2.110622e-03 -9.499196e-04
      vertex   5.917018e-03 -4.249378e-03 -9.499196e-04
    endloop
  endfacet
  facet normal  0.000000e+00  0.000000e+00  1.000000e+00
    outer loop
      vertex   8.792018e-03 -8.359379e-03 -9.499196e-04
      vertex   5.917018e-03 -4.249378e-03 -9.499196e-04
      vertex   5.448107e-03 -5.999377e-03 -9.499196e-04
    endloop
  endfacet
  facet normal  0.000000e+00  0.000000e+00  1.000000e+00
    outer loop
      vertex   1.166702e-02  1.675062e-02 -9.499196e-04
      vertex   8.792018e-03  2.037562e-02 -9.499196e-04
      vertex   1.183449e-02  1.612562e-02 -9.499196e-04
    endloop
  endfacet
  facet normal  0.000000e+00  0.000000e+00  1.000000e+00
    outer loop
      vertex   1.183449e-02  1.612562e-02 -9.499196e-04
      vertex   8.792018e-03  2.037562e-02 -9.499196e-04
      vertex   8.792018e-03  1.312562e-02 -9.499196e-04
    endloop
  endfacet
  facet normal  0.000000e+00  0.000000e+00  1.000000e+00
    outer loop
      vertex   1.183449e-02  1.612562e-02 -9.499196e-04
      vertex   8.792018e-03  1.312562e-02 -9.499196e-04
      vertex   1.229202e-02  1.566809e-02 -9.499196e-04
    endloop
  endfacet
  facet normal  0.000000e+00  0.000000e+00  1.000000e+00
    outer loop
      vertex   1.229202e-02  1.566809e-02 -9.499196e-04
      vertex   8.792018e-03  1.312562e-02 -9.499196e-04
      vertex   1.291702e-02  1.550062e-02 -9.499196e-04
    endloop
  endfacet
  facet normal  0.000000e+00 -0.000000e+00  1.000000e+00
    outer loop
      vertex   1.166702e-02  1.675062e-02 -9.499196e-04
      vertex   1.183449e-02  1.737562e-02 -9.499196e-04
      vertex   8.792018e-03  2.037562e-02 -9.499196e-04
    endloop
  endfacet
  facet normal  0.000000e+00  0.000000e+00  1.000000e+00
    outer loop
      vertex   8.792018e-03  2.037562e-02 -9.499196e-04
      vertex   1.183449e-02  1.737562e-02 -9.499196e-04
      vertex   1.229202e-02  1.783315e-02 -9.499196e-04
    endloop
  endfacet
  facet normal -0.000000e+00  0.000000e+00  1.000000e+00
    outer loop
      vertex   8.792018e-03  2.037562e-02 -9.499196e-04
      vertex   1.229202e-02  1.783315e-02 -9.499196e-04
      vertex   1.529202e-02  2.037562e-02 -9.499196e-04
    endloop
  endfacet
  facet normal  0.000000e+00  0.000000e+00  1.000000e+00
    outer loop
      vertex   1.529202e-02  2.037562e-02 -9.499196e-04
      vertex   1.229202e-02  1.783315e-02 -9.499196e-04
      vertex   1.291702e-02  1.800062e-02 -9.499196e-04
    endloop
  endfacet
  facet normal  0.000000e+00  0.000000e+00  1.000000e+00
    outer loop
      vertex   1.529202e-02  2.037562e-02 -9.499196e-04
      vertex   1.291702e-02  1.800062e-02 -9.499196e-04
      vertex   1.354202e-02  1.783315e-02 -9.499196e-04
    endloop
  endfacet
  facet normal -0.000000e+00  0.000000e+00  1.000000e+00
    outer loop
      vertex   1.354202e-02  1.783315e-02 -9.499196e-04
      vertex   1.399955e-02  1.737562e-02 -9.499196e-04
      vertex   1.529202e-02  2.037562e-02 -9.499196e-04
    endloop
  endfacet
  facet normal  0.000000e+00  0.000000e+00  1.000000e+00
    outer loop
      vertex   1.529202e-02  2.037562e-02 -9.499196e-04
      vertex   1.399955e-02  1.737562e-02 -9.499196e-04
      vertex   1.416702e-02  1.675062e-02 -9.499196e-04
    endloop
  endfacet
  facet normal  0.000000e+00  0.000000e+00  1.000000e+00
    outer loop
      vertex   1.529202e-02  2.037562e-02 -9.499196e-04
      vertex   1.416702e-02  1.675062e-02 -9.499196e-04
      vertex   1.529202e-02  1.312562e-02 -9.499196e-04
    endloop
  endfacet
  facet normal  0.000000e+00  0.000000e+00  1.000000e+00
    outer loop
      vertex   1.529202e-02  1.312562e-02 -9.499196e-04
      vertex   1.416702e-02  1.675062e-02 -9.499196e-04
      vertex   1.399955e-02  1.612562e-02 -9.499196e-04
    endloop
  endfacet
  facet normal  0.000000e+00  0.000000e+00  1.000000e+00
    outer loop
      vertex   1.529202e-02  1.312562e-02 -9.499196e-04
      vertex   1.399955e-02  1.612562e-02 -9.499196e-04
      vertex   1.354202e-02  1.566809e-02 -9.499196e-04
    endloop
  endfacet
  facet normal  0.000000e+00 -0.000000e+00  1.000000e+00
    outer loop
      vertex   1.722087e-02  1.975062e-02 -9.499196e-04
      vertex   1.889031e-02  2.160472e-02 -9.499196e-04
      vertex   1.529202e-02  2.037562e-02 -9.499196e-04
    endloop
  endfacet
  facet normal  0.000000e+00  0.000000e+00  1.000000e+00
    outer loop
      vertex   1.529202e-02  2.037562e-02 -9.499196e-04
      vertex   1.889031e-02  2.160472e-02 -9.499196e-04
      vertex   1.529202e-02  3.139062e-02 -9.499196e-04
    endloop
  endfacet
  facet normal  0.000000e+00 -0.000000e+00  1.000000e+00
    outer loop
      vertex   1.529202e-02  2.037562e-02 -9.499196e-04
      vertex   1.529202e-02  3.139062e-02 -9.499196e-04
      vertex   8.792018e-03  2.037562e-02 -9.499196e-04
    endloop
  endfacet
  facet normal  0.000000e+00  0.000000e+00  1.000000e+00
    outer loop
      vertex   8.792018e-03  2.037562e-02 -9.499196e-04
      vertex   1.529202e-02  3.139062e-02 -9.499196e-04
      vertex   8.792018e-03  3.139062e-02 -9.499196e-04
    endloop
  endfacet
  facet normal  0.000000e+00 -0.000000e+00  1.000000e+00
    outer loop
      vertex   8.792018e-03  2.037562e-02 -9.499196e-04
      vertex   8.792018e-03  3.139062e-02 -9.499196e-04
      vertex   5.917018e-03  2.037562e-02 -9.499196e-04
    endloop
  endfacet
  facet normal  0.000000e+00  0.000000e+00  1.000000e+00
    outer loop
      vertex   5.917018e-03  2.037562e-02 -9.499196e-04
      vertex   8.792018e-03  3.139062e-02 -9.499196e-04
      vertex   5.917018e-03  3.139062e-02 -9.499196e-04
    endloop
  endfacet
  facet normal  0.000000e+00  0.000000e+00  1.000000e+00
    outer loop
      vertex   2.180702e-02  4.019407e-02 -9.499196e-04
      vertex   2.136047e-02  4.064062e-02 -9.499196e-04
      vertex   1.880702e-02  3.139062e-02 -9.499196e-04
    endloop
  endfacet
  facet normal  0.000000e+00  0.000000e+00  1.000000e+00
    outer loop
      vertex   1.880702e-02  3.139062e-02 -9.499196e-04
      vertex   2.136047e-02  4.064062e-02 -9.499196e-04
      vertex   1.880702e-02  4.361062e-02 -9.499196e-04
    endloop
  endfacet
  facet normal  0.000000e+00 -0.000000e+00  1.000000e+00
    outer loop
      vertex   1.880702e-02  3.139062e-02 -9.499196e-04
      vertex   1.880702e-02  4.361062e-02 -9.499196e-04
      vertex   1.529202e-02  3.139062e-02 -9.499196e-04
    endloop
  endfacet
  facet normal  0.000000e+00  0.000000e+00  1.000000e+00
    outer loop
      vertex   1.529202e-02  3.139062e-02 -9.499196e-04
      vertex   1.880702e-02  4.361062e-02 -9.499196e-04
      vertex   1.529202e-02  4.361062e-02 -9.499196e-04
    endloop
  endfacet
  facet normal  0.000000e+00 -0.000000e+00  1.000000e+00
    outer loop
      vertex   1.529202e-02  3.139062e-02 -9.499196e-04
      vertex   1.529202e-02  4.361062e-02 -9.499196e-04
      vertex   8.792018e-03  3.139062e-02 -9.499196e-04
    endloop
  endfacet
  facet normal  0.000000e+00  0.000000e+00  1.000000e+00
    outer loop
      vertex   8.792018e-03  3.139062e-02 -9.499196e-04
      vertex   1.529202e-02  4.361062e-02 -9.499196e-04
      vertex   8.792018e-03  4.361062e-02 -9.499196e-04
    endloop
  endfacet
  facet normal  0.000000e+00 -0.000000e+00  1.000000e+00
    outer loop
      vertex   8.792018e-03  3.139062e-02 -9.499196e-04
      vertex   8.792018e-03  4.361062e-02 -9.499196e-04
      vertex   5.917018e-03  4.125062e-02 -9.499196e-04
    endloop
  endfacet
  facet normal  0.000000e+00 -0.000000e+00  1.000000e+00
    outer loop
      vertex   5.917018e-03  4.125062e-02 -9.499196e-04
      vertex   8.792018e-03  4.361062e-02 -9.499196e-04
      vertex   5.448107e-03  4.300062e-02 -9.499196e-04
    endloop
  endfacet
  facet normal -0.000000e+00  0.000000e+00  1.000000e+00
    outer loop
      vertex   2.417018e-03  4.475062e-02 -9.499196e-04
      vertex   4.167018e-03  4.428171e-02 -9.499196e-04
      vertex   8.792018e-03  5.675062e-02 -9.499196e-04
    endloop
  endfacet
  facet normal  0.000000e+00  0.000000e+00  1.000000e+00
    outer loop
      vertex   8.792018e-03  5.675062e-02 -9.499196e-04
      vertex   4.167018e-03  4.428171e-02 -9.499196e-04
      vertex   8.792018e-03  4.361062e-02 -9.499196e-04
    endloop
  endfacet
  facet normal -0.000000e+00  0.000000e+00  1.000000e+00
    outer loop
      vertex   8.792018e-03  5.675062e-02 -9.499196e-04
      vertex   8.792018e-03  4.361062e-02 -9.499196e-04
      vertex   1.529202e-02  5.675062e-02 -9.499196e-04
    endloop
  endfacet
  facet normal  0.000000e+00  0.000000e+00  1.000000e+00
    outer loop
      vertex   1.529202e-02  5.675062e-02 -9.499196e-04
      vertex   8.792018e-03  4.361062e-02 -9.499196e-04
      vertex   1.529202e-02  4.361062e-02 -9.499196e-04
    endloop
  endfacet
  facet normal -0.000000e+00  0.000000e+00  1.000000e+00
    outer loop
      vertex   1.529202e-02  5.675062e-02 -9.499196e-04
      vertex   1.529202e-02  4.361062e-02 -9.499196e-04
      vertex   1.880702e-02  5.675062e-02 -9.499196e-04
    endloop
  endfacet
  facet normal  0.000000e+00  0.000000e+00  1.000000e+00
    outer loop
      vertex   1.880702e-02  5.675062e-02 -9.499196e-04
      vertex   1.529202e-02  4.361062e-02 -9.499196e-04
      vertex   1.880702e-02  4.361062e-02 -9.499196e-04
    endloop
  endfacet
  facet normal -0.000000e+00  0.000000e+00  1.000000e+00
    outer loop
      vertex   1.880702e-02  5.675062e-02 -9.499196e-04
      vertex   1.880702e-02  4.361062e-02 -9.499196e-04
      vertex   2.602702e-02  5.675062e-02 -9.499196e-04
    endloop
  endfacet
  facet normal  0.000000e+00  0.000000e+00  1.000000e+00
    outer loop
      vertex   2.602702e-02  5.675062e-02 -9.499196e-04
      vertex   1.880702e-02  4.361062e-02 -9.499196e-04
      vertex   2.602702e-02  4.361062e-02 -9.499196e-04
    endloop
  endfacet
  facet normal -0.000000e+00  0.000000e+00  1.000000e+00
    outer loop
      vertex   2.602702e-02  5.675062e-02 -9.499196e-04
      vertex   2.602702e-02  4.361062e-02 -9.499196e-04
      vertex   2.954202e-02  5.675062e-02 -9.499196e-04
    endloop
  endfacet
  facet normal  0.000000e+00  0.000000e+00  1.000000e+00
    outer loop
      vertex   2.954202e-02  5.675062e-02 -9.499196e-04
      vertex   2.602702e-02  4.361062e-02 -9.499196e-04
      vertex   2.954202e-02  4.361062e-02 -9.499196e-04
    endloop
  endfacet
  facet normal -0.000000e+00  0.000000e+00  1.000000e+00
    outer loop
      vertex   2.954202e-02  5.675062e-02 -9.499196e-04
      vertex   2.954202e-02  4.361062e-02 -9.499196e-04
      vertex   4.241702e-02  5.675062e-02 -9.499196e-04
    endloop
  endfacet
  facet normal  0.000000e+00  0.000000e+00  1.000000e+00
    outer loop
      vertex   4.241702e-02  5.675062e-02 -9.499196e-04
      vertex   2.954202e-02  4.361062e-02 -9.499196e-04
      vertex   4.591702e-02  4.361062e-02 -9.499196e-04
    endloop
  endfacet
  facet normal  0.000000e+00  0.000000e+00  1.000000e+00
    outer loop
      vertex   4.241702e-02  5.675062e-02 -9.499196e-04
      vertex   4.591702e-02  4.361062e-02 -9.499196e-04
      vertex   4.591702e-02  5.325062e-02 -9.499196e-04
    endloop
  endfacet
  facet normal  0.000000e+00  0.000000e+00  1.000000e+00
    outer loop
      vertex   2.241702e-02 -8.969379e-03 -9.499196e-04
      vertex   2.180702e-02 -8.805930e-03 -9.499196e-04
      vertex   1.880702e-02 -1.974938e-02 -9.499196e-04
    endloop
  endfacet
  facet normal  0.000000e+00  0.000000e+00  1.000000e+00
    outer loop
      vertex   1.880702e-02 -1.974938e-02 -9.499196e-04
      vertex   2.180702e-02 -8.805930e-03 -9.499196e-04
      vertex   1.880702e-02 -8.359379e-03 -9.499196e-04
    endloop
  endfacet
  facet normal  0.000000e+00 -0.000000e+00  1.000000e+00
    outer loop
      vertex   1.880702e-02 -1.974938e-02 -9.499196e-04
      vertex   1.880702e-02 -8.359379e-03 -9.499196e-04
      vertex   1.529202e-02 -1.974938e-02 -9.499196e-04
    endloop
  endfacet
  facet normal  0.000000e+00  0.000000e+00  1.000000e+00
    outer loop
      vertex   1.529202e-02 -1.974938e-02 -9.499196e-04
      vertex   1.880702e-02 -8.359379e-03 -9.499196e-04
      vertex   1.529202e-02 -8.359379e-03 -9.499196e-04
    endloop
  endfacet
  facet normal  0.000000e+00 -0.000000e+00  1.000000e+00
    outer loop
      vertex   1.529202e-02 -1.974938e-02 -9.499196e-04
      vertex   1.529202e-02 -8.359379e-03 -9.499196e-04
      vertex   8.792018e-03 -1.974938e-02 -9.499196e-04
    endloop
  endfacet
  facet normal  0.000000e+00  0.000000e+00  1.000000e+00
    outer loop
      vertex   8.792018e-03 -1.974938e-02 -9.499196e-04
      vertex   1.529202e-02 -8.359379e-03 -9.499196e-04
      vertex   8.792018e-03 -8.359379e-03 -9.499196e-04
    endloop
  endfacet
  facet normal  0.000000e+00 -0.000000e+00  1.000000e+00
    outer loop
      vertex   8.792018e-03 -1.974938e-02 -9.499196e-04
      vertex   8.792018e-03 -8.359379e-03 -9.499196e-04
      vertex  -2.672298e-02 -1.974938e-02 -9.499196e-04
    endloop
  endfacet
  facet normal  0.000000e+00  0.000000e+00  1.000000e+00
    outer loop
      vertex  -2.672298e-02 -1.974938e-02 -9.499196e-04
      vertex   8.792018e-03 -8.359379e-03 -9.499196e-04
      vertex  -2.672298e-02 -8.359379e-03 -9.499196e-04
    endloop
  endfacet
  facet normal  0.000000e+00 -0.000000e+00  1.000000e+00
    outer loop
      vertex  -2.672298e-02 -1.974938e-02 -9.499196e-04
      vertex  -2.672298e-02 -8.359379e-03 -9.499196e-04
      vertex  -3.452643e-02 -8.359379e-03 -9.499196e-04
    endloop
  endfacet
  facet normal  0.000000e+00  0.000000e+00  1.000000e+00
    outer loop
      vertex  -3.452643e-02 -8.359379e-03 -9.499196e-04
      vertex  -2.672298e-02 -8.359379e-03 -9.499196e-04
      vertex  -3.436298e-02 -7.749377e-03 -9.499196e-04
    endloop
  endfacet
  facet normal  0.000000e+00  0.000000e+00  1.000000e+00
    outer loop
      vertex  -3.794298e-02  3.139062e-02 -9.499196e-04
      vertex  -3.558298e-02  4.003062e-02 -9.499196e-04
      vertex  -3.619298e-02  4.019407e-02 -9.499196e-04
    endloop
  endfacet
  facet normal  0.000000e+00  0.000000e+00  1.000000e+00
    outer loop
      vertex  -3.619298e-02  4.019407e-02 -9.499196e-04
      vertex  -3.663953e-02  4.064062e-02 -9.499196e-04
      vertex  -3.794298e-02  3.139062e-02 -9.499196e-04
    endloop
  endfacet
  facet normal  0.000000e+00  0.000000e+00  1.000000e+00
    outer loop
      vertex  -3.794298e-02  3.139062e-02 -9.499196e-04
      vertex  -3.663953e-02  4.064062e-02 -9.499196e-04
      vertex  -3.680298e-02  4.125062e-02 -9.499196e-04
    endloop
  endfacet
  facet normal  0.000000e+00  0.000000e+00  1.000000e+00
    outer loop
      vertex  -3.794298e-02  3.139062e-02 -9.499196e-04
      vertex  -3.680298e-02  4.125062e-02 -9.499196e-04
      vertex  -3.794298e-02  4.361062e-02 -9.499196e-04
    endloop
  endfacet
  facet normal  0.000000e+00  0.000000e+00  1.000000e+00
    outer loop
      vertex  -3.794298e-02  4.361062e-02 -9.499196e-04
      vertex  -3.680298e-02  4.125062e-02 -9.499196e-04
      vertex  -3.663953e-02  4.186062e-02 -9.499196e-04
    endloop
  endfacet
  facet normal  0.000000e+00 -0.000000e+00  1.000000e+00
    outer loop
      vertex  -3.558298e-02 -6.529378e-03 -9.499196e-04
      vertex  -2.672298e-02  2.110622e-03 -9.499196e-04
      vertex  -3.794298e-02  2.110622e-03 -9.499196e-04
    endloop
  endfacet
  facet normal  0.000000e+00  0.000000e+00  1.000000e+00
    outer loop
      vertex  -3.794298e-02  2.110622e-03 -9.499196e-04
      vertex  -2.672298e-02  2.110622e-03 -9.499196e-04
      vertex  -2.672298e-02  1.312562e-02 -9.499196e-04
    endloop
  endfacet
  facet normal  0.000000e+00  0.000000e+00  1.000000e+00
    outer loop
      vertex  -3.794298e-02  2.110622e-03 -9.499196e-04
      vertex  -2.672298e-02  1.312562e-02 -9.499196e-04
      vertex  -3.794298e-02  1.312562e-02 -9.499196e-04
    endloop
  endfacet
  facet normal  0.000000e+00  0.000000e+00  1.000000e+00
    outer loop
      vertex  -3.794298e-02  1.312562e-02 -9.499196e-04
      vertex  -2.672298e-02  1.312562e-02 -9.499196e-04
      vertex  -2.672298e-02  2.037562e-02 -9.499196e-04
    endloop
  endfacet
  facet normal  0.000000e+00  0.000000e+00  1.000000e+00
    outer loop
      vertex  -3.794298e-02  1.312562e-02 -9.499196e-04
      vertex  -2.672298e-02  2.037562e-02 -9.499196e-04
      vertex  -3.794298e-02  2.037562e-02 -9.499196e-04
    endloop
  endfacet
  facet normal  0.000000e+00  0.000000e+00  1.000000e+00
    outer loop
      vertex  -3.794298e-02  2.037562e-02 -9.499196e-04
      vertex  -2.672298e-02  2.037562e-02 -9.499196e-04
      vertex  -2.672298e-02  3.139062e-02 -9.499196e-04
    endloop
  endfacet
  facet normal  0.000000e+00  0.000000e+00  1.000000e+00
    outer loop
      vertex  -3.794298e-02  2.037562e-02 -9.499196e-04
      vertex  -2.672298e-02  3.139062e-02 -9.499196e-04
      vertex  -3.794298e-02  3.139062e-02 -9.499196e-04
    endloop
  endfacet
  facet normal  0.000000e+00  0.000000e+00  1.000000e+00
    outer loop
      vertex  -3.794298e-02  3.139062e-02 -9.499196e-04
      vertex  -2.672298e-02  3.139062e-02 -9.499196e-04
      vertex  -3.497298e-02  4.019407e-02 -9.499196e-04
    endloop
  endfacet
  facet normal  0.000000e+00  0.000000e+00  1.000000e+00
    outer loop
      vertex  -3.794298e-02  3.139062e-02 -9.499196e-04
      vertex  -3.497298e-02  4.019407e-02 -9.499196e-04
      vertex  -3.558298e-02  4.003062e-02 -9.499196e-04
    endloop
  endfacet
  facet normal  0.000000e+00 -0.000000e+00  1.000000e+00
    outer loop
      vertex  -3.497298e-02  4.230717e-02 -9.499196e-04
      vertex  -2.672298e-02  4.361062e-02 -9.499196e-04
      vertex  -3.558298e-02  4.247062e-02 -9.499196e-04
    endloop
  endfacet
  facet normal  0.000000e+00 -0.000000e+00  1.000000e+00
    outer loop
      vertex  -3.558298e-02  4.247062e-02 -9.499196e-04
      vertex  -2.672298e-02  4.361062e-02 -9.499196e-04
      vertex  -3.794298e-02  4.361062e-02 -9.499196e-04
    endloop
  endfacet
  facet normal  0.000000e+00  0.000000e+00  1.000000e+00
    outer loop
      vertex  -3.558298e-02  4.247062e-02 -9.499196e-04
      vertex  -3.794298e-02  4.361062e-02 -9.499196e-04
      vertex  -3.619298e-02  4.230717e-02 -9.499196e-04
    endloop
  endfacet
  facet normal  0.000000e+00  0.000000e+00  1.000000e+00
    outer loop
      vertex  -3.619298e-02  4.230717e-02 -9.499196e-04
      vertex  -3.794298e-02  4.361062e-02 -9.499196e-04
      vertex  -3.663953e-02  4.186062e-02 -9.499196e-04
    endloop
  endfacet
  facet normal -0.000000e+00  0.000000e+00  1.000000e+00
    outer loop
      vertex  -3.497298e-02  4.230717e-02 -9.499196e-04
      vertex  -3.452643e-02  4.186062e-02 -9.499196e-04
      vertex  -2.672298e-02  4.361062e-02 -9.499196e-04
    endloop
  endfacet
  facet normal  0.000000e+00  0.000000e+00  1.000000e+00
    outer loop
      vertex  -2.672298e-02  4.361062e-02 -9.499196e-04
      vertex  -3.452643e-02  4.186062e-02 -9.499196e-04
      vertex  -3.436298e-02  4.125062e-02 -9.499196e-04
    endloop
  endfacet
  facet normal  0.000000e+00  0.000000e+00  1.000000e+00
    outer loop
      vertex  -2.672298e-02  4.361062e-02 -9.499196e-04
      vertex  -3.436298e-02  4.125062e-02 -9.499196e-04
      vertex  -2.672298e-02  3.139062e-02 -9.499196e-04
    endloop
  endfacet
  facet normal  0.000000e+00  0.000000e+00  1.000000e+00
    outer loop
      vertex  -2.672298e-02  3.139062e-02 -9.499196e-04
      vertex  -3.436298e-02  4.125062e-02 -9.499196e-04
      vertex  -3.452643e-02  4.064062e-02 -9.499196e-04
    endloop
  endfacet
  facet normal  0.000000e+00  0.000000e+00  1.000000e+00
    outer loop
      vertex  -2.672298e-02  3.139062e-02 -9.499196e-04
      vertex  -3.452643e-02  4.064062e-02 -9.499196e-04
      vertex  -3.497298e-02  4.019407e-02 -9.499196e-04
    endloop
  endfacet
  facet normal  0.000000e+00  0.000000e+00  1.000000e+00
    outer loop
      vertex  -3.908299e-02  5.325062e-02 -9.499196e-04
      vertex  -3.908299e-02  4.361062e-02 -9.499196e-04
      vertex  -3.794298e-02  4.361062e-02 -9.499196e-04
    endloop
  endfacet
  facet normal  0.000000e+00  0.000000e+00  1.000000e+00
    outer loop
      vertex  -3.794298e-02  4.361062e-02 -9.499196e-04
      vertex  -3.908299e-02  4.361062e-02 -9.499196e-04
      vertex  -3.908299e-02  3.139062e-02 -9.499196e-04
    endloop
  endfacet
  facet normal  0.000000e+00  0.000000e+00  1.000000e+00
    outer loop
      vertex  -3.794298e-02  4.361062e-02 -9.499196e-04
      vertex  -3.908299e-02  3.139062e-02 -9.499196e-04
      vertex  -3.794298e-02  3.139062e-02 -9.499196e-04
    endloop
  endfacet
  facet normal  0.000000e+00  0.000000e+00  1.000000e+00
    outer loop
      vertex  -3.794298e-02  3.139062e-02 -9.499196e-04
      vertex  -3.908299e-02  3.139062e-02 -9.499196e-04
      vertex  -3.908299e-02  2.037562e-02 -9.499196e-04
    endloop
  endfacet
  facet normal  0.000000e+00  0.000000e+00  1.000000e+00
    outer loop
      vertex  -3.794298e-02  3.139062e-02 -9.499196e-04
      vertex  -3.908299e-02  2.037562e-02 -9.499196e-04
      vertex  -3.794298e-02  2.037562e-02 -9.499196e-04
    endloop
  endfacet
  facet normal  0.000000e+00  0.000000e+00  1.000000e+00
    outer loop
      vertex  -3.794298e-02  2.037562e-02 -9.499196e-04
      vertex  -3.908299e-02  2.037562e-02 -9.499196e-04
      vertex  -3.908299e-02  1.312562e-02 -9.499196e-04
    endloop
  endfacet
  facet normal  0.000000e+00  0.000000e+00  1.000000e+00
    outer loop
      vertex  -3.794298e-02  2.037562e-02 -9.499196e-04
      vertex  -3.908299e-02  1.312562e-02 -9.499196e-04
      vertex  -3.794298e-02  1.312562e-02 -9.499196e-04
    endloop
  endfacet
  facet normal  0.000000e+00  0.000000e+00  1.000000e+00
    outer loop
      vertex  -3.794298e-02  1.312562e-02 -9.499196e-04
      vertex  -3.908299e-02  1.312562e-02 -9.499196e-04
      vertex  -3.908299e-02  2.110622e-03 -9.499196e-04
    endloop
  endfacet
  facet normal  0.000000e+00  0.000000e+00  1.000000e+00
    outer loop
      vertex  -3.794298e-02  1.312562e-02 -9.499196e-04
      vertex  -3.908299e-02  2.110622e-03 -9.499196e-04
      vertex  -3.794298e-02  2.110622e-03 -9.499196e-04
    endloop
  endfacet
  facet normal  0.000000e+00  0.000000e+00  1.000000e+00
    outer loop
      vertex  -3.794298e-02  2.110622e-03 -9.499196e-04
      vertex  -3.908299e-02  2.110622e-03 -9.499196e-04
      vertex  -3.908299e-02 -8.359379e-03 -9.499196e-04
    endloop
  endfacet
  facet normal  0.000000e+00  0.000000e+00  1.000000e+00
    outer loop
      vertex  -3.794298e-02  2.110622e-03 -9.499196e-04
      vertex  -3.908299e-02 -8.359379e-03 -9.499196e-04
      vertex  -3.794298e-02 -8.359379e-03 -9.499196e-04
    endloop
  endfacet
  facet normal  0.000000e+00  0.000000e+00  1.000000e+00
    outer loop
      vertex  -3.794298e-02 -8.359379e-03 -9.499196e-04
      vertex  -3.908299e-02 -8.359379e-03 -9.499196e-04
      vertex  -3.733298e-02 -1.928047e-02 -9.499196e-04
    endloop
  endfacet
  facet normal  0.000000e+00  0.000000e+00  1.000000e+00
    outer loop
      vertex  -3.794298e-02 -8.359379e-03 -9.499196e-04
      vertex  -3.733298e-02 -1.928047e-02 -9.499196e-04
      vertex  -3.619298e-02 -8.805930e-03 -9.499196e-04
    endloop
  endfacet
  facet normal  0.000000e+00  0.000000e+00  1.000000e+00
    outer loop
      vertex  -3.619298e-02 -8.805930e-03 -9.499196e-04
      vertex  -3.733298e-02 -1.928047e-02 -9.499196e-04
      vertex  -3.558298e-02 -8.969379e-03 -9.499196e-04
    endloop
  endfacet
  facet normal  0.000000e+00  0.000000e+00 -1.000000e+00
    outer loop
      vertex   8.792018e-03  2.037562e-02 -3.949920e-03
      vertex   8.792018e-03  3.139062e-02 -3.949920e-03
      vertex   1.529202e-02  3.139062e-02 -3.949920e-03
    endloop
  endfacet
  facet normal  0.000000e+00  0.000000e+00 -1.000000e+00
    outer loop
      vertex   1.354202e-02  1.783315e-02 -3.949920e-03
      vertex   1.291702e-02  1.800062e-02 -3.949920e-03
      vertex   1.529202e-02  2.037562e-02 -3.949920e-03
    endloop
  endfacet
  facet normal  0.000000e+00  0.000000e+00 -1.000000e+00
    outer loop
      vertex   2.687589e-02  1.273584e-02 -3.949920e-03
      vertex   2.954202e-02  1.312562e-02 -3.949920e-03
      vertex   2.954202e-02  2.110622e-03 -3.949920e-03
    endloop
  endfacet
  facet normal  0.000000e+00  0.000000e+00 -1.000000e+00
    outer loop
      vertex   4.241702e-02 -1.974938e-02 -3.949920e-03
      vertex   2.954202e-02 -1.974938e-02 -3.949920e-03
      vertex   2.954202e-02 -8.359379e-03 -3.949920e-03
    endloop
  endfacet
  facet normal  0.000000e+00  0.000000e+00 -1.000000e+00
    outer loop
      vertex  -3.908299e-02  5.325062e-02 -3.949920e-03
      vertex  -3.861407e-02  5.500062e-02 -3.949920e-03
      vertex  -3.733298e-02  5.628171e-02 -3.949920e-03
    endloop
  endfacet
  facet normal  0.000000e+00  0.000000e+00 -1.000000e+00
    outer loop
      vertex  -3.558298e-02  5.675062e-02 -3.949920e-03
      vertex  -2.672298e-02  5.675062e-02 -3.949920e-03
      vertex  -2.672298e-02  4.361062e-02 -3.949920e-03
    endloop
  endfacet
  facet normal  0.000000e+00  0.000000e+00 -1.000000e+00
    outer loop
      vertex   5.917018e-03  4.125062e-02 -3.949920e-03
      vertex   5.448107e-03  4.300062e-02 -3.949920e-03
      vertex   8.792018e-03  4.361062e-02 -3.949920e-03
    endloop
  endfacet
  facet normal  0.000000e+00  0.000000e+00 -1.000000e+00
    outer loop
      vertex  -3.794298e-02 -8.359379e-03 -3.949920e-03
      vertex  -3.663953e-02 -8.359379e-03 -3.949920e-03
      vertex  -3.733298e-02 -1.928047e-02 -3.949920e-03
    endloop
  endfacet
  facet normal  0.000000e+00  0.000000e+00 -1.000000e+00
    outer loop
      vertex  -3.733298e-02 -1.928047e-02 -3.949920e-03
      vertex  -3.663953e-02 -8.359379e-03 -3.949920e-03
      vertex  -3.619298e-02 -8.805930e-03 -3.949920e-03
    endloop
  endfacet
  facet normal  0.000000e+00  0.000000e+00 -1.000000e+00
    outer loop
      vertex  -3.733298e-02 -1.928047e-02 -3.949920e-03
      vertex  -3.619298e-02 -8.805930e-03 -3.949920e-03
      vertex  -3.558298e-02 -1.974938e-02 -3.949920e-03
    endloop
  endfacet
  facet normal  0.000000e+00  0.000000e+00 -1.000000e+00
    outer loop
      vertex  -3.558298e-02 -1.974938e-02 -3.949920e-03
      vertex  -3.619298e-02 -8.805930e-03 -3.949920e-03
      vertex  -3.558298e-02 -8.969379e-03 -3.949920e-03
    endloop
  endfacet
  facet normal  0.000000e+00  0.000000e+00 -1.000000e+00
    outer loop
      vertex  -3.558298e-02 -1.974938e-02 -3.949920e-03
      vertex  -3.558298e-02 -8.969379e-03 -3.949920e-03
      vertex  -2.672298e-02 -1.974938e-02 -3.949920e-03
    endloop
  endfacet
  facet normal  0.000000e+00  0.000000e+00 -1.000000e+00
    outer loop
      vertex  -2.672298e-02 -1.974938e-02 -3.949920e-03
      vertex  -3.558298e-02 -8.969379e-03 -3.949920e-03
      vertex  -3.497298e-02 -8.805930e-03 -3.949920e-03
    endloop
  endfacet
  facet normal  0.000000e+00  0.000000e+00 -1.000000e+00
    outer loop
      vertex  -2.672298e-02 -1.974938e-02 -3.949920e-03
      vertex  -3.497298e-02 -8.805930e-03 -3.949920e-03
      vertex  -2.672298e-02 -8.359379e-03 -3.949920e-03
    endloop
  endfacet
  facet normal  0.000000e+00  0.000000e+00 -1.000000e+00
    outer loop
      vertex  -3.497298e-02 -8.805930e-03 -3.949920e-03
      vertex  -3.452643e-02 -8.359379e-03 -3.949920e-03
      vertex  -2.672298e-02 -8.359379e-03 -3.949920e-03
    endloop
  endfacet
  facet normal  0.000000e+00  0.000000e+00 -1.000000e+00
    outer loop
      vertex  -2.672298e-02 -8.359379e-03 -3.949920e-03
      vertex  -3.452643e-02 -8.359379e-03 -3.949920e-03
      vertex  -3.436298e-02 -7.749377e-03 -3.949920e-03
    endloop
  endfacet
  facet normal  0.000000e+00  0.000000e+00 -1.000000e+00
    outer loop
      vertex  -2.672298e-02 -8.359379e-03 -3.949920e-03
      vertex  -3.436298e-02 -7.749377e-03 -3.949920e-03
      vertex  -2.672298e-02  2.110622e-03 -3.949920e-03
    endloop
  endfacet
  facet normal  0.000000e+00  0.000000e+00 -1.000000e+00
    outer loop
      vertex  -2.672298e-02  2.110622e-03 -3.949920e-03
      vertex  -3.436298e-02 -7.749377e-03 -3.949920e-03
      vertex  -3.452643e-02 -7.139378e-03 -3.949920e-03
    endloop
  endfacet
  facet normal  0.000000e+00  0.000000e+00 -1.000000e+00
    outer loop
      vertex  -3.497298e-02 -6.692827e-03 -3.949920e-03
      vertex  -3.558298e-02 -6.529378e-03 -3.949920e-03
      vertex  -3.794298e-02  2.110622e-03 -3.949920e-03
    endloop
  endfacet
  facet normal -0.000000e+00  0.000000e+00 -1.000000e+00
    outer loop
      vertex  -3.558298e-02 -6.529378e-03 -3.949920e-03
      vertex  -3.619298e-02 -6.692827e-03 -3.949920e-03
      vertex  -3.794298e-02  2.110622e-03 -3.949920e-03
    endloop
  endfacet
  facet normal  0.000000e+00  0.000000e+00 -1.000000e+00
    outer loop
      vertex  -3.794298e-02  2.110622e-03 -3.949920e-03
      vertex  -3.619298e-02 -6.692827e-03 -3.949920e-03
      vertex  -3.663953e-02 -7.139378e-03 -3.949920e-03
    endloop
  endfacet
  facet normal  0.000000e+00  0.000000e+00 -1.000000e+00
    outer loop
      vertex  -3.794298e-02  2.110622e-03 -3.949920e-03
      vertex  -3.663953e-02 -7.139378e-03 -3.949920e-03
      vertex  -3.794298e-02 -8.359379e-03 -3.949920e-03
    endloop
  endfacet
  facet normal  0.000000e+00  0.000000e+00 -1.000000e+00
    outer loop
      vertex  -3.794298e-02 -8.359379e-03 -3.949920e-03
      vertex  -3.663953e-02 -7.139378e-03 -3.949920e-03
      vertex  -3.680298e-02 -7.749377e-03 -3.949920e-03
    endloop
  endfacet
  facet normal  0.000000e+00  0.000000e+00 -1.000000e+00
    outer loop
      vertex  -3.794298e-02 -8.359379e-03 -3.949920e-03
      vertex  -3.680298e-02 -7.749377e-03 -3.949920e-03
      vertex  -3.663953e-02 -8.359379e-03 -3.949920e-03
    endloop
  endfacet
  facet normal  0.000000e+00  0.000000e+00 -1.000000e+00
    outer loop
      vertex   1.880702e-02 -8.359379e-03 -3.949920e-03
      vertex   2.136047e-02 -8.359379e-03 -3.949920e-03
      vertex   1.880702e-02 -1.974938e-02 -3.949920e-03
    endloop
  endfacet
  facet normal  0.000000e+00  0.000000e+00 -1.000000e+00
    outer loop
      vertex   1.880702e-02 -1.974938e-02 -3.949920e-03
      vertex   2.136047e-02 -8.359379e-03 -3.949920e-03
      vertex   2.180702e-02 -8.805930e-03 -3.949920e-03
    endloop
  endfacet
  facet normal  0.000000e+00  0.000000e+00 -1.000000e+00
    outer loop
      vertex   1.880702e-02 -1.974938e-02 -3.949920e-03
      vertex   2.180702e-02 -8.805930e-03 -3.949920e-03
      vertex   2.602702e-02 -1.974938e-02 -3.949920e-03
    endloop
  endfacet
  facet normal  0.000000e+00  0.000000e+00 -1.000000e+00
    outer loop
      vertex   2.180702e-02 -8.805930e-03 -3.949920e-03
      vertex   2.241702e-02 -8.969379e-03 -3.949920e-03
      vertex   2.602702e-02 -1.974938e-02 -3.949920e-03
    endloop
  endfacet
  facet normal  0.000000e+00  0.000000e+00 -1.000000e+00
    outer loop
      vertex   2.602702e-02 -1.974938e-02 -3.949920e-03
      vertex   2.241702e-02 -8.969379e-03 -3.949920e-03
      vertex   2.302702e-02 -8.805930e-03 -3.949920e-03
    endloop
  endfacet
  facet normal  0.000000e+00  0.000000e+00 -1.000000e+00
    outer loop
      vertex   2.602702e-02 -1.974938e-02 -3.949920e-03
      vertex   2.302702e-02 -8.805930e-03 -3.949920e-03
      vertex   2.602702e-02 -8.359379e-03 -3.949920e-03
    endloop
  endfacet
  facet normal  0.000000e+00  0.000000e+00 -1.000000e+00
    outer loop
      vertex   2.302702e-02 -6.692827e-03 -3.949920e-03
      vertex   2.241702e-02 -6.529378e-03 -3.949920e-03
      vertex   2.602702e-02  2.110622e-03 -3.949920e-03
    endloop
  endfacet
  facet normal -0.000000e+00  0.000000e+00 -1.000000e+00
    outer loop
      vertex   2.602702e-02  2.110622e-03 -3.949920e-03
      vertex   2.241702e-02 -6.529378e-03 -3.949920e-03
      vertex   1.880702e-02  2.110622e-03 -3.949920e-03
    endloop
  endfacet
  facet normal  0.000000e+00  0.000000e+00 -1.000000e+00
    outer loop
      vertex   2.302702e-02 -8.805930e-03 -3.949920e-03
      vertex   2.347357e-02 -8.359379e-03 -3.949920e-03
      vertex   2.602702e-02 -8.359379e-03 -3.949920e-03
    endloop
  endfacet
  facet normal  0.000000e+00  0.000000e+00 -1.000000e+00
    outer loop
      vertex   2.602702e-02 -8.359379e-03 -3.949920e-03
      vertex   2.347357e-02 -8.359379e-03 -3.949920e-03
      vertex   2.363702e-02 -7.749377e-03 -3.949920e-03
    endloop
  endfacet
  facet normal  0.000000e+00  0.000000e+00 -1.000000e+00
    outer loop
      vertex   2.602702e-02 -8.359379e-03 -3.949920e-03
      vertex   2.363702e-02 -7.749377e-03 -3.949920e-03
      vertex   2.602702e-02  2.110622e-03 -3.949920e-03
    endloop
  endfacet
  facet normal  0.000000e+00  0.000000e+00 -1.000000e+00
    outer loop
      vertex   2.602702e-02  2.110622e-03 -3.949920e-03
      vertex   2.363702e-02 -7.749377e-03 -3.949920e-03
      vertex   2.347357e-02 -7.139378e-03 -3.949920e-03
    endloop
  endfacet
  facet normal  0.000000e+00  0.000000e+00 -1.000000e+00
    outer loop
      vertex   2.602702e-02  2.110622e-03 -3.949920e-03
      vertex   2.347357e-02 -7.139378e-03 -3.949920e-03
      vertex   2.302702e-02 -6.692827e-03 -3.949920e-03
    endloop
  endfacet
  facet normal -0.000000e+00  0.000000e+00 -1.000000e+00
    outer loop
      vertex   2.241702e-02 -6.529378e-03 -3.949920e-03
      vertex   2.180702e-02 -6.692827e-03 -3.949920e-03
      vertex   1.880702e-02  2.110622e-03 -3.949920e-03
    endloop
  endfacet
  facet normal  0.000000e+00  0.000000e+00 -1.000000e+00
    outer loop
      vertex   1.880702e-02  2.110622e-03 -3.949920e-03
      vertex   2.180702e-02 -6.692827e-03 -3.949920e-03
      vertex   2.136047e-02 -7.139378e-03 -3.949920e-03
    endloop
  endfacet
  facet normal  0.000000e+00  0.000000e+00 -1.000000e+00
    outer loop
      vertex   1.880702e-02  2.110622e-03 -3.949920e-03
      vertex   2.136047e-02 -7.139378e-03 -3.949920e-03
      vertex   1.880702e-02 -8.359379e-03 -3.949920e-03
    endloop
  endfacet
  facet normal  0.000000e+00  0.000000e+00 -1.000000e+00
    outer loop
      vertex   1.880702e-02 -8.359379e-03 -3.949920e-03
      vertex   2.136047e-02 -7.139378e-03 -3.949920e-03
      vertex   2.119702e-02 -7.749377e-03 -3.949920e-03
    endloop
  endfacet
  facet normal  0.000000e+00  0.000000e+00 -1.000000e+00
    outer loop
      vertex   1.880702e-02 -8.359379e-03 -3.949920e-03
      vertex   2.119702e-02 -7.749377e-03 -3.949920e-03
      vertex   2.136047e-02 -8.359379e-03 -3.949920e-03
    endloop
  endfacet
  facet normal  0.000000e+00  0.000000e+00 -1.000000e+00
    outer loop
      vertex   5.917018e-03  4.125062e-02 -3.949920e-03
      vertex   8.792018e-03  4.361062e-02 -3.949920e-03
      vertex   5.917018e-03  3.139062e-02 -3.949920e-03
    endloop
  endfacet
  facet normal  0.000000e+00  0.000000e+00 -1.000000e+00
    outer loop
      vertex   2.417018e-03 -7.749377e-03 -3.949920e-03
      vertex   4.167018e-03 -7.280468e-03 -3.949920e-03
      vertex   8.792018e-03 -8.359379e-03 -3.949920e-03
    endloop
  endfacet
  facet normal  0.000000e+00  0.000000e+00 -1.000000e+00
    outer loop
      vertex  -2.672298e-02 -8.359379e-03 -3.949920e-03
      vertex  -1.861407e-02 -5.999377e-03 -3.949920e-03
      vertex  -1.733298e-02 -7.280468e-03 -3.949920e-03
    endloop
  endfacet
  facet normal -0.000000e+00 -0.000000e+00 -1.000000e+00
    outer loop
      vertex   2.417018e-03 -7.749377e-03 -3.949920e-03
      vertex   8.792018e-03 -8.359379e-03 -3.949920e-03
      vertex  -1.558298e-02 -7.749377e-03 -3.949920e-03
    endloop
  endfacet
  facet normal  0.000000e+00  0.000000e+00 -1.000000e+00
    outer loop
      vertex   5.917018e-03  3.139062e-02 -3.949920e-03
      vertex   8.792018e-03  3.139062e-02 -3.949920e-03
      vertex   5.917018e-03  2.037562e-02 -3.949920e-03
    endloop
  endfacet
  facet normal  0.000000e+00  0.000000e+00 -1.000000e+00
    outer loop
      vertex   5.917018e-03  2.037562e-02 -3.949920e-03
      vertex   8.792018e-03  3.139062e-02 -3.949920e-03
      vertex   8.792018e-03  2.037562e-02 -3.949920e-03
    endloop
  endfacet
  facet normal  0.000000e+00  0.000000e+00 -1.000000e+00
    outer loop
      vertex   5.917018e-03  2.037562e-02 -3.949920e-03
      vertex   8.792018e-03  2.037562e-02 -3.949920e-03
      vertex   5.917018e-03  1.312562e-02 -3.949920e-03
    endloop
  endfacet
  facet normal  0.000000e+00  0.000000e+00 -1.000000e+00
    outer loop
      vertex   5.917018e-03  1.312562e-02 -3.949920e-03
      vertex   8.792018e-03  2.037562e-02 -3.949920e-03
      vertex   8.792018e-03  1.312562e-02 -3.949920e-03
    endloop
  endfacet
  facet normal  0.000000e+00  0.000000e+00 -1.000000e+00
    outer loop
      vertex   5.917018e-03  1.312562e-02 -3.949920e-03
      vertex   8.792018e-03  1.312562e-02 -3.949920e-03
      vertex   5.917018e-03  2.110622e-03 -3.949920e-03
    endloop
  endfacet
  facet normal  0.000000e+00  0.000000e+00 -1.000000e+00
    outer loop
      vertex   5.917018e-03  2.110622e-03 -3.949920e-03
      vertex   8.792018e-03  1.312562e-02 -3.949920e-03
      vertex   8.792018e-03  2.110622e-03 -3.949920e-03
    endloop
  endfacet
  facet normal  0.000000e+00  0.000000e+00 -1.000000e+00
    outer loop
      vertex   5.917018e-03  2.110622e-03 -3.949920e-03
      vertex   8.792018e-03  2.110622e-03 -3.949920e-03
      vertex   5.917018e-03 -4.249378e-03 -3.949920e-03
    endloop
  endfacet
  facet normal  0.000000e+00  0.000000e+00 -1.000000e+00
    outer loop
      vertex   5.917018e-03 -4.249378e-03 -3.949920e-03
      vertex   8.792018e-03  2.110622e-03 -3.949920e-03
      vertex   8.792018e-03 -8.359379e-03 -3.949920e-03
    endloop
  endfacet
  facet normal  0.000000e+00 -0.000000e+00 -1.000000e+00
    outer loop
      vertex   5.917018e-03 -4.249378e-03 -3.949920e-03
      vertex   8.792018e-03 -8.359379e-03 -3.949920e-03
      vertex   5.448107e-03 -5.999377e-03 -3.949920e-03
    endloop
  endfacet
  facet normal  0.000000e+00 -0.000000e+00 -1.000000e+00
    outer loop
      vertex   5.448107e-03 -5.999377e-03 -3.949920e-03
      vertex   8.792018e-03 -8.359379e-03 -3.949920e-03
      vertex   4.167018e-03 -7.280468e-03 -3.949920e-03
    endloop
  endfacet
  facet normal  0.000000e+00  0.000000e+00 -1.000000e+00
    outer loop
      vertex  -2.672298e-02  4.361062e-02 -3.949920e-03
      vertex  -1.908298e-02  4.125062e-02 -3.949920e-03
      vertex  -2.672298e-02  3.139062e-02 -3.949920e-03
    endloop
  endfacet
  facet normal  0.000000e+00  0.000000e+00 -1.000000e+00
    outer loop
      vertex  -2.672298e-02  3.139062e-02 -3.949920e-03
      vertex  -1.908298e-02  4.125062e-02 -3.949920e-03
      vertex  -1.908298e-02  3.139062e-02 -3.949920e-03
    endloop
  endfacet
  facet normal  0.000000e+00  0.000000e+00 -1.000000e+00
    outer loop
      vertex  -2.672298e-02  3.139062e-02 -3.949920e-03
      vertex  -1.908298e-02  3.139062e-02 -3.949920e-03
      vertex  -2.672298e-02  2.037562e-02 -3.949920e-03
    endloop
  endfacet
  facet normal  0.000000e+00  0.000000e+00 -1.000000e+00
    outer loop
      vertex  -2.672298e-02  2.037562e-02 -3.949920e-03
      vertex  -1.908298e-02  3.139062e-02 -3.949920e-03
      vertex  -1.908298e-02  2.037562e-02 -3.949920e-03
    endloop
  endfacet
  facet normal  0.000000e+00  0.000000e+00 -1.000000e+00
    outer loop
      vertex  -2.672298e-02  2.037562e-02 -3.949920e-03
      vertex  -1.908298e-02  2.037562e-02 -3.949920e-03
      vertex  -2.672298e-02  1.312562e-02 -3.949920e-03
    endloop
  endfacet
  facet normal  0.000000e+00  0.000000e+00 -1.000000e+00
    outer loop
      vertex  -2.672298e-02  1.312562e-02 -3.949920e-03
      vertex  -1.908298e-02  2.037562e-02 -3.949920e-03
      vertex  -1.908298e-02  1.312562e-02 -3.949920e-03
    endloop
  endfacet
  facet normal  0.000000e+00  0.000000e+00 -1.000000e+00
    outer loop
      vertex  -2.672298e-02  1.312562e-02 -3.949920e-03
      vertex  -1.908298e-02  1.312562e-02 -3.949920e-03
      vertex  -2.672298e-02  2.110622e-03 -3.949920e-03
    endloop
  endfacet
  facet normal  0.000000e+00  0.000000e+00 -1.000000e+00
    outer loop
      vertex  -2.672298e-02  2.110622e-03 -3.949920e-03
      vertex  -1.908298e-02  1.312562e-02 -3.949920e-03
      vertex  -1.908298e-02  2.110622e-03 -3.949920e-03
    endloop
  endfacet
  facet normal  0.000000e+00  0.000000e+00 -1.000000e+00
    outer loop
      vertex  -2.672298e-02  2.110622e-03 -3.949920e-03
      vertex  -1.908298e-02  2.110622e-03 -3.949920e-03
      vertex  -2.672298e-02 -8.359379e-03 -3.949920e-03
    endloop
  endfacet
  facet normal  0.000000e+00  0.000000e+00 -1.000000e+00
    outer loop
      vertex  -2.672298e-02 -8.359379e-03 -3.949920e-03
      vertex  -1.908298e-02  2.110622e-03 -3.949920e-03
      vertex  -1.908298e-02 -4.249378e-03 -3.949920e-03
    endloop
  endfacet
  facet normal  0.000000e+00  0.000000e+00 -1.000000e+00
    outer loop
      vertex  -2.672298e-02 -8.359379e-03 -3.949920e-03
      vertex  -1.908298e-02 -4.249378e-03 -3.949920e-03
      vertex  -1.861407e-02 -5.999377e-03 -3.949920e-03
    endloop
  endfacet
  facet normal  0.000000e+00  0.000000e+00 -1.000000e+00
    outer loop
      vertex   8.792018e-03  5.675062e-02 -3.949920e-03
      vertex   4.167018e-03  4.428171e-02 -3.949920e-03
      vertex   2.417018e-03  4.475062e-02 -3.949920e-03
    endloop
  endfacet
  facet normal -0.000000e+00  0.000000e+00 -1.000000e+00
    outer loop
      vertex   8.792018e-03  5.675062e-02 -3.949920e-03
      vertex   2.417018e-03  4.475062e-02 -3.949920e-03
      vertex  -2.672298e-02  5.675062e-02 -3.949920e-03
    endloop
  endfacet
  facet normal  0.000000e+00  0.000000e+00 -1.000000e+00
    outer loop
      vertex   2.417018e-03  4.475062e-02 -3.949920e-03
      vertex  -1.558298e-02  4.475062e-02 -3.949920e-03
      vertex  -2.672298e-02  5.675062e-02 -3.949920e-03
    endloop
  endfacet
  facet normal  0.000000e+00  0.000000e+00 -1.000000e+00
    outer loop
      vertex  -2.672298e-02  5.675062e-02 -3.949920e-03
      vertex  -1.558298e-02  4.475062e-02 -3.949920e-03
      vertex  -1.733298e-02  4.428171e-02 -3.949920e-03
    endloop
  endfacet
  facet normal  0.000000e+00  0.000000e+00 -1.000000e+00
    outer loop
      vertex  -2.672298e-02  5.675062e-02 -3.949920e-03
      vertex  -1.733298e-02  4.428171e-02 -3.949920e-03
      vertex  -2.672298e-02  4.361062e-02 -3.949920e-03
    endloop
  endfacet
  facet normal  0.000000e+00  0.000000e+00 -1.000000e+00
    outer loop
      vertex  -2.672298e-02  4.361062e-02 -3.949920e-03
      vertex  -1.733298e-02  4.428171e-02 -3.949920e-03
      vertex  -1.861407e-02  4.300062e-02 -3.949920e-03
    endloop
  endfacet
  facet normal  0.000000e+00  0.000000e+00 -1.000000e+00
    outer loop
      vertex  -2.672298e-02  4.361062e-02 -3.949920e-03
      vertex  -1.861407e-02  4.300062e-02 -3.949920e-03
      vertex  -1.908298e-02  4.125062e-02 -3.949920e-03
    endloop
  endfacet
  facet normal  0.000000e+00  0.000000e+00 -1.000000e+00
    outer loop
      vertex   2.954202e-02  5.675062e-02 -3.949920e-03
      vertex   4.241702e-02  5.675062e-02 -3.949920e-03
      vertex   4.591702e-02  4.361062e-02 -3.949920e-03
    endloop
  endfacet
  facet normal -0.000000e+00 -0.000000e+00 -1.000000e+00
    outer loop
      vertex   4.416702e-02  5.628171e-02 -3.949920e-03
      vertex   4.544811e-02  5.500062e-02 -3.949920e-03
      vertex   4.241702e-02  5.675062e-02 -3.949920e-03
    endloop
  endfacet
  facet normal  0.000000e+00  0.000000e+00 -1.000000e+00
    outer loop
      vertex   4.241702e-02  5.675062e-02 -3.949920e-03
      vertex   4.544811e-02  5.500062e-02 -3.949920e-03
      vertex   4.591702e-02  5.325062e-02 -3.949920e-03
    endloop
  endfacet
  facet normal  0.000000e+00  0.000000e+00 -1.000000e+00
    outer loop
      vertex   4.241702e-02  5.675062e-02 -3.949920e-03
      vertex   4.591702e-02  5.325062e-02 -3.949920e-03
      vertex   4.591702e-02  4.361062e-02 -3.949920e-03
    endloop
  endfacet
  facet normal  0.000000e+00  0.000000e+00 -1.000000e+00
    outer loop
      vertex   2.602702e-02  2.110622e-03 -3.949920e-03
      vertex   2.241702e-02  1.075062e-02 -3.949920e-03
      vertex   2.485744e-02  1.126935e-02 -3.949920e-03
    endloop
  endfacet
  facet normal -0.000000e+00 -0.000000e+00 -1.000000e+00
    outer loop
      vertex   2.241702e-02  1.075062e-02 -3.949920e-03
      vertex   2.602702e-02  2.110622e-03 -3.949920e-03
      vertex   1.997660e-02  1.126935e-02 -3.949920e-03
    endloop
  endfacet
  facet normal  0.000000e+00 -0.000000e+00 -1.000000e+00
    outer loop
      vertex   1.997660e-02  1.126935e-02 -3.949920e-03
      vertex   2.602702e-02  2.110622e-03 -3.949920e-03
      vertex   1.880702e-02  2.110622e-03 -3.949920e-03
    endloop
  endfacet
  facet normal -0.000000e+00  0.000000e+00 -1.000000e+00
    outer loop
      vertex   1.997660e-02  1.126935e-02 -3.949920e-03
      vertex   1.880702e-02  2.110622e-03 -3.949920e-03
      vertex   1.795815e-02  1.273584e-02 -3.949920e-03
    endloop
  endfacet
  facet normal  0.000000e+00  0.000000e+00 -1.000000e+00
    outer loop
      vertex   1.889031e-02  2.160472e-02 -3.949920e-03
      vertex   1.722087e-02  1.975062e-02 -3.949920e-03
      vertex   1.529202e-02  2.037562e-02 -3.949920e-03
    endloop
  endfacet
  facet normal  0.000000e+00  0.000000e+00 -1.000000e+00
    outer loop
      vertex   1.529202e-02  2.037562e-02 -3.949920e-03
      vertex   1.722087e-02  1.975062e-02 -3.949920e-03
      vertex   1.644989e-02  1.737779e-02 -3.949920e-03
    endloop
  endfacet
  facet normal  0.000000e+00  0.000000e+00 -1.000000e+00
    outer loop
      vertex   1.529202e-02  2.037562e-02 -3.949920e-03
      vertex   1.644989e-02  1.737779e-02 -3.949920e-03
      vertex   1.529202e-02  1.312562e-02 -3.949920e-03
    endloop
  endfacet
  facet normal  0.000000e+00  0.000000e+00 -1.000000e+00
    outer loop
      vertex   2.687589e-02  1.273584e-02 -3.949920e-03
      vertex   2.812336e-02  1.489652e-02 -3.949920e-03
      vertex   2.954202e-02  1.312562e-02 -3.949920e-03
    endloop
  endfacet
  facet normal  0.000000e+00  0.000000e+00 -1.000000e+00
    outer loop
      vertex   2.954202e-02  1.312562e-02 -3.949920e-03
      vertex   2.812336e-02  1.489652e-02 -3.949920e-03
      vertex   2.838415e-02  1.737779e-02 -3.949920e-03
    endloop
  endfacet
  facet normal  0.000000e+00  0.000000e+00 -1.000000e+00
    outer loop
      vertex   2.954202e-02  1.312562e-02 -3.949920e-03
      vertex   2.838415e-02  1.737779e-02 -3.949920e-03
      vertex   2.954202e-02  2.037562e-02 -3.949920e-03
    endloop
  endfacet
  facet normal  0.000000e+00  0.000000e+00 -1.000000e+00
    outer loop
      vertex  -3.908299e-02  5.325062e-02 -3.949920e-03
      vertex  -3.733298e-02  5.628171e-02 -3.949920e-03
      vertex  -3.908299e-02  4.361062e-02 -3.949920e-03
    endloop
  endfacet
  facet normal  0.000000e+00  0.000000e+00 -1.000000e+00
    outer loop
      vertex  -3.908299e-02  4.361062e-02 -3.949920e-03
      vertex  -3.733298e-02  5.628171e-02 -3.949920e-03
      vertex  -3.794298e-02  4.361062e-02 -3.949920e-03
    endloop
  endfacet
  facet normal  0.000000e+00  0.000000e+00 -1.000000e+00
    outer loop
      vertex  -3.908299e-02  4.361062e-02 -3.949920e-03
      vertex  -3.794298e-02  4.361062e-02 -3.949920e-03
      vertex  -3.908299e-02  3.139062e-02 -3.949920e-03
    endloop
  endfacet
  facet normal  0.000000e+00  0.000000e+00 -1.000000e+00
    outer loop
      vertex  -3.908299e-02  3.139062e-02 -3.949920e-03
      vertex  -3.794298e-02  4.361062e-02 -3.949920e-03
      vertex  -3.794298e-02  3.139062e-02 -3.949920e-03
    endloop
  endfacet
  facet normal  0.000000e+00  0.000000e+00 -1.000000e+00
    outer loop
      vertex  -3.908299e-02  3.139062e-02 -3.949920e-03
      vertex  -3.794298e-02  3.139062e-02 -3.949920e-03
      vertex  -3.908299e-02  2.037562e-02 -3.949920e-03
    endloop
  endfacet
  facet normal  0.000000e+00  0.000000e+00 -1.000000e+00
    outer loop
      vertex  -3.908299e-02  2.037562e-02 -3.949920e-03
      vertex  -3.794298e-02  3.139062e-02 -3.949920e-03
      vertex  -3.794298e-02  2.037562e-02 -3.949920e-03
    endloop
  endfacet
  facet normal  0.000000e+00  0.000000e+00 -1.000000e+00
    outer loop
      vertex  -3.908299e-02  2.037562e-02 -3.949920e-03
      vertex  -3.794298e-02  2.037562e-02 -3.949920e-03
      vertex  -3.908299e-02  1.312562e-02 -3.949920e-03
    endloop
  endfacet
  facet normal  0.000000e+00  0.000000e+00 -1.000000e+00
    outer loop
      vertex  -3.908299e-02  1.312562e-02 -3.949920e-03
      vertex  -3.794298e-02  2.037562e-02 -3.949920e-03
      vertex  -3.794298e-02  1.312562e-02 -3.949920e-03
    endloop
  endfacet
  facet normal  0.000000e+00  0.000000e+00 -1.000000e+00
    outer loop
      vertex  -3.908299e-02  1.312562e-02 -3.949920e-03
      vertex  -3.794298e-02  1.312562e-02 -3.949920e-03
      vertex  -3.908299e-02  2.110622e-03 -3.949920e-03
    endloop
  endfacet
  facet normal  0.000000e+00  0.000000e+00 -1.000000e+00
    outer loop
      vertex  -3.908299e-02  2.110622e-03 -3.949920e-03
      vertex  -3.794298e-02  1.312562e-02 -3.949920e-03
      vertex  -3.794298e-02  2.110622e-03 -3.949920e-03
    endloop
  endfacet
  facet normal  0.000000e+00  0.000000e+00 -1.000000e+00
    outer loop
      vertex  -3.908299e-02  2.110622e-03 -3.949920e-03
      vertex  -3.794298e-02  2.110622e-03 -3.949920e-03
      vertex  -3.908299e-02 -8.359379e-03 -3.949920e-03
    endloop
  endfacet
  facet normal  0.000000e+00  0.000000e+00 -1.000000e+00
    outer loop
      vertex  -3.908299e-02 -8.359379e-03 -3.949920e-03
      vertex  -3.794298e-02  2.110622e-03 -3.949920e-03
      vertex  -3.794298e-02 -8.359379e-03 -3.949920e-03
    endloop
  endfacet
  facet normal  0.000000e+00  0.000000e+00 -1.000000e+00
    outer loop
      vertex  -3.908299e-02 -8.359379e-03 -3.949920e-03
      vertex  -3.794298e-02 -8.359379e-03 -3.949920e-03
      vertex  -3.908299e-02 -1.624938e-02 -3.949920e-03
    endloop
  endfacet
  facet normal  0.000000e+00  0.000000e+00 -1.000000e+00
    outer loop
      vertex  -3.908299e-02 -1.624938e-02 -3.949920e-03
      vertex  -3.794298e-02 -8.359379e-03 -3.949920e-03
      vertex  -3.733298e-02 -1.928047e-02 -3.949920e-03
    endloop
  endfacet
  facet normal  0.000000e+00  0.000000e+00 -1.000000e+00
    outer loop
      vertex  -3.908299e-02 -1.624938e-02 -3.949920e-03
      vertex  -3.733298e-02 -1.928047e-02 -3.949920e-03
      vertex  -3.861407e-02 -1.799938e-02 -3.949920e-03
    endloop
  endfacet
  facet normal  0.000000e+00  0.000000e+00 -1.000000e+00
    outer loop
      vertex  -3.794298e-02  4.361062e-02 -3.949920e-03
      vertex  -3.558298e-02  4.247062e-02 -3.949920e-03
      vertex  -3.619298e-02  4.230717e-02 -3.949920e-03
    endloop
  endfacet
  facet normal  0.000000e+00  0.000000e+00 -1.000000e+00
    outer loop
      vertex  -3.452643e-02  4.186062e-02 -3.949920e-03
      vertex  -3.497298e-02  4.230717e-02 -3.949920e-03
      vertex  -2.672298e-02  4.361062e-02 -3.949920e-03
    endloop
  endfacet
  facet normal  0.000000e+00 -0.000000e+00 -1.000000e+00
    outer loop
      vertex  -3.733298e-02  5.628171e-02 -3.949920e-03
      vertex  -3.558298e-02  5.675062e-02 -3.949920e-03
      vertex  -3.794298e-02  4.361062e-02 -3.949920e-03
    endloop
  endfacet
  facet normal  0.000000e+00  0.000000e+00 -1.000000e+00
    outer loop
      vertex  -3.794298e-02  4.361062e-02 -3.949920e-03
      vertex  -3.558298e-02  5.675062e-02 -3.949920e-03
      vertex  -2.672298e-02  4.361062e-02 -3.949920e-03
    endloop
  endfacet
  facet normal  0.000000e+00  0.000000e+00 -1.000000e+00
    outer loop
      vertex  -3.794298e-02  4.361062e-02 -3.949920e-03
      vertex  -2.672298e-02  4.361062e-02 -3.949920e-03
      vertex  -3.558298e-02  4.247062e-02 -3.949920e-03
    endloop
  endfacet
  facet normal  0.000000e+00  0.000000e+00 -1.000000e+00
    outer loop
      vertex  -3.558298e-02  4.247062e-02 -3.949920e-03
      vertex  -2.672298e-02  4.361062e-02 -3.949920e-03
      vertex  -3.497298e-02  4.230717e-02 -3.949920e-03
    endloop
  endfacet
  facet normal -0.000000e+00  0.000000e+00 -1.000000e+00
    outer loop
      vertex  -3.619298e-02  4.230717e-02 -3.949920e-03
      vertex  -3.663953e-02  4.186062e-02 -3.949920e-03
      vertex  -3.794298e-02  4.361062e-02 -3.949920e-03
    endloop
  endfacet
  facet normal  0.000000e+00  0.000000e+00 -1.000000e+00
    outer loop
      vertex  -3.794298e-02  4.361062e-02 -3.949920e-03
      vertex  -3.663953e-02  4.186062e-02 -3.949920e-03
      vertex  -3.680298e-02  4.125062e-02 -3.949920e-03
    endloop
  endfacet
  facet normal  0.000000e+00  0.000000e+00 -1.000000e+00
    outer loop
      vertex  -3.794298e-02  4.361062e-02 -3.949920e-03
      vertex  -3.680298e-02  4.125062e-02 -3.949920e-03
      vertex  -3.794298e-02  3.139062e-02 -3.949920e-03
    endloop
  endfacet
  facet normal  0.000000e+00  0.000000e+00 -1.000000e+00
    outer loop
      vertex  -3.794298e-02  3.139062e-02 -3.949920e-03
      vertex  -3.680298e-02  4.125062e-02 -3.949920e-03
      vertex  -3.663953e-02  4.064062e-02 -3.949920e-03
    endloop
  endfacet
  facet normal  0.000000e+00  0.000000e+00 -1.000000e+00
    outer loop
      vertex  -3.794298e-02  3.139062e-02 -3.949920e-03
      vertex  -3.663953e-02  4.064062e-02 -3.949920e-03
      vertex  -3.619298e-02  4.019407e-02 -3.949920e-03
    endloop
  endfacet
  facet normal  0.000000e+00  0.000000e+00 -1.000000e+00
    outer loop
      vertex  -3.558298e-02  4.003062e-02 -3.949920e-03
      vertex  -3.497298e-02  4.019407e-02 -3.949920e-03
      vertex  -2.672298e-02  3.139062e-02 -3.949920e-03
    endloop
  endfacet
  facet normal  0.000000e+00  0.000000e+00 -1.000000e+00
    outer loop
      vertex  -2.672298e-02  3.139062e-02 -3.949920e-03
      vertex  -3.497298e-02  4.019407e-02 -3.949920e-03
      vertex  -3.452643e-02  4.064062e-02 -3.949920e-03
    endloop
  endfacet
  facet normal  0.000000e+00  0.000000e+00 -1.000000e+00
    outer loop
      vertex  -2.672298e-02  3.139062e-02 -3.949920e-03
      vertex  -3.452643e-02  4.064062e-02 -3.949920e-03
      vertex  -2.672298e-02  4.361062e-02 -3.949920e-03
    endloop
  endfacet
  facet normal  0.000000e+00  0.000000e+00 -1.000000e+00
    outer loop
      vertex  -2.672298e-02  4.361062e-02 -3.949920e-03
      vertex  -3.452643e-02  4.064062e-02 -3.949920e-03
      vertex  -3.436298e-02  4.125062e-02 -3.949920e-03
    endloop
  endfacet
  facet normal  0.000000e+00  0.000000e+00 -1.000000e+00
    outer loop
      vertex  -2.672298e-02  4.361062e-02 -3.949920e-03
      vertex  -3.436298e-02  4.125062e-02 -3.949920e-03
      vertex  -3.452643e-02  4.186062e-02 -3.949920e-03
    endloop
  endfacet
  facet normal  0.000000e+00 -0.000000e+00 -1.000000e+00
    outer loop
      vertex  -3.619298e-02  4.019407e-02 -3.949920e-03
      vertex  -3.558298e-02  4.003062e-02 -3.949920e-03
      vertex  -3.794298e-02  3.139062e-02 -3.949920e-03
    endloop
  endfacet
  facet normal  0.000000e+00  0.000000e+00 -1.000000e+00
    outer loop
      vertex  -3.794298e-02  3.139062e-02 -3.949920e-03
      vertex  -3.558298e-02  4.003062e-02 -3.949920e-03
      vertex  -2.672298e-02  3.139062e-02 -3.949920e-03
    endloop
  endfacet
  facet normal  0.000000e+00  0.000000e+00 -1.000000e+00
    outer loop
      vertex  -3.794298e-02  3.139062e-02 -3.949920e-03
      vertex  -2.672298e-02  3.139062e-02 -3.949920e-03
      vertex  -3.794298e-02  2.037562e-02 -3.949920e-03
    endloop
  endfacet
  facet normal  0.000000e+00  0.000000e+00 -1.000000e+00
    outer loop
      vertex  -3.794298e-02  2.037562e-02 -3.949920e-03
      vertex  -2.672298e-02  3.139062e-02 -3.949920e-03
      vertex  -2.672298e-02  2.037562e-02 -3.949920e-03
    endloop
  endfacet
  facet normal  0.000000e+00  0.000000e+00 -1.000000e+00
    outer loop
      vertex  -3.794298e-02  2.037562e-02 -3.949920e-03
      vertex  -2.672298e-02  2.037562e-02 -3.949920e-03
      vertex  -3.794298e-02  1.312562e-02 -3.949920e-03
    endloop
  endfacet
  facet normal  0.000000e+00  0.000000e+00 -1.000000e+00
    outer loop
      vertex  -3.794298e-02  1.312562e-02 -3.949920e-03
      vertex  -2.672298e-02  2.037562e-02 -3.949920e-03
      vertex  -2.672298e-02  1.312562e-02 -3.949920e-03
    endloop
  endfacet
  facet normal  0.000000e+00  0.000000e+00 -1.000000e+00
    outer loop
      vertex  -3.794298e-02  1.312562e-02 -3.949920e-03
      vertex  -2.672298e-02  1.312562e-02 -3.949920e-03
      vertex  -3.794298e-02  2.110622e-03 -3.949920e-03
    endloop
  endfacet
  facet normal  0.000000e+00  0.000000e+00 -1.000000e+00
    outer loop
      vertex  -3.794298e-02  2.110622e-03 -3.949920e-03
      vertex  -2.672298e-02  1.312562e-02 -3.949920e-03
      vertex  -2.672298e-02  2.110622e-03 -3.949920e-03
    endloop
  endfacet
  facet normal  0.000000e+00  0.000000e+00 -1.000000e+00
    outer loop
      vertex  -3.794298e-02  2.110622e-03 -3.949920e-03
      vertex  -2.672298e-02  2.110622e-03 -3.949920e-03
      vertex  -3.497298e-02 -6.692827e-03 -3.949920e-03
    endloop
  endfacet
  facet normal  0.000000e+00  0.000000e+00 -1.000000e+00
    outer loop
      vertex  -3.497298e-02 -6.692827e-03 -3.949920e-03
      vertex  -2.672298e-02  2.110622e-03 -3.949920e-03
      vertex  -3.452643e-02 -7.139378e-03 -3.949920e-03
    endloop
  endfacet
  facet normal  0.000000e+00 -0.000000e+00 -1.000000e+00
    outer loop
      vertex  -1.733298e-02 -7.280468e-03 -3.949920e-03
      vertex  -1.558298e-02 -7.749377e-03 -3.949920e-03
      vertex  -2.672298e-02 -8.359379e-03 -3.949920e-03
    endloop
  endfacet
  facet normal  0.000000e+00  0.000000e+00 -1.000000e+00
    outer loop
      vertex  -2.672298e-02 -8.359379e-03 -3.949920e-03
      vertex  -1.558298e-02 -7.749377e-03 -3.949920e-03
      vertex   8.792018e-03 -8.359379e-03 -3.949920e-03
    endloop
  endfacet
  facet normal  0.000000e+00  0.000000e+00 -1.000000e+00
    outer loop
      vertex  -2.672298e-02 -8.359379e-03 -3.949920e-03
      vertex   8.792018e-03 -8.359379e-03 -3.949920e-03
      vertex  -2.672298e-02 -1.974938e-02 -3.949920e-03
    endloop
  endfacet
  facet normal  0.000000e+00  0.000000e+00 -1.000000e+00
    outer loop
      vertex  -2.672298e-02 -1.974938e-02 -3.949920e-03
      vertex   8.792018e-03 -8.359379e-03 -3.949920e-03
      vertex   8.792018e-03 -1.974938e-02 -3.949920e-03
    endloop
  endfacet
  facet normal -0.000000e+00  0.000000e+00 -1.000000e+00
    outer loop
      vertex   1.229202e-02  1.783315e-02 -3.949920e-03
      vertex   1.183449e-02  1.737562e-02 -3.949920e-03
      vertex   8.792018e-03  2.037562e-02 -3.949920e-03
    endloop
  endfacet
  facet normal  0.000000e+00  0.000000e+00 -1.000000e+00
    outer loop
      vertex   8.792018e-03  2.037562e-02 -3.949920e-03
      vertex   1.183449e-02  1.737562e-02 -3.949920e-03
      vertex   1.166702e-02  1.675062e-02 -3.949920e-03
    endloop
  endfacet
  facet normal  0.000000e+00  0.000000e+00 -1.000000e+00
    outer loop
      vertex   8.792018e-03  2.037562e-02 -3.949920e-03
      vertex   1.166702e-02  1.675062e-02 -3.949920e-03
      vertex   8.792018e-03  1.312562e-02 -3.949920e-03
    endloop
  endfacet
  facet normal  0.000000e+00  0.000000e+00 -1.000000e+00
    outer loop
      vertex   8.792018e-03  1.312562e-02 -3.949920e-03
      vertex   1.166702e-02  1.675062e-02 -3.949920e-03
      vertex   1.183449e-02  1.612562e-02 -3.949920e-03
    endloop
  endfacet
  facet normal  0.000000e+00  0.000000e+00 -1.000000e+00
    outer loop
      vertex   1.229202e-02  1.566809e-02 -3.949920e-03
      vertex   1.291702e-02  1.550062e-02 -3.949920e-03
      vertex   1.529202e-02  1.312562e-02 -3.949920e-03
    endloop
  endfacet
  facet normal  0.000000e+00  0.000000e+00 -1.000000e+00
    outer loop
      vertex   1.529202e-02  1.312562e-02 -3.949920e-03
      vertex   1.291702e-02  1.550062e-02 -3.949920e-03
      vertex   1.354202e-02  1.566809e-02 -3.949920e-03
    endloop
  endfacet
  facet normal  0.000000e+00 -0.000000e+00 -1.000000e+00
    outer loop
      vertex   1.183449e-02  1.612562e-02 -3.949920e-03
      vertex   1.229202e-02  1.566809e-02 -3.949920e-03
      vertex   8.792018e-03  1.312562e-02 -3.949920e-03
    endloop
  endfacet
  facet normal  0.000000e+00  0.000000e+00 -1.000000e+00
    outer loop
      vertex   8.792018e-03  1.312562e-02 -3.949920e-03
      vertex   1.229202e-02  1.566809e-02 -3.949920e-03
      vertex   1.529202e-02  1.312562e-02 -3.949920e-03
    endloop
  endfacet
  facet normal  0.000000e+00  0.000000e+00 -1.000000e+00
    outer loop
      vertex   8.792018e-03  1.312562e-02 -3.949920e-03
      vertex   1.529202e-02  1.312562e-02 -3.949920e-03
      vertex   8.792018e-03  2.110622e-03 -3.949920e-03
    endloop
  endfacet
  facet normal  0.000000e+00  0.000000e+00 -1.000000e+00
    outer loop
      vertex   8.792018e-03  2.110622e-03 -3.949920e-03
      vertex   1.529202e-02  1.312562e-02 -3.949920e-03
      vertex   1.529202e-02  2.110622e-03 -3.949920e-03
    endloop
  endfacet
  facet normal  0.000000e+00  0.000000e+00 -1.000000e+00
    outer loop
      vertex   8.792018e-03  2.110622e-03 -3.949920e-03
      vertex   1.529202e-02  2.110622e-03 -3.949920e-03
      vertex   8.792018e-03 -8.359379e-03 -3.949920e-03
    endloop
  endfacet
  facet normal  0.000000e+00  0.000000e+00 -1.000000e+00
    outer loop
      vertex   8.792018e-03 -8.359379e-03 -3.949920e-03
      vertex   1.529202e-02  2.110622e-03 -3.949920e-03
      vertex   1.529202e-02 -8.359379e-03 -3.949920e-03
    endloop
  endfacet
  facet normal  0.000000e+00  0.000000e+00 -1.000000e+00
    outer loop
      vertex   8.792018e-03 -8.359379e-03 -3.949920e-03
      vertex   1.529202e-02 -8.359379e-03 -3.949920e-03
      vertex   8.792018e-03 -1.974938e-02 -3.949920e-03
    endloop
  endfacet
  facet normal  0.000000e+00  0.000000e+00 -1.000000e+00
    outer loop
      vertex   8.792018e-03 -1.974938e-02 -3.949920e-03
      vertex   1.529202e-02 -8.359379e-03 -3.949920e-03
      vertex   1.529202e-02 -1.974938e-02 -3.949920e-03
    endloop
  endfacet
  facet normal  0.000000e+00  0.000000e+00 -1.000000e+00
    outer loop
      vertex   1.354202e-02  1.566809e-02 -3.949920e-03
      vertex   1.399955e-02  1.612562e-02 -3.949920e-03
      vertex   1.529202e-02  1.312562e-02 -3.949920e-03
    endloop
  endfacet
  facet normal  0.000000e+00  0.000000e+00 -1.000000e+00
    outer loop
      vertex   1.529202e-02  1.312562e-02 -3.949920e-03
      vertex   1.399955e-02  1.612562e-02 -3.949920e-03
      vertex   1.416702e-02  1.675062e-02 -3.949920e-03
    endloop
  endfacet
  facet normal  0.000000e+00  0.000000e+00 -1.000000e+00
    outer loop
      vertex   1.529202e-02  1.312562e-02 -3.949920e-03
      vertex   1.416702e-02  1.675062e-02 -3.949920e-03
      vertex   1.529202e-02  2.037562e-02 -3.949920e-03
    endloop
  endfacet
  facet normal  0.000000e+00  0.000000e+00 -1.000000e+00
    outer loop
      vertex   1.529202e-02  2.037562e-02 -3.949920e-03
      vertex   1.416702e-02  1.675062e-02 -3.949920e-03
      vertex   1.399955e-02  1.737562e-02 -3.949920e-03
    endloop
  endfacet
  facet normal  0.000000e+00  0.000000e+00 -1.000000e+00
    outer loop
      vertex   1.529202e-02  2.037562e-02 -3.949920e-03
      vertex   1.399955e-02  1.737562e-02 -3.949920e-03
      vertex   1.354202e-02  1.783315e-02 -3.949920e-03
    endloop
  endfacet
  facet normal  0.000000e+00  0.000000e+00 -1.000000e+00
    outer loop
      vertex   2.366449e-02  2.261951e-02 -3.949920e-03
      vertex   2.116955e-02  2.261951e-02 -3.949920e-03
      vertex   1.880702e-02  3.139062e-02 -3.949920e-03
    endloop
  endfacet
  facet normal  0.000000e+00  0.000000e+00 -1.000000e+00
    outer loop
      vertex   1.880702e-02  3.139062e-02 -3.949920e-03
      vertex   2.116955e-02  2.261951e-02 -3.949920e-03
      vertex   1.889031e-02  2.160472e-02 -3.949920e-03
    endloop
  endfacet
  facet normal -0.000000e+00 -0.000000e+00 -1.000000e+00
    outer loop
      vertex   1.880702e-02  3.139062e-02 -3.949920e-03
      vertex   1.889031e-02  2.160472e-02 -3.949920e-03
      vertex   1.529202e-02  3.139062e-02 -3.949920e-03
    endloop
  endfacet
  facet normal  0.000000e+00  0.000000e+00 -1.000000e+00
    outer loop
      vertex   1.529202e-02  3.139062e-02 -3.949920e-03
      vertex   1.889031e-02  2.160472e-02 -3.949920e-03
      vertex   1.529202e-02  2.037562e-02 -3.949920e-03
    endloop
  endfacet
  facet normal  0.000000e+00 -0.000000e+00 -1.000000e+00
    outer loop
      vertex   1.529202e-02  3.139062e-02 -3.949920e-03
      vertex   1.529202e-02  2.037562e-02 -3.949920e-03
      vertex   8.792018e-03  2.037562e-02 -3.949920e-03
    endloop
  endfacet
  facet normal  0.000000e+00  0.000000e+00 -1.000000e+00
    outer loop
      vertex   8.792018e-03  2.037562e-02 -3.949920e-03
      vertex   1.529202e-02  2.037562e-02 -3.949920e-03
      vertex   1.291702e-02  1.800062e-02 -3.949920e-03
    endloop
  endfacet
  facet normal  0.000000e+00  0.000000e+00 -1.000000e+00
    outer loop
      vertex   8.792018e-03  2.037562e-02 -3.949920e-03
      vertex   1.291702e-02  1.800062e-02 -3.949920e-03
      vertex   1.229202e-02  1.783315e-02 -3.949920e-03
    endloop
  endfacet
  facet normal  0.000000e+00 -0.000000e+00 -1.000000e+00
    outer loop
      vertex   1.644989e-02  1.737779e-02 -3.949920e-03
      vertex   1.671068e-02  1.489652e-02 -3.949920e-03
      vertex   1.529202e-02  1.312562e-02 -3.949920e-03
    endloop
  endfacet
  facet normal  0.000000e+00  0.000000e+00 -1.000000e+00
    outer loop
      vertex   1.529202e-02  1.312562e-02 -3.949920e-03
      vertex   1.671068e-02  1.489652e-02 -3.949920e-03
      vertex   1.795815e-02  1.273584e-02 -3.949920e-03
    endloop
  endfacet
  facet normal  0.000000e+00  0.000000e+00 -1.000000e+00
    outer loop
      vertex   1.529202e-02  1.312562e-02 -3.949920e-03
      vertex   1.795815e-02  1.273584e-02 -3.949920e-03
      vertex   1.529202e-02  2.110622e-03 -3.949920e-03
    endloop
  endfacet
  facet normal  0.000000e+00  0.000000e+00 -1.000000e+00
    outer loop
      vertex   1.529202e-02  2.110622e-03 -3.949920e-03
      vertex   1.795815e-02  1.273584e-02 -3.949920e-03
      vertex   1.880702e-02  2.110622e-03 -3.949920e-03
    endloop
  endfacet
  facet normal  0.000000e+00  0.000000e+00 -1.000000e+00
    outer loop
      vertex   1.529202e-02  2.110622e-03 -3.949920e-03
      vertex   1.880702e-02  2.110622e-03 -3.949920e-03
      vertex   1.529202e-02 -8.359379e-03 -3.949920e-03
    endloop
  endfacet
  facet normal  0.000000e+00  0.000000e+00 -1.000000e+00
    outer loop
      vertex   1.529202e-02 -8.359379e-03 -3.949920e-03
      vertex   1.880702e-02  2.110622e-03 -3.949920e-03
      vertex   1.880702e-02 -8.359379e-03 -3.949920e-03
    endloop
  endfacet
  facet normal  0.000000e+00  0.000000e+00 -1.000000e+00
    outer loop
      vertex   1.529202e-02 -8.359379e-03 -3.949920e-03
      vertex   1.880702e-02 -8.359379e-03 -3.949920e-03
      vertex   1.529202e-02 -1.974938e-02 -3.949920e-03
    endloop
  endfacet
  facet normal  0.000000e+00  0.000000e+00 -1.000000e+00
    outer loop
      vertex   1.529202e-02 -1.974938e-02 -3.949920e-03
      vertex   1.880702e-02 -8.359379e-03 -3.949920e-03
      vertex   1.880702e-02 -1.974938e-02 -3.949920e-03
    endloop
  endfacet
  facet normal -0.000000e+00  0.000000e+00 -1.000000e+00
    outer loop
      vertex   2.136047e-02  4.186062e-02 -3.949920e-03
      vertex   2.119702e-02  4.125062e-02 -3.949920e-03
      vertex   1.880702e-02  4.361062e-02 -3.949920e-03
    endloop
  endfacet
  facet normal  0.000000e+00 -0.000000e+00 -1.000000e+00
    outer loop
      vertex   2.136047e-02  4.064062e-02 -3.949920e-03
      vertex   2.180702e-02  4.019407e-02 -3.949920e-03
      vertex   1.880702e-02  3.139062e-02 -3.949920e-03
    endloop
  endfacet
  facet normal  0.000000e+00  0.000000e+00 -1.000000e+00
    outer loop
      vertex   2.347357e-02  4.186062e-02 -3.949920e-03
      vertex   2.302702e-02  4.230717e-02 -3.949920e-03
      vertex   2.602702e-02  4.361062e-02 -3.949920e-03
    endloop
  endfacet
  facet normal  0.000000e+00  0.000000e+00 -1.000000e+00
    outer loop
      vertex   2.602702e-02  4.361062e-02 -3.949920e-03
      vertex   2.302702e-02  4.230717e-02 -3.949920e-03
      vertex   2.241702e-02  4.247062e-02 -3.949920e-03
    endloop
  endfacet
  facet normal -0.000000e+00  0.000000e+00 -1.000000e+00
    outer loop
      vertex   2.602702e-02  4.361062e-02 -3.949920e-03
      vertex   2.241702e-02  4.247062e-02 -3.949920e-03
      vertex   1.880702e-02  4.361062e-02 -3.949920e-03
    endloop
  endfacet
  facet normal  0.000000e+00  0.000000e+00 -1.000000e+00
    outer loop
      vertex   1.880702e-02  4.361062e-02 -3.949920e-03
      vertex   2.241702e-02  4.247062e-02 -3.949920e-03
      vertex   2.180702e-02  4.230717e-02 -3.949920e-03
    endloop
  endfacet
  facet normal  0.000000e+00  0.000000e+00 -1.000000e+00
    outer loop
      vertex   1.880702e-02  4.361062e-02 -3.949920e-03
      vertex   2.180702e-02  4.230717e-02 -3.949920e-03
      vertex   2.136047e-02  4.186062e-02 -3.949920e-03
    endloop
  endfacet
  facet normal  0.000000e+00  0.000000e+00 -1.000000e+00
    outer loop
      vertex   5.917018e-03  3.139062e-02 -3.949920e-03
      vertex   8.792018e-03  4.361062e-02 -3.949920e-03
      vertex   8.792018e-03  3.139062e-02 -3.949920e-03
    endloop
  endfacet
  facet normal  0.000000e+00  0.000000e+00 -1.000000e+00
    outer loop
      vertex   8.792018e-03  3.139062e-02 -3.949920e-03
      vertex   8.792018e-03  4.361062e-02 -3.949920e-03
      vertex   1.529202e-02  4.361062e-02 -3.949920e-03
    endloop
  endfacet
  facet normal  0.000000e+00  0.000000e+00 -1.000000e+00
    outer loop
      vertex   8.792018e-03  3.139062e-02 -3.949920e-03
      vertex   1.529202e-02  4.361062e-02 -3.949920e-03
      vertex   1.529202e-02  3.139062e-02 -3.949920e-03
    endloop
  endfacet
  facet normal  0.000000e+00  0.000000e+00 -1.000000e+00
    outer loop
      vertex   1.529202e-02  3.139062e-02 -3.949920e-03
      vertex   1.529202e-02  4.361062e-02 -3.949920e-03
      vertex   1.880702e-02  4.361062e-02 -3.949920e-03
    endloop
  endfacet
  facet normal  0.000000e+00  0.000000e+00 -1.000000e+00
    outer loop
      vertex   1.529202e-02  3.139062e-02 -3.949920e-03
      vertex   1.880702e-02  4.361062e-02 -3.949920e-03
      vertex   1.880702e-02  3.139062e-02 -3.949920e-03
    endloop
  endfacet
  facet normal  0.000000e+00  0.000000e+00 -1.000000e+00
    outer loop
      vertex   1.880702e-02  3.139062e-02 -3.949920e-03
      vertex   1.880702e-02  4.361062e-02 -3.949920e-03
      vertex   2.119702e-02  4.125062e-02 -3.949920e-03
    endloop
  endfacet
  facet normal  0.000000e+00  0.000000e+00 -1.000000e+00
    outer loop
      vertex   1.880702e-02  3.139062e-02 -3.949920e-03
      vertex   2.119702e-02  4.125062e-02 -3.949920e-03
      vertex   2.136047e-02  4.064062e-02 -3.949920e-03
    endloop
  endfacet
  facet normal  0.000000e+00 -0.000000e+00 -1.000000e+00
    outer loop
      vertex   2.180702e-02  4.019407e-02 -3.949920e-03
      vertex   2.241702e-02  4.003062e-02 -3.949920e-03
      vertex   1.880702e-02  3.139062e-02 -3.949920e-03
    endloop
  endfacet
  facet normal  0.000000e+00  0.000000e+00 -1.000000e+00
    outer loop
      vertex   1.880702e-02  3.139062e-02 -3.949920e-03
      vertex   2.241702e-02  4.003062e-02 -3.949920e-03
      vertex   2.602702e-02  3.139062e-02 -3.949920e-03
    endloop
  endfacet
  facet normal  0.000000e+00  0.000000e+00 -1.000000e+00
    outer loop
      vertex   1.880702e-02  3.139062e-02 -3.949920e-03
      vertex   2.602702e-02  3.139062e-02 -3.949920e-03
      vertex   2.366449e-02  2.261951e-02 -3.949920e-03
    endloop
  endfacet
  facet normal  0.000000e+00  0.000000e+00 -1.000000e+00
    outer loop
      vertex   2.366449e-02  2.261951e-02 -3.949920e-03
      vertex   2.602702e-02  3.139062e-02 -3.949920e-03
      vertex   2.594373e-02  2.160472e-02 -3.949920e-03
    endloop
  endfacet
  facet normal  0.000000e+00  0.000000e+00 -1.000000e+00
    outer loop
      vertex   2.241702e-02  4.003062e-02 -3.949920e-03
      vertex   2.302702e-02  4.019407e-02 -3.949920e-03
      vertex   2.602702e-02  3.139062e-02 -3.949920e-03
    endloop
  endfacet
  facet normal  0.000000e+00  0.000000e+00 -1.000000e+00
    outer loop
      vertex   2.602702e-02  3.139062e-02 -3.949920e-03
      vertex   2.302702e-02  4.019407e-02 -3.949920e-03
      vertex   2.347357e-02  4.064062e-02 -3.949920e-03
    endloop
  endfacet
  facet normal  0.000000e+00  0.000000e+00 -1.000000e+00
    outer loop
      vertex   2.602702e-02  3.139062e-02 -3.949920e-03
      vertex   2.347357e-02  4.064062e-02 -3.949920e-03
      vertex   2.602702e-02  4.361062e-02 -3.949920e-03
    endloop
  endfacet
  facet normal  0.000000e+00  0.000000e+00 -1.000000e+00
    outer loop
      vertex   2.602702e-02  4.361062e-02 -3.949920e-03
      vertex   2.347357e-02  4.064062e-02 -3.949920e-03
      vertex   2.363702e-02  4.125062e-02 -3.949920e-03
    endloop
  endfacet
  facet normal  0.000000e+00  0.000000e+00 -1.000000e+00
    outer loop
      vertex   2.602702e-02  4.361062e-02 -3.949920e-03
      vertex   2.363702e-02  4.125062e-02 -3.949920e-03
      vertex   2.347357e-02  4.186062e-02 -3.949920e-03
    endloop
  endfacet
  facet normal  0.000000e+00  0.000000e+00 -1.000000e+00
    outer loop
      vertex   2.485744e-02  1.126935e-02 -3.949920e-03
      vertex   2.687589e-02  1.273584e-02 -3.949920e-03
      vertex   2.602702e-02  2.110622e-03 -3.949920e-03
    endloop
  endfacet
  facet normal  0.000000e+00  0.000000e+00 -1.000000e+00
    outer loop
      vertex   2.602702e-02  2.110622e-03 -3.949920e-03
      vertex   2.687589e-02  1.273584e-02 -3.949920e-03
      vertex   2.954202e-02  2.110622e-03 -3.949920e-03
    endloop
  endfacet
  facet normal  0.000000e+00  0.000000e+00 -1.000000e+00
    outer loop
      vertex   2.602702e-02  2.110622e-03 -3.949920e-03
      vertex   2.954202e-02  2.110622e-03 -3.949920e-03
      vertex   2.602702e-02 -8.359379e-03 -3.949920e-03
    endloop
  endfacet
  facet normal  0.000000e+00  0.000000e+00 -1.000000e+00
    outer loop
      vertex   2.602702e-02 -8.359379e-03 -3.949920e-03
      vertex   2.954202e-02  2.110622e-03 -3.949920e-03
      vertex   2.954202e-02 -8.359379e-03 -3.949920e-03
    endloop
  endfacet
  facet normal  0.000000e+00  0.000000e+00 -1.000000e+00
    outer loop
      vertex   2.602702e-02 -8.359379e-03 -3.949920e-03
      vertex   2.954202e-02 -8.359379e-03 -3.949920e-03
      vertex   2.602702e-02 -1.974938e-02 -3.949920e-03
    endloop
  endfacet
  facet normal  0.000000e+00  0.000000e+00 -1.000000e+00
    outer loop
      vertex   2.602702e-02 -1.974938e-02 -3.949920e-03
      vertex   2.954202e-02 -8.359379e-03 -3.949920e-03
      vertex   2.954202e-02 -1.974938e-02 -3.949920e-03
    endloop
  endfacet
  facet normal  0.000000e+00  0.000000e+00 -1.000000e+00
    outer loop
      vertex   2.602702e-02  4.361062e-02 -3.949920e-03
      vertex   2.954202e-02  4.361062e-02 -3.949920e-03
      vertex   2.602702e-02  3.139062e-02 -3.949920e-03
    endloop
  endfacet
  facet normal  0.000000e+00  0.000000e+00 -1.000000e+00
    outer loop
      vertex   2.602702e-02  3.139062e-02 -3.949920e-03
      vertex   2.954202e-02  4.361062e-02 -3.949920e-03
      vertex   2.954202e-02  3.139062e-02 -3.949920e-03
    endloop
  endfacet
  facet normal  0.000000e+00 -0.000000e+00 -1.000000e+00
    outer loop
      vertex   2.602702e-02  3.139062e-02 -3.949920e-03
      vertex   2.954202e-02  3.139062e-02 -3.949920e-03
      vertex   2.594373e-02  2.160472e-02 -3.949920e-03
    endloop
  endfacet
  facet normal  0.000000e+00  0.000000e+00 -1.000000e+00
    outer loop
      vertex   2.594373e-02  2.160472e-02 -3.949920e-03
      vertex   2.954202e-02  3.139062e-02 -3.949920e-03
      vertex   2.954202e-02  2.037562e-02 -3.949920e-03
    endloop
  endfacet
  facet normal  0.000000e+00  0.000000e+00 -1.000000e+00
    outer loop
      vertex   2.594373e-02  2.160472e-02 -3.949920e-03
      vertex   2.954202e-02  2.037562e-02 -3.949920e-03
      vertex   2.761317e-02  1.975062e-02 -3.949920e-03
    endloop
  endfacet
  facet normal  0.000000e+00  0.000000e+00 -1.000000e+00
    outer loop
      vertex   2.761317e-02  1.975062e-02 -3.949920e-03
      vertex   2.954202e-02  2.037562e-02 -3.949920e-03
      vertex   2.838415e-02  1.737779e-02 -3.949920e-03
    endloop
  endfacet
  facet normal  0.000000e+00  0.000000e+00 -1.000000e+00
    outer loop
      vertex   3.254202e-02  1.783315e-02 -3.949920e-03
      vertex   3.191702e-02  1.800062e-02 -3.949920e-03
      vertex   2.954202e-02  2.037562e-02 -3.949920e-03
    endloop
  endfacet
  facet normal  0.000000e+00  0.000000e+00 -1.000000e+00
    outer loop
      vertex   2.954202e-02  2.037562e-02 -3.949920e-03
      vertex   3.191702e-02  1.800062e-02 -3.949920e-03
      vertex   3.129202e-02  1.783315e-02 -3.949920e-03
    endloop
  endfacet
  facet normal -0.000000e+00  0.000000e+00 -1.000000e+00
    outer loop
      vertex   3.129202e-02  1.783315e-02 -3.949920e-03
      vertex   3.083449e-02  1.737562e-02 -3.949920e-03
      vertex   2.954202e-02  2.037562e-02 -3.949920e-03
    endloop
  endfacet
  facet normal  0.000000e+00  0.000000e+00 -1.000000e+00
    outer loop
      vertex   2.954202e-02  2.037562e-02 -3.949920e-03
      vertex   3.083449e-02  1.737562e-02 -3.949920e-03
      vertex   3.066702e-02  1.675062e-02 -3.949920e-03
    endloop
  endfacet
  facet normal  0.000000e+00  0.000000e+00 -1.000000e+00
    outer loop
      vertex   2.954202e-02  2.037562e-02 -3.949920e-03
      vertex   3.066702e-02  1.675062e-02 -3.949920e-03
      vertex   2.954202e-02  1.312562e-02 -3.949920e-03
    endloop
  endfacet
  facet normal  0.000000e+00  0.000000e+00 -1.000000e+00
    outer loop
      vertex   2.954202e-02  1.312562e-02 -3.949920e-03
      vertex   3.066702e-02  1.675062e-02 -3.949920e-03
      vertex   3.083449e-02  1.612562e-02 -3.949920e-03
    endloop
  endfacet
  facet normal  0.000000e+00  0.000000e+00 -1.000000e+00
    outer loop
      vertex   2.954202e-02  1.312562e-02 -3.949920e-03
      vertex   3.083449e-02  1.612562e-02 -3.949920e-03
      vertex   3.129202e-02  1.566809e-02 -3.949920e-03
    endloop
  endfacet
  facet normal  0.000000e+00 -0.000000e+00 -1.000000e+00
    outer loop
      vertex   3.129202e-02  1.566809e-02 -3.949920e-03
      vertex   3.191702e-02  1.550062e-02 -3.949920e-03
      vertex   2.954202e-02  1.312562e-02 -3.949920e-03
    endloop
  endfacet
  facet normal  0.000000e+00  0.000000e+00 -1.000000e+00
    outer loop
      vertex   2.954202e-02  1.312562e-02 -3.949920e-03
      vertex   3.191702e-02  1.550062e-02 -3.949920e-03
      vertex   4.591702e-02  1.312562e-02 -3.949920e-03
    endloop
  endfacet
  facet normal  0.000000e+00  0.000000e+00 -1.000000e+00
    outer loop
      vertex   2.954202e-02  1.312562e-02 -3.949920e-03
      vertex   4.591702e-02  1.312562e-02 -3.949920e-03
      vertex   2.954202e-02  2.110622e-03 -3.949920e-03
    endloop
  endfacet
  facet normal  0.000000e+00  0.000000e+00 -1.000000e+00
    outer loop
      vertex   2.954202e-02  2.110622e-03 -3.949920e-03
      vertex   4.591702e-02  1.312562e-02 -3.949920e-03
      vertex   4.591702e-02  2.110622e-03 -3.949920e-03
    endloop
  endfacet
  facet normal  0.000000e+00  0.000000e+00 -1.000000e+00
    outer loop
      vertex   2.954202e-02  2.110622e-03 -3.949920e-03
      vertex   4.591702e-02  2.110622e-03 -3.949920e-03
      vertex   2.954202e-02 -8.359379e-03 -3.949920e-03
    endloop
  endfacet
  facet normal  0.000000e+00  0.000000e+00 -1.000000e+00
    outer loop
      vertex   2.954202e-02 -8.359379e-03 -3.949920e-03
      vertex   4.591702e-02  2.110622e-03 -3.949920e-03
      vertex   4.591702e-02 -8.359379e-03 -3.949920e-03
    endloop
  endfacet
  facet normal  0.000000e+00  0.000000e+00 -1.000000e+00
    outer loop
      vertex   2.954202e-02 -8.359379e-03 -3.949920e-03
      vertex   4.591702e-02 -8.359379e-03 -3.949920e-03
      vertex   4.241702e-02 -1.974938e-02 -3.949920e-03
    endloop
  endfacet
  facet normal  0.000000e+00  0.000000e+00 -1.000000e+00
    outer loop
      vertex   4.241702e-02 -1.974938e-02 -3.949920e-03
      vertex   4.591702e-02 -8.359379e-03 -3.949920e-03
      vertex   4.591702e-02 -1.624938e-02 -3.949920e-03
    endloop
  endfacet
  facet normal  0.000000e+00  0.000000e+00 -1.000000e+00
    outer loop
      vertex   4.241702e-02 -1.974938e-02 -3.949920e-03
      vertex   4.591702e-02 -1.624938e-02 -3.949920e-03
      vertex   4.416702e-02 -1.928047e-02 -3.949920e-03
    endloop
  endfacet
  facet normal  0.000000e+00  0.000000e+00 -1.000000e+00
    outer loop
      vertex   4.416702e-02 -1.928047e-02 -3.949920e-03
      vertex   4.591702e-02 -1.624938e-02 -3.949920e-03
      vertex   4.544811e-02 -1.799938e-02 -3.949920e-03
    endloop
  endfacet
  facet normal  0.000000e+00  0.000000e+00 -1.000000e+00
    outer loop
      vertex   3.191702e-02  1.550062e-02 -3.949920e-03
      vertex   3.254202e-02  1.566809e-02 -3.949920e-03
      vertex   4.591702e-02  1.312562e-02 -3.949920e-03
    endloop
  endfacet
  facet normal  0.000000e+00  0.000000e+00 -1.000000e+00
    outer loop
      vertex   4.591702e-02  1.312562e-02 -3.949920e-03
      vertex   3.254202e-02  1.566809e-02 -3.949920e-03
      vertex   3.299955e-02  1.612562e-02 -3.949920e-03
    endloop
  endfacet
  facet normal  0.000000e+00  0.000000e+00 -1.000000e+00
    outer loop
      vertex   4.591702e-02  1.312562e-02 -3.949920e-03
      vertex   3.299955e-02  1.612562e-02 -3.949920e-03
      vertex   4.591702e-02  2.037562e-02 -3.949920e-03
    endloop
  endfacet
  facet normal  0.000000e+00  0.000000e+00 -1.000000e+00
    outer loop
      vertex   4.591702e-02  2.037562e-02 -3.949920e-03
      vertex   3.299955e-02  1.612562e-02 -3.949920e-03
      vertex   3.316702e-02  1.675062e-02 -3.949920e-03
    endloop
  endfacet
  facet normal  0.000000e+00  0.000000e+00 -1.000000e+00
    outer loop
      vertex   4.591702e-02  2.037562e-02 -3.949920e-03
      vertex   3.316702e-02  1.675062e-02 -3.949920e-03
      vertex   3.299955e-02  1.737562e-02 -3.949920e-03
    endloop
  endfacet
  facet normal  0.000000e+00  0.000000e+00 -1.000000e+00
    outer loop
      vertex   3.299955e-02  1.737562e-02 -3.949920e-03
      vertex   3.254202e-02  1.783315e-02 -3.949920e-03
      vertex   4.591702e-02  2.037562e-02 -3.949920e-03
    endloop
  endfacet
  facet normal -0.000000e+00  0.000000e+00 -1.000000e+00
    outer loop
      vertex   4.591702e-02  2.037562e-02 -3.949920e-03
      vertex   3.254202e-02  1.783315e-02 -3.949920e-03
      vertex   2.954202e-02  2.037562e-02 -3.949920e-03
    endloop
  endfacet
  facet normal  0.000000e+00  0.000000e+00 -1.000000e+00
    outer loop
      vertex   4.591702e-02  2.037562e-02 -3.949920e-03
      vertex   2.954202e-02  2.037562e-02 -3.949920e-03
      vertex   4.591702e-02  3.139062e-02 -3.949920e-03
    endloop
  endfacet
  facet normal -0.000000e+00  0.000000e+00 -1.000000e+00
    outer loop
      vertex   4.591702e-02  3.139062e-02 -3.949920e-03
      vertex   2.954202e-02  2.037562e-02 -3.949920e-03
      vertex   2.954202e-02  3.139062e-02 -3.949920e-03
    endloop
  endfacet
  facet normal  0.000000e+00  0.000000e+00 -1.000000e+00
    outer loop
      vertex   4.591702e-02  3.139062e-02 -3.949920e-03
      vertex   2.954202e-02  3.139062e-02 -3.949920e-03
      vertex   4.591702e-02  4.361062e-02 -3.949920e-03
    endloop
  endfacet
  facet normal -0.000000e+00  0.000000e+00 -1.000000e+00
    outer loop
      vertex   4.591702e-02  4.361062e-02 -3.949920e-03
      vertex   2.954202e-02  3.139062e-02 -3.949920e-03
      vertex   2.954202e-02  4.361062e-02 -3.949920e-03
    endloop
  endfacet
  facet normal  0.000000e+00  0.000000e+00 -1.000000e+00
    outer loop
      vertex   4.591702e-02  4.361062e-02 -3.949920e-03
      vertex   2.954202e-02  4.361062e-02 -3.949920e-03
      vertex   2.954202e-02  5.675062e-02 -3.949920e-03
    endloop
  endfacet
  facet normal  0.000000e+00 -0.000000e+00 -1.000000e+00
    outer loop
      vertex   2.954202e-02  5.675062e-02 -3.949920e-03
      vertex   2.954202e-02  4.361062e-02 -3.949920e-03
      vertex   2.602702e-02  4.361062e-02 -3.949920e-03
    endloop
  endfacet
  facet normal -0.000000e+00  0.000000e+00 -1.000000e+00
    outer loop
      vertex   2.954202e-02  5.675062e-02 -3.949920e-03
      vertex   2.602702e-02  4.361062e-02 -3.949920e-03
      vertex   2.602702e-02  5.675062e-02 -3.949920e-03
    endloop
  endfacet
  facet normal  0.000000e+00 -0.000000e+00 -1.000000e+00
    outer loop
      vertex   2.602702e-02  5.675062e-02 -3.949920e-03
      vertex   2.602702e-02  4.361062e-02 -3.949920e-03
      vertex   1.880702e-02  4.361062e-02 -3.949920e-03
    endloop
  endfacet
  facet normal -0.000000e+00  0.000000e+00 -1.000000e+00
    outer loop
      vertex   2.602702e-02  5.675062e-02 -3.949920e-03
      vertex   1.880702e-02  4.361062e-02 -3.949920e-03
      vertex   1.880702e-02  5.675062e-02 -3.949920e-03
    endloop
  endfacet
  facet normal  0.000000e+00 -0.000000e+00 -1.000000e+00
    outer loop
      vertex   1.880702e-02  5.675062e-02 -3.949920e-03
      vertex   1.880702e-02  4.361062e-02 -3.949920e-03
      vertex   1.529202e-02  4.361062e-02 -3.949920e-03
    endloop
  endfacet
  facet normal -0.000000e+00  0.000000e+00 -1.000000e+00
    outer loop
      vertex   1.880702e-02  5.675062e-02 -3.949920e-03
      vertex   1.529202e-02  4.361062e-02 -3.949920e-03
      vertex   1.529202e-02  5.675062e-02 -3.949920e-03
    endloop
  endfacet
  facet normal  0.000000e+00 -0.000000e+00 -1.000000e+00
    outer loop
      vertex   1.529202e-02  5.675062e-02 -3.949920e-03
      vertex   1.529202e-02  4.361062e-02 -3.949920e-03
      vertex   8.792018e-03  4.361062e-02 -3.949920e-03
    endloop
  endfacet
  facet normal -0.000000e+00  0.000000e+00 -1.000000e+00
    outer loop
      vertex   1.529202e-02  5.675062e-02 -3.949920e-03
      vertex   8.792018e-03  4.361062e-02 -3.949920e-03
      vertex   8.792018e-03  5.675062e-02 -3.949920e-03
    endloop
  endfacet
  facet normal  0.000000e+00 -0.000000e+00 -1.000000e+00
    outer loop
      vertex   8.792018e-03  5.675062e-02 -3.949920e-03
      vertex   8.792018e-03  4.361062e-02 -3.949920e-03
      vertex   5.448107e-03  4.300062e-02 -3.949920e-03
    endloop
  endfacet
  facet normal  0.000000e+00  0.000000e+00 -1.000000e+00
    outer loop
      vertex   8.792018e-03  5.675062e-02 -3.949920e-03
      vertex   5.448107e-03  4.300062e-02 -3.949920e-03
      vertex   4.167018e-03  4.428171e-02 -3.949920e-03
    endloop
  endfacet
  facet normal  9.659261e-01  2.588184e-01  0.000000e+00
    outer loop
      vertex   4.591702e-02  5.325062e-02 -9.499196e-04
      vertex   4.591702e-02  5.325062e-02 -3.949920e-03
      vertex   4.544811e-02  5.500062e-02 -3.949920e-03
    endloop
  endfacet
  facet normal  9.659261e-01  2.588184e-01  0.000000e+00
    outer loop
      vertex   4.591702e-02  5.325062e-02 -9.499196e-04
      vertex   4.544811e-02  5.500062e-02 -3.949920e-03
      vertex   4.544811e-02  5.500062e-02 -9.499196e-04
    endloop
  endfacet
  facet normal  7.071068e-01  7.071068e-01  0.000000e+00
    outer loop
      vertex   4.544811e-02  5.500062e-02 -9.499196e-04
      vertex   4.544811e-02  5.500062e-02 -3.949920e-03
      vertex   4.416702e-02  5.628171e-02 -3.949920e-03
    endloop
  endfacet
  facet normal  7.071068e-01  7.071068e-01  0.000000e+00
    outer loop
      vertex   4.544811e-02  5.500062e-02 -9.499196e-04
      vertex   4.416702e-02  5.628171e-02 -3.949920e-03
      vertex   4.416702e-02  5.628171e-02 -9.499196e-04
    endloop
  endfacet
  facet normal  2.588184e-01  9.659261e-01  0.000000e+00
    outer loop
      vertex   4.416702e-02  5.628171e-02 -9.499196e-04
      vertex   4.416702e-02  5.628171e-02 -3.949920e-03
      vertex   4.241702e-02  5.675062e-02 -3.949920e-03
    endloop
  endfacet
  facet normal  2.588184e-01  9.659261e-01  0.000000e+00
    outer loop
      vertex   4.416702e-02  5.628171e-02 -9.499196e-04
      vertex   4.241702e-02  5.675062e-02 -3.949920e-03
      vertex   4.241702e-02  5.675062e-02 -9.499196e-04
    endloop
  endfacet
  facet normal  0.000000e+00  1.000000e+00  0.000000e+00
    outer loop
      vertex  -3.558298e-02  5.675062e-02 -3.949920e-03
      vertex  -3.558298e-02  5.675062e-02 -9.499196e-04
      vertex  -2.672298e-02  5.675062e-02 -3.949920e-03
    endloop
  endfacet
  facet normal  0.000000e+00  1.000000e+00 -0.000000e+00
    outer loop
      vertex  -2.672298e-02  5.675062e-02 -3.949920e-03
      vertex  -3.558298e-02  5.675062e-02 -9.499196e-04
      vertex  -2.672298e-02  5.675062e-02 -9.499196e-04
    endloop
  endfacet
  facet normal  0.000000e+00  1.000000e+00  0.000000e+00
    outer loop
      vertex  -2.672298e-02  5.675062e-02 -3.949920e-03
      vertex  -2.672298e-02  5.675062e-02 -9.499196e-04
      vertex   8.792018e-03  5.675062e-02 -3.949920e-03
    endloop
  endfacet
  facet normal  0.000000e+00  1.000000e+00 -0.000000e+00
    outer loop
      vertex   8.792018e-03  5.675062e-02 -3.949920e-03
      vertex  -2.672298e-02  5.675062e-02 -9.499196e-04
      vertex   8.792018e-03  5.675062e-02 -9.499196e-04
    endloop
  endfacet
  facet normal  0.000000e+00  1.000000e+00  0.000000e+00
    outer loop
      vertex   8.792018e-03  5.675062e-02 -3.949920e-03
      vertex   8.792018e-03  5.675062e-02 -9.499196e-04
      vertex   1.529202e-02  5.675062e-02 -3.949920e-03
    endloop
  endfacet
  facet normal  0.000000e+00  1.000000e+00 -0.000000e+00
    outer loop
      vertex   1.529202e-02  5.675062e-02 -3.949920e-03
      vertex   8.792018e-03  5.675062e-02 -9.499196e-04
      vertex   1.529202e-02  5.675062e-02 -9.499196e-04
    endloop
  endfacet
  facet normal  0.000000e+00  1.000000e+00  0.000000e+00
    outer loop
      vertex   1.529202e-02  5.675062e-02 -3.949920e-03
      vertex   1.529202e-02  5.675062e-02 -9.499196e-04
      vertex   1.880702e-02  5.675062e-02 -3.949920e-03
    endloop
  endfacet
  facet normal  0.000000e+00  1.000000e+00 -0.000000e+00
    outer loop
      vertex   1.880702e-02  5.675062e-02 -3.949920e-03
      vertex   1.529202e-02  5.675062e-02 -9.499196e-04
      vertex   1.880702e-02  5.675062e-02 -9.499196e-04
    endloop
  endfacet
  facet normal  0.000000e+00  1.000000e+00  0.000000e+00
    outer loop
      vertex   1.880702e-02  5.675062e-02 -3.949920e-03
      vertex   1.880702e-02  5.675062e-02 -9.499196e-04
      vertex   2.602702e-02  5.675062e-02 -3.949920e-03
    endloop
  endfacet
  facet normal  0.000000e+00  1.000000e+00 -0.000000e+00
    outer loop
      vertex   2.602702e-02  5.675062e-02 -3.949920e-03
      vertex   1.880702e-02  5.675062e-02 -9.499196e-04
      vertex   2.602702e-02  5.675062e-02 -9.499196e-04
    endloop
  endfacet
  facet normal  0.000000e+00  1.000000e+00  0.000000e+00
    outer loop
      vertex   2.602702e-02  5.675062e-02 -3.949920e-03
      vertex   2.602702e-02  5.675062e-02 -9.499196e-04
      vertex   2.954202e-02  5.675062e-02 -3.949920e-03
    endloop
  endfacet
  facet normal  0.000000e+00  1.000000e+00 -0.000000e+00
    outer loop
      vertex   2.954202e-02  5.675062e-02 -3.949920e-03
      vertex   2.602702e-02  5.675062e-02 -9.499196e-04
      vertex   2.954202e-02  5.675062e-02 -9.499196e-04
    endloop
  endfacet
  facet normal  0.000000e+00  1.000000e+00  0.000000e+00
    outer loop
      vertex   2.954202e-02  5.675062e-02 -3.949920e-03
      vertex   2.954202e-02  5.675062e-02 -9.499196e-04
      vertex   4.241702e-02  5.675062e-02 -3.949920e-03
    endloop
  endfacet
  facet normal  0.000000e+00  1.000000e+00 -0.000000e+00
    outer loop
      vertex   4.241702e-02  5.675062e-02 -3.949920e-03
      vertex   2.954202e-02  5.675062e-02 -9.499196e-04
      vertex   4.241702e-02  5.675062e-02 -9.499196e-04
    endloop
  endfacet
  facet normal -2.588184e-01  9.659261e-01  0.000000e+00
    outer loop
      vertex  -3.558298e-02  5.675062e-02 -9.499196e-04
      vertex  -3.558298e-02  5.675062e-02 -3.949920e-03
      vertex  -3.733298e-02  5.628171e-02 -3.949920e-03
    endloop
  endfacet
  facet normal -2.588184e-01  9.659261e-01  0.000000e+00
    outer loop
      vertex  -3.558298e-02  5.675062e-02 -9.499196e-04
      vertex  -3.733298e-02  5.628171e-02 -3.949920e-03
      vertex  -3.733298e-02  5.628171e-02 -9.499196e-04
    endloop
  endfacet
  facet normal -7.071068e-01  7.071068e-01  0.000000e+00
    outer loop
      vertex  -3.733298e-02  5.628171e-02 -9.499196e-04
      vertex  -3.733298e-02  5.628171e-02 -3.949920e-03
      vertex  -3.861407e-02  5.500062e-02 -3.949920e-03
    endloop
  endfacet
  facet normal -7.071068e-01  7.071068e-01  0.000000e+00
    outer loop
      vertex  -3.733298e-02  5.628171e-02 -9.499196e-04
      vertex  -3.861407e-02  5.500062e-02 -3.949920e-03
      vertex  -3.861407e-02  5.500062e-02 -9.499196e-04
    endloop
  endfacet
  facet normal -9.659255e-01  2.588203e-01  0.000000e+00
    outer loop
      vertex  -3.861407e-02  5.500062e-02 -9.499196e-04
      vertex  -3.861407e-02  5.500062e-02 -3.949920e-03
      vertex  -3.908299e-02  5.325062e-02 -3.949920e-03
    endloop
  endfacet
  facet normal -9.659255e-01  2.588203e-01  0.000000e+00
    outer loop
      vertex  -3.861407e-02  5.500062e-02 -9.499196e-04
      vertex  -3.908299e-02  5.325062e-02 -3.949920e-03
      vertex  -3.908299e-02  5.325062e-02 -9.499196e-04
    endloop
  endfacet
  facet normal -1.000000e+00  0.000000e+00  0.000000e+00
    outer loop
      vertex  -3.908299e-02 -1.624938e-02 -3.949920e-03
      vertex  -3.908299e-02 -1.624938e-02 -9.499196e-04
      vertex  -3.908299e-02 -8.359379e-03 -3.949920e-03
    endloop
  endfacet
  facet normal -1.000000e+00  0.000000e+00  0.000000e+00
    outer loop
      vertex  -3.908299e-02 -8.359379e-03 -3.949920e-03
      vertex  -3.908299e-02 -1.624938e-02 -9.499196e-04
      vertex  -3.908299e-02 -8.359379e-03 -9.499196e-04
    endloop
  endfacet
  facet normal -1.000000e+00  0.000000e+00  0.000000e+00
    outer loop
      vertex  -3.908299e-02 -8.359379e-03 -3.949920e-03
      vertex  -3.908299e-02 -8.359379e-03 -9.499196e-04
      vertex  -3.908299e-02  2.110622e-03 -3.949920e-03
    endloop
  endfacet
  facet normal -1.000000e+00  0.000000e+00  0.000000e+00
    outer loop
      vertex  -3.908299e-02  2.110622e-03 -3.949920e-03
      vertex  -3.908299e-02 -8.359379e-03 -9.499196e-04
      vertex  -3.908299e-02  2.110622e-03 -9.499196e-04
    endloop
  endfacet
  facet normal -1.000000e+00  0.000000e+00  0.000000e+00
    outer loop
      vertex  -3.908299e-02  2.110622e-03 -3.949920e-03
      vertex  -3.908299e-02  2.110622e-03 -9.499196e-04
      vertex  -3.908299e-02  1.312562e-02 -3.949920e-03
    endloop
  endfacet
  facet normal -1.000000e+00  0.000000e+00  0.000000e+00
    outer loop
      vertex  -3.908299e-02  1.312562e-02 -3.949920e-03
      vertex  -3.908299e-02  2.110622e-03 -9.499196e-04
      vertex  -3.908299e-02  1.312562e-02 -9.499196e-04
    endloop
  endfacet
  facet normal -1.000000e+00  0.000000e+00  0.000000e+00
    outer loop
      vertex  -3.908299e-02  1.312562e-02 -3.949920e-03
      vertex  -3.908299e-02  1.312562e-02 -9.499196e-04
      vertex  -3.908299e-02  2.037562e-02 -3.949920e-03
    endloop
  endfacet
  facet normal -1.000000e+00  0.000000e+00  0.000000e+00
    outer loop
      vertex  -3.908299e-02  2.037562e-02 -3.949920e-03
      vertex  -3.908299e-02  1.312562e-02 -9.499196e-04
      vertex  -3.908299e-02  2.037562e-02 -9.499196e-04
    endloop
  endfacet
  facet normal -1.000000e+00  0.000000e+00  0.000000e+00
    outer loop
      vertex  -3.908299e-02  2.037562e-02 -3.949920e-03
      vertex  -3.908299e-02  2.037562e-02 -9.499196e-04
      vertex  -3.908299e-02  3.139062e-02 -3.949920e-03
    endloop
  endfacet
  facet normal -1.000000e+00  0.000000e+00  0.000000e+00
    outer loop
      vertex  -3.908299e-02  3.139062e-02 -3.949920e-03
      vertex  -3.908299e-02  2.037562e-02 -9.499196e-04
      vertex  -3.908299e-02  3.139062e-02 -9.499196e-04
    endloop
  endfacet
  facet normal -1.000000e+00  0.000000e+00  0.000000e+00
    outer loop
      vertex  -3.908299e-02  3.139062e-02 -3.949920e-03
      vertex  -3.908299e-02  3.139062e-02 -9.499196e-04
      vertex  -3.908299e-02  4.361062e-02 -3.949920e-03
    endloop
  endfacet
  facet normal -1.000000e+00  0.000000e+00  0.000000e+00
    outer loop
      vertex  -3.908299e-02  4.361062e-02 -3.949920e-03
      vertex  -3.908299e-02  3.139062e-02 -9.499196e-04
      vertex  -3.908299e-02  4.361062e-02 -9.499196e-04
    endloop
  endfacet
  facet normal -1.000000e+00  0.000000e+00  0.000000e+00
    outer loop
      vertex  -3.908299e-02  4.361062e-02 -3.949920e-03
      vertex  -3.908299e-02  4.361062e-02 -9.499196e-04
      vertex  -3.908299e-02  5.325062e-02 -3.949920e-03
    endloop
  endfacet
  facet normal -1.000000e+00  0.000000e+00  0.000000e+00
    outer loop
      vertex  -3.908299e-02  5.325062e-02 -3.949920e-03
      vertex  -3.908299e-02  4.361062e-02 -9.499196e-04
      vertex  -3.908299e-02  5.325062e-02 -9.499196e-04
    endloop
  endfacet
  facet normal -9.659255e-01 -2.588203e-01 -0.000000e+00
    outer loop
      vertex  -3.908299e-02 -1.624938e-02 -9.499196e-04
      vertex  -3.908299e-02 -1.624938e-02 -3.949920e-03
      vertex  -3.861407e-02 -1.799938e-02 -3.949920e-03
    endloop
  endfacet
  facet normal -9.659255e-01 -2.588203e-01  0.000000e+00
    outer loop
      vertex  -3.908299e-02 -1.624938e-02 -9.499196e-04
      vertex  -3.861407e-02 -1.799938e-02 -3.949920e-03
      vertex  -3.861407e-02 -1.799938e-02 -9.499196e-04
    endloop
  endfacet
  facet normal -7.071068e-01 -7.071068e-01 -0.000000e+00
    outer loop
      vertex  -3.861407e-02 -1.799938e-02 -9.499196e-04
      vertex  -3.861407e-02 -1.799938e-02 -3.949920e-03
      vertex  -3.733298e-02 -1.928047e-02 -3.949920e-03
    endloop
  endfacet
  facet normal -7.071068e-01 -7.071068e-01  0.000000e+00
    outer loop
      vertex  -3.861407e-02 -1.799938e-02 -9.499196e-04
      vertex  -3.733298e-02 -1.928047e-02 -3.949920e-03
      vertex  -3.733298e-02 -1.928047e-02 -9.499196e-04
    endloop
  endfacet
  facet normal -2.588184e-01 -9.659261e-01 -0.000000e+00
    outer loop
      vertex  -3.733298e-02 -1.928047e-02 -9.499196e-04
      vertex  -3.733298e-02 -1.928047e-02 -3.949920e-03
      vertex  -3.558298e-02 -1.974938e-02 -3.949920e-03
    endloop
  endfacet
  facet normal -2.588184e-01 -9.659261e-01  0.000000e+00
    outer loop
      vertex  -3.733298e-02 -1.928047e-02 -9.499196e-04
      vertex  -3.558298e-02 -1.974938e-02 -3.949920e-03
      vertex  -3.558298e-02 -1.974938e-02 -9.499196e-04
    endloop
  endfacet
  facet normal  0.000000e+00 -1.000000e+00  0.000000e+00
    outer loop
      vertex   4.241702e-02 -1.974938e-02 -3.949920e-03
      vertex   4.241702e-02 -1.974938e-02 -9.499196e-04
      vertex   2.954202e-02 -1.974938e-02 -3.949920e-03
    endloop
  endfacet
  facet normal  0.000000e+00 -1.000000e+00  0.000000e+00
    outer loop
      vertex   2.954202e-02 -1.974938e-02 -3.949920e-03
      vertex   4.241702e-02 -1.974938e-02 -9.499196e-04
      vertex   2.954202e-02 -1.974938e-02 -9.499196e-04
    endloop
  endfacet
  facet normal  0.000000e+00 -1.000000e+00  0.000000e+00
    outer loop
      vertex   2.954202e-02 -1.974938e-02 -3.949920e-03
      vertex   2.954202e-02 -1.974938e-02 -9.499196e-04
      vertex   2.602702e-02 -1.974938e-02 -3.949920e-03
    endloop
  endfacet
  facet normal  0.000000e+00 -1.000000e+00  0.000000e+00
    outer loop
      vertex   2.602702e-02 -1.974938e-02 -3.949920e-03
      vertex   2.954202e-02 -1.974938e-02 -9.499196e-04
      vertex   2.602702e-02 -1.974938e-02 -9.499196e-04
    endloop
  endfacet
  facet normal  0.000000e+00 -1.000000e+00  0.000000e+00
    outer loop
      vertex   2.602702e-02 -1.974938e-02 -3.949920e-03
      vertex   2.602702e-02 -1.974938e-02 -9.499196e-04
      vertex   1.880702e-02 -1.974938e-02 -3.949920e-03
    endloop
  endfacet
  facet normal  0.000000e+00 -1.000000e+00  0.000000e+00
    outer loop
      vertex   1.880702e-02 -1.974938e-02 -3.949920e-03
      vertex   2.602702e-02 -1.974938e-02 -9.499196e-04
      vertex   1.880702e-02 -1.974938e-02 -9.499196e-04
    endloop
  endfacet
  facet normal  0.000000e+00 -1.000000e+00  0.000000e+00
    outer loop
      vertex   1.880702e-02 -1.974938e-02 -3.949920e-03
      vertex   1.880702e-02 -1.974938e-02 -9.499196e-04
      vertex   1.529202e-02 -1.974938e-02 -3.949920e-03
    endloop
  endfacet
  facet normal  0.000000e+00 -1.000000e+00  0.000000e+00
    outer loop
      vertex   1.529202e-02 -1.974938e-02 -3.949920e-03
      vertex   1.880702e-02 -1.974938e-02 -9.499196e-04
      vertex   1.529202e-02 -1.974938e-02 -9.499196e-04
    endloop
  endfacet
  facet normal  0.000000e+00 -1.000000e+00  0.000000e+00
    outer loop
      vertex   1.529202e-02 -1.974938e-02 -3.949920e-03
      vertex   1.529202e-02 -1.974938e-02 -9.499196e-04
      vertex   8.792018e-03 -1.974938e-02 -3.949920e-03
    endloop
  endfacet
  facet normal  0.000000e+00 -1.000000e+00  0.000000e+00
    outer loop
      vertex   8.792018e-03 -1.974938e-02 -3.949920e-03
      vertex   1.529202e-02 -1.974938e-02 -9.499196e-04
      vertex   8.792018e-03 -1.974938e-02 -9.499196e-04
    endloop
  endfacet
  facet normal  0.000000e+00 -1.000000e+00  0.000000e+00
    outer loop
      vertex   8.792018e-03 -1.974938e-02 -3.949920e-03
      vertex   8.792018e-03 -1.974938e-02 -9.499196e-04
      vertex  -2.672298e-02 -1.974938e-02 -3.949920e-03
    endloop
  endfacet
  facet normal  0.000000e+00 -1.000000e+00  0.000000e+00
    outer loop
      vertex  -2.672298e-02 -1.974938e-02 -3.949920e-03
      vertex   8.792018e-03 -1.974938e-02 -9.499196e-04
      vertex  -2.672298e-02 -1.974938e-02 -9.499196e-04
    endloop
  endfacet
  facet normal  0.000000e+00 -1.000000e+00  0.000000e+00
    outer loop
      vertex  -2.672298e-02 -1.974938e-02 -3.949920e-03
      vertex  -2.672298e-02 -1.974938e-02 -9.499196e-04
      vertex  -3.558298e-02 -1.974938e-02 -3.949920e-03
    endloop
  endfacet
  facet normal  0.000000e+00 -1.000000e+00  0.000000e+00
    outer loop
      vertex  -3.558298e-02 -1.974938e-02 -3.949920e-03
      vertex  -2.672298e-02 -1.974938e-02 -9.499196e-04
      vertex  -3.558298e-02 -1.974938e-02 -9.499196e-04
    endloop
  endfacet
  facet normal  2.588184e-01 -9.659261e-01  0.000000e+00
    outer loop
      vertex   4.241702e-02 -1.974938e-02 -9.499196e-04
      vertex   4.241702e-02 -1.974938e-02 -3.949920e-03
      vertex   4.416702e-02 -1.928047e-02 -3.949920e-03
    endloop
  endfacet
  facet normal  2.588184e-01 -9.659261e-01  0.000000e+00
    outer loop
      vertex   4.241702e-02 -1.974938e-02 -9.499196e-04
      vertex   4.416702e-02 -1.928047e-02 -3.949920e-03
      vertex   4.416702e-02 -1.928047e-02 -9.499196e-04
    endloop
  endfacet
  facet normal  7.071068e-01 -7.071068e-01  0.000000e+00
    outer loop
      vertex   4.416702e-02 -1.928047e-02 -9.499196e-04
      vertex   4.416702e-02 -1.928047e-02 -3.949920e-03
      vertex   4.544811e-02 -1.799938e-02 -3.949920e-03
    endloop
  endfacet
  facet normal  7.071068e-01 -7.071068e-01  0.000000e+00
    outer loop
      vertex   4.416702e-02 -1.928047e-02 -9.499196e-04
      vertex   4.544811e-02 -1.799938e-02 -3.949920e-03
      vertex   4.544811e-02 -1.799938e-02 -9.499196e-04
    endloop
  endfacet
  facet normal  9.659261e-01 -2.588184e-01  0.000000e+00
    outer loop
      vertex   4.544811e-02 -1.799938e-02 -9.499196e-04
      vertex   4.544811e-02 -1.799938e-02 -3.949920e-03
      vertex   4.591702e-02 -1.624938e-02 -3.949920e-03
    endloop
  endfacet
  facet normal  9.659261e-01 -2.588184e-01  0.000000e+00
    outer loop
      vertex   4.544811e-02 -1.799938e-02 -9.499196e-04
      vertex   4.591702e-02 -1.624938e-02 -3.949920e-03
      vertex   4.591702e-02 -1.624938e-02 -9.499196e-04
    endloop
  endfacet
  facet normal  1.000000e+00  0.000000e+00 -0.000000e+00
    outer loop
      vertex   4.591702e-02  5.325062e-02 -3.949920e-03
      vertex   4.591702e-02  5.325062e-02 -9.499196e-04
      vertex   4.591702e-02  4.361062e-02 -3.949920e-03
    endloop
  endfacet
  facet normal  1.000000e+00  0.000000e+00  0.000000e+00
    outer loop
      vertex   4.591702e-02  4.361062e-02 -3.949920e-03
      vertex   4.591702e-02  5.325062e-02 -9.499196e-04
      vertex   4.591702e-02  4.361062e-02 -9.499196e-04
    endloop
  endfacet
  facet normal  1.000000e+00  0.000000e+00 -0.000000e+00
    outer loop
      vertex   4.591702e-02  4.361062e-02 -3.949920e-03
      vertex   4.591702e-02  4.361062e-02 -9.499196e-04
      vertex   4.591702e-02  3.139062e-02 -3.949920e-03
    endloop
  endfacet
  facet normal  1.000000e+00  0.000000e+00  0.000000e+00
    outer loop
      vertex   4.591702e-02  3.139062e-02 -3.949920e-03
      vertex   4.591702e-02  4.361062e-02 -9.499196e-04
      vertex   4.591702e-02  3.139062e-02 -9.499196e-04
    endloop
  endfacet
  facet normal  1.000000e+00  0.000000e+00 -0.000000e+00
    outer loop
      vertex   4.591702e-02  3.139062e-02 -3.949920e-03
      vertex   4.591702e-02  3.139062e-02 -9.499196e-04
      vertex   4.591702e-02  2.037562e-02 -3.949920e-03
    endloop
  endfacet
  facet normal  1.000000e+00  0.000000e+00  0.000000e+00
    outer loop
      vertex   4.591702e-02  2.037562e-02 -3.949920e-03
      vertex   4.591702e-02  3.139062e-02 -9.499196e-04
      vertex   4.591702e-02  2.037562e-02 -9.499196e-04
    endloop
  endfacet
  facet normal  1.000000e+00  0.000000e+00 -0.000000e+00
    outer loop
      vertex   4.591702e-02  2.037562e-02 -3.949920e-03
      vertex   4.591702e-02  2.037562e-02 -9.499196e-04
      vertex   4.591702e-02  1.312562e-02 -3.949920e-03
    endloop
  endfacet
  facet normal  1.000000e+00  0.000000e+00  0.000000e+00
    outer loop
      vertex   4.591702e-02  1.312562e-02 -3.949920e-03
      vertex   4.591702e-02  2.037562e-02 -9.499196e-04
      vertex   4.591702e-02  1.312562e-02 -9.499196e-04
    endloop
  endfacet
  facet normal  1.000000e+00  0.000000e+00 -0.000000e+00
    outer loop
      vertex   4.591702e-02  1.312562e-02 -3.949920e-03
      vertex   4.591702e-02  1.312562e-02 -9.499196e-04
      vertex   4.591702e-02  2.110622e-03 -3.949920e-03
    endloop
  endfacet
  facet normal  1.000000e+00  0.000000e+00  0.000000e+00
    outer loop
      vertex   4.591702e-02  2.110622e-03 -3.949920e-03
      vertex   4.591702e-02  1.312562e-02 -9.499196e-04
      vertex   4.591702e-02  2.110622e-03 -9.499196e-04
    endloop
  endfacet
  facet normal  1.000000e+00  0.000000e+00 -0.000000e+00
    outer loop
      vertex   4.591702e-02  2.110622e-03 -3.949920e-03
      vertex   4.591702e-02  2.110622e-03 -9.499196e-04
      vertex   4.591702e-02 -8.359379e-03 -3.949920e-03
    endloop
  endfacet
  facet normal  1.000000e+00  0.000000e+00  0.000000e+00
    outer loop
      vertex   4.591702e-02 -8.359379e-03 -3.949920e-03
      vertex   4.591702e-02  2.110622e-03 -9.499196e-04
      vertex   4.591702e-02 -8.359379e-03 -9.499196e-04
    endloop
  endfacet
  facet normal  1.000000e+00  0.000000e+00 -0.000000e+00
    outer loop
      vertex   4.591702e-02 -8.359379e-03 -3.949920e-03
      vertex   4.591702e-02 -8.359379e-03 -9.499196e-04
      vertex   4.591702e-02 -1.624938e-02 -3.949920e-03
    endloop
  endfacet
  facet normal  1.000000e+00  0.000000e+00  0.000000e+00
    outer loop
      vertex   4.591702e-02 -1.624938e-02 -3.949920e-03
      vertex   4.591702e-02 -8.359379e-03 -9.499196e-04
      vertex   4.591702e-02 -1.624938e-02 -9.499196e-04
    endloop
  endfacet
  facet normal -2.588202e-01 -9.659255e-01 -0.000000e+00
    outer loop
      vertex   2.417018e-03  4.475062e-02 -9.499196e-04
      vertex   2.417018e-03  4.475062e-02 -3.949920e-03
      vertex   4.167018e-03  4.428171e-02 -9.499196e-04
    endloop
  endfacet
  facet normal -2.588202e-01 -9.659255e-01 -0.000000e+00
    outer loop
      vertex   4.167018e-03  4.428171e-02 -9.499196e-04
      vertex   2.417018e-03  4.475062e-02 -3.949920e-03
      vertex   4.167018e-03  4.428171e-02 -3.949920e-03
    endloop
  endfacet
  facet normal -7.071072e-01 -7.071064e-01 -0.000000e+00
    outer loop
      vertex   4.167018e-03  4.428171e-02 -9.499196e-04
      vertex   4.167018e-03  4.428171e-02 -3.949920e-03
      vertex   5.448107e-03  4.300062e-02 -9.499196e-04
    endloop
  endfacet
  facet normal -7.071072e-01 -7.071064e-01 -0.000000e+00
    outer loop
      vertex   5.448107e-03  4.300062e-02 -9.499196e-04
      vertex   4.167018e-03  4.428171e-02 -3.949920e-03
      vertex   5.448107e-03  4.300062e-02 -3.949920e-03
    endloop
  endfacet
  facet normal -9.659258e-01 -2.588191e-01 -0.000000e+00
    outer loop
      vertex   5.448107e-03  4.300062e-02 -9.499196e-04
      vertex   5.448107e-03  4.300062e-02 -3.949920e-03
      vertex   5.917018e-03  4.125062e-02 -9.499196e-04
    endloop
  endfacet
  facet normal -9.659258e-01 -2.588191e-01 -0.000000e+00
    outer loop
      vertex   5.917018e-03  4.125062e-02 -9.499196e-04
      vertex   5.448107e-03  4.300062e-02 -3.949920e-03
      vertex   5.917018e-03  4.125062e-02 -3.949920e-03
    endloop
  endfacet
  facet normal -0.000000e+00 -1.000000e+00 -0.000000e+00
    outer loop
      vertex   2.417018e-03  4.475062e-02 -9.499196e-04
      vertex  -1.558298e-02  4.475062e-02 -9.499196e-04
      vertex   2.417018e-03  4.475062e-02 -3.949920e-03
    endloop
  endfacet
  facet normal  0.000000e+00 -1.000000e+00  0.000000e+00
    outer loop
      vertex   2.417018e-03  4.475062e-02 -3.949920e-03
      vertex  -1.558298e-02  4.475062e-02 -9.499196e-04
      vertex  -1.558298e-02  4.475062e-02 -3.949920e-03
    endloop
  endfacet
  facet normal  9.659258e-01 -2.588193e-01  0.000000e+00
    outer loop
      vertex  -1.908298e-02  4.125062e-02 -9.499196e-04
      vertex  -1.908298e-02  4.125062e-02 -3.949920e-03
      vertex  -1.861407e-02  4.300062e-02 -9.499196e-04
    endloop
  endfacet
  facet normal  9.659258e-01 -2.588193e-01  0.000000e+00
    outer loop
      vertex  -1.861407e-02  4.300062e-02 -9.499196e-04
      vertex  -1.908298e-02  4.125062e-02 -3.949920e-03
      vertex  -1.861407e-02  4.300062e-02 -3.949920e-03
    endloop
  endfacet
  facet normal  7.071073e-01 -7.071062e-01  0.000000e+00
    outer loop
      vertex  -1.861407e-02  4.300062e-02 -9.499196e-04
      vertex  -1.861407e-02  4.300062e-02 -3.949920e-03
      vertex  -1.733298e-02  4.428171e-02 -9.499196e-04
    endloop
  endfacet
  facet normal  7.071073e-01 -7.071062e-01  0.000000e+00
    outer loop
      vertex  -1.733298e-02  4.428171e-02 -9.499196e-04
      vertex  -1.861407e-02  4.300062e-02 -3.949920e-03
      vertex  -1.733298e-02  4.428171e-02 -3.949920e-03
    endloop
  endfacet
  facet normal  2.588203e-01 -9.659255e-01  0.000000e+00
    outer loop
      vertex  -1.733298e-02  4.428171e-02 -9.499196e-04
      vertex  -1.733298e-02  4.428171e-02 -3.949920e-03
      vertex  -1.558298e-02  4.475062e-02 -9.499196e-04
    endloop
  endfacet
  facet normal  2.588203e-01 -9.659255e-01  0.000000e+00
    outer loop
      vertex  -1.558298e-02  4.475062e-02 -9.499196e-04
      vertex  -1.733298e-02  4.428171e-02 -3.949920e-03
      vertex  -1.558298e-02  4.475062e-02 -3.949920e-03
    endloop
  endfacet
  facet normal  1.000000e+00  0.000000e+00 -0.000000e+00
    outer loop
      vertex  -1.908298e-02  4.125062e-02 -3.949920e-03
      vertex  -1.908298e-02  4.125062e-02 -9.499196e-04
      vertex  -1.908298e-02  3.139062e-02 -3.949920e-03
    endloop
  endfacet
  facet normal  1.000000e+00  0.000000e+00  0.000000e+00
    outer loop
      vertex  -1.908298e-02  3.139062e-02 -3.949920e-03
      vertex  -1.908298e-02  4.125062e-02 -9.499196e-04
      vertex  -1.908298e-02  3.139062e-02 -9.499196e-04
    endloop
  endfacet
  facet normal  1.000000e+00  0.000000e+00 -0.000000e+00
    outer loop
      vertex  -1.908298e-02  3.139062e-02 -3.949920e-03
      vertex  -1.908298e-02  3.139062e-02 -9.499196e-04
      vertex  -1.908298e-02  2.037562e-02 -3.949920e-03
    endloop
  endfacet
  facet normal  1.000000e+00  0.000000e+00  0.000000e+00
    outer loop
      vertex  -1.908298e-02  2.037562e-02 -3.949920e-03
      vertex  -1.908298e-02  3.139062e-02 -9.499196e-04
      vertex  -1.908298e-02  2.037562e-02 -9.499196e-04
    endloop
  endfacet
  facet normal  1.000000e+00  0.000000e+00 -0.000000e+00
    outer loop
      vertex  -1.908298e-02  2.037562e-02 -3.949920e-03
      vertex  -1.908298e-02  2.037562e-02 -9.499196e-04
      vertex  -1.908298e-02  1.312562e-02 -3.949920e-03
    endloop
  endfacet
  facet normal  1.000000e+00  0.000000e+00  0.000000e+00
    outer loop
      vertex  -1.908298e-02  1.312562e-02 -3.949920e-03
      vertex  -1.908298e-02  2.037562e-02 -9.499196e-04
      vertex  -1.908298e-02  1.312562e-02 -9.499196e-04
    endloop
  endfacet
  facet normal  1.000000e+00  0.000000e+00 -0.000000e+00
    outer loop
      vertex  -1.908298e-02  1.312562e-02 -3.949920e-03
      vertex  -1.908298e-02  1.312562e-02 -9.499196e-04
      vertex  -1.908298e-02  2.110622e-03 -3.949920e-03
    endloop
  endfacet
  facet normal  1.000000e+00  0.000000e+00  0.000000e+00
    outer loop
      vertex  -1.908298e-02  2.110622e-03 -3.949920e-03
      vertex  -1.908298e-02  1.312562e-02 -9.499196e-04
      vertex  -1.908298e-02  2.110622e-03 -9.499196e-04
    endloop
  endfacet
  facet normal  1.000000e+00  0.000000e+00 -0.000000e+00
    outer loop
      vertex  -1.908298e-02  2.110622e-03 -3.949920e-03
      vertex  -1.908298e-02  2.110622e-03 -9.499196e-04
      vertex  -1.908298e-02 -4.249378e-03 -3.949920e-03
    endloop
  endfacet
  facet normal  1.000000e+00  0.000000e+00  0.000000e+00
    outer loop
      vertex  -1.908298e-02 -4.249378e-03 -3.949920e-03
      vertex  -1.908298e-02  2.110622e-03 -9.499196e-04
      vertex  -1.908298e-02 -4.249378e-03 -9.499196e-04
    endloop
  endfacet
  facet normal  2.588184e-01  9.659261e-01  0.000000e+00
    outer loop
      vertex  -1.558298e-02 -7.749377e-03 -9.499196e-04
      vertex  -1.558298e-02 -7.749377e-03 -3.949920e-03
      vertex  -1.733298e-02 -7.280468e-03 -9.499196e-04
    endloop
  endfacet
  facet normal  2.588184e-01  9.659261e-01  0.000000e+00
    outer loop
      vertex  -1.733298e-02 -7.280468e-03 -9.499196e-04
      vertex  -1.558298e-02 -7.749377e-03 -3.949920e-03
      vertex  -1.733298e-02 -7.280468e-03 -3.949920e-03
    endloop
  endfacet
  facet normal  7.071073e-01  7.071062e-01  0.000000e+00
    outer loop
      vertex  -1.733298e-02 -7.280468e-03 -9.499196e-04
      vertex  -1.733298e-02 -7.280468e-03 -3.949920e-03
      vertex  -1.861407e-02 -5.999377e-03 -9.499196e-04
    endloop
  endfacet
  facet normal  7.071073e-01  7.071062e-01  0.000000e+00
    outer loop
      vertex  -1.861407e-02 -5.999377e-03 -9.499196e-04
      vertex  -1.733298e-02 -7.280468e-03 -3.949920e-03
      vertex  -1.861407e-02 -5.999377e-03 -3.949920e-03
    endloop
  endfacet
  facet normal  9.659258e-01  2.588193e-01  0.000000e+00
    outer loop
      vertex  -1.861407e-02 -5.999377e-03 -9.499196e-04
      vertex  -1.861407e-02 -5.999377e-03 -3.949920e-03
      vertex  -1.908298e-02 -4.249378e-03 -9.499196e-04
    endloop
  endfacet
  facet normal  9.659258e-01  2.588193e-01  0.000000e+00
    outer loop
      vertex  -1.908298e-02 -4.249378e-03 -9.499196e-04
      vertex  -1.861407e-02 -5.999377e-03 -3.949920e-03
      vertex  -1.908298e-02 -4.249378e-03 -3.949920e-03
    endloop
  endfacet
  facet normal -0.000000e+00  1.000000e+00  0.000000e+00
    outer loop
      vertex  -1.558298e-02 -7.749377e-03 -9.499196e-04
      vertex   2.417018e-03 -7.749377e-03 -9.499196e-04
      vertex  -1.558298e-02 -7.749377e-03 -3.949920e-03
    endloop
  endfacet
  facet normal  0.000000e+00  1.000000e+00  0.000000e+00
    outer loop
      vertex  -1.558298e-02 -7.749377e-03 -3.949920e-03
      vertex   2.417018e-03 -7.749377e-03 -9.499196e-04
      vertex   2.417018e-03 -7.749377e-03 -3.949920e-03
    endloop
  endfacet
  facet normal -9.659258e-01  2.588191e-01  0.000000e+00
    outer loop
      vertex   5.917018e-03 -4.249378e-03 -9.499196e-04
      vertex   5.917018e-03 -4.249378e-03 -3.949920e-03
      vertex   5.448107e-03 -5.999377e-03 -9.499196e-04
    endloop
  endfacet
  facet normal -9.659258e-01  2.588191e-01  0.000000e+00
    outer loop
      vertex   5.448107e-03 -5.999377e-03 -9.499196e-04
      vertex   5.917018e-03 -4.249378e-03 -3.949920e-03
      vertex   5.448107e-03 -5.999377e-03 -3.949920e-03
    endloop
  endfacet
  facet normal -7.071072e-01  7.071064e-01  0.000000e+00
    outer loop
      vertex   5.448107e-03 -5.999377e-03 -9.499196e-04
      vertex   5.448107e-03 -5.999377e-03 -3.949920e-03
      vertex   4.167018e-03 -7.280468e-03 -9.499196e-04
    endloop
  endfacet
  facet normal -7.071072e-01  7.071064e-01  0.000000e+00
    outer loop
      vertex   4.167018e-03 -7.280468e-03 -9.499196e-04
      vertex   5.448107e-03 -5.999377e-03 -3.949920e-03
      vertex   4.167018e-03 -7.280468e-03 -3.949920e-03
    endloop
  endfacet
  facet normal -2.588183e-01  9.659260e-01  0.000000e+00
    outer loop
      vertex   4.167018e-03 -7.280468e-03 -9.499196e-04
      vertex   4.167018e-03 -7.280468e-03 -3.949920e-03
      vertex   2.417018e-03 -7.749377e-03 -9.499196e-04
    endloop
  endfacet
  facet normal -2.588183e-01  9.659260e-01  0.000000e+00
    outer loop
      vertex   2.417018e-03 -7.749377e-03 -9.499196e-04
      vertex   4.167018e-03 -7.280468e-03 -3.949920e-03
      vertex   2.417018e-03 -7.749377e-03 -3.949920e-03
    endloop
  endfacet
  facet normal -1.000000e+00  0.000000e+00  0.000000e+00
    outer loop
      vertex   5.917018e-03 -4.249378e-03 -3.949920e-03
      vertex   5.917018e-03 -4.249378e-03 -9.499196e-04
      vertex   5.917018e-03  2.110622e-03 -3.949920e-03
    endloop
  endfacet
  facet normal -1.000000e+00  0.000000e+00  0.000000e+00
    outer loop
      vertex   5.917018e-03  2.110622e-03 -3.949920e-03
      vertex   5.917018e-03 -4.249378e-03 -9.499196e-04
      vertex   5.917018e-03  2.110622e-03 -9.499196e-04
    endloop
  endfacet
  facet normal -1.000000e+00  0.000000e+00  0.000000e+00
    outer loop
      vertex   5.917018e-03  2.110622e-03 -3.949920e-03
      vertex   5.917018e-03  2.110622e-03 -9.499196e-04
      vertex   5.917018e-03  1.312562e-02 -3.949920e-03
    endloop
  endfacet
  facet normal -1.000000e+00  0.000000e+00  0.000000e+00
    outer loop
      vertex   5.917018e-03  1.312562e-02 -3.949920e-03
      vertex   5.917018e-03  2.110622e-03 -9.499196e-04
      vertex   5.917018e-03  1.312562e-02 -9.499196e-04
    endloop
  endfacet
  facet normal -1.000000e+00  0.000000e+00  0.000000e+00
    outer loop
      vertex   5.917018e-03  1.312562e-02 -3.949920e-03
      vertex   5.917018e-03  1.312562e-02 -9.499196e-04
      vertex   5.917018e-03  2.037562e-02 -3.949920e-03
    endloop
  endfacet
  facet normal -1.000000e+00  0.000000e+00  0.000000e+00
    outer loop
      vertex   5.917018e-03  2.037562e-02 -3.949920e-03
      vertex   5.917018e-03  1.312562e-02 -9.499196e-04
      vertex   5.917018e-03  2.037562e-02 -9.499196e-04
    endloop
  endfacet
  facet normal -1.000000e+00  0.000000e+00  0.000000e+00
    outer loop
      vertex   5.917018e-03  2.037562e-02 -3.949920e-03
      vertex   5.917018e-03  2.037562e-02 -9.499196e-04
      vertex   5.917018e-03  3.139062e-02 -3.949920e-03
    endloop
  endfacet
  facet normal -1.000000e+00  0.000000e+00  0.000000e+00
    outer loop
      vertex   5.917018e-03  3.139062e-02 -3.949920e-03
      vertex   5.917018e-03  2.037562e-02 -9.499196e-04
      vertex   5.917018e-03  3.139062e-02 -9.499196e-04
    endloop
  endfacet
  facet normal -1.000000e+00  0.000000e+00  0.000000e+00
    outer loop
      vertex   5.917018e-03  3.139062e-02 -3.949920e-03
      vertex   5.917018e-03  3.139062e-02 -9.499196e-04
      vertex   5.917018e-03  4.125062e-02 -3.949920e-03
    endloop
  endfacet
  facet normal -1.000000e+00  0.000000e+00  0.000000e+00
    outer loop
      vertex   5.917018e-03  4.125062e-02 -3.949920e-03
      vertex   5.917018e-03  3.139062e-02 -9.499196e-04
      vertex   5.917018e-03  4.125062e-02 -9.499196e-04
    endloop
  endfacet
  facet normal -2.588219e-01 -9.659250e-01 -0.000000e+00
    outer loop
      vertex   2.241702e-02  4.247062e-02 -9.499196e-04
      vertex   2.241702e-02  4.247062e-02 -3.949920e-03
      vertex   2.302702e-02  4.230717e-02 -9.499196e-04
    endloop
  endfacet
  facet normal -2.588219e-01 -9.659250e-01 -0.000000e+00
    outer loop
      vertex   2.302702e-02  4.230717e-02 -9.499196e-04
      vertex   2.241702e-02  4.247062e-02 -3.949920e-03
      vertex   2.302702e-02  4.230717e-02 -3.949920e-03
    endloop
  endfacet
  facet normal -7.071053e-01 -7.071082e-01 -0.000000e+00
    outer loop
      vertex   2.302702e-02  4.230717e-02 -9.499196e-04
      vertex   2.302702e-02  4.230717e-02 -3.949920e-03
      vertex   2.347357e-02  4.186062e-02 -9.499196e-04
    endloop
  endfacet
  facet normal -7.071053e-01 -7.071082e-01 -0.000000e+00
    outer loop
      vertex   2.347357e-02  4.186062e-02 -9.499196e-04
      vertex   2.302702e-02  4.230717e-02 -3.949920e-03
      vertex   2.347357e-02  4.186062e-02 -3.949920e-03
    endloop
  endfacet
  facet normal -9.659260e-01 -2.588184e-01 -0.000000e+00
    outer loop
      vertex   2.347357e-02  4.186062e-02 -9.499196e-04
      vertex   2.347357e-02  4.186062e-02 -3.949920e-03
      vertex   2.363702e-02  4.125062e-02 -9.499196e-04
    endloop
  endfacet
  facet normal -9.659260e-01 -2.588184e-01 -0.000000e+00
    outer loop
      vertex   2.363702e-02  4.125062e-02 -9.499196e-04
      vertex   2.347357e-02  4.186062e-02 -3.949920e-03
      vertex   2.363702e-02  4.125062e-02 -3.949920e-03
    endloop
  endfacet
  facet normal -9.659256e-01  2.588199e-01  0.000000e+00
    outer loop
      vertex   2.363702e-02  4.125062e-02 -9.499196e-04
      vertex   2.363702e-02  4.125062e-02 -3.949920e-03
      vertex   2.347357e-02  4.064062e-02 -9.499196e-04
    endloop
  endfacet
  facet normal -9.659256e-01  2.588199e-01  0.000000e+00
    outer loop
      vertex   2.347357e-02  4.064062e-02 -9.499196e-04
      vertex   2.363702e-02  4.125062e-02 -3.949920e-03
      vertex   2.347357e-02  4.064062e-02 -3.949920e-03
    endloop
  endfacet
  facet normal -7.071053e-01  7.071082e-01  0.000000e+00
    outer loop
      vertex   2.347357e-02  4.064062e-02 -9.499196e-04
      vertex   2.347357e-02  4.064062e-02 -3.949920e-03
      vertex   2.302702e-02  4.019407e-02 -9.499196e-04
    endloop
  endfacet
  facet normal -7.071053e-01  7.071082e-01  0.000000e+00
    outer loop
      vertex   2.302702e-02  4.019407e-02 -9.499196e-04
      vertex   2.347357e-02  4.064062e-02 -3.949920e-03
      vertex   2.302702e-02  4.019407e-02 -3.949920e-03
    endloop
  endfacet
  facet normal -2.588219e-01  9.659250e-01  0.000000e+00
    outer loop
      vertex   2.302702e-02  4.019407e-02 -9.499196e-04
      vertex   2.302702e-02  4.019407e-02 -3.949920e-03
      vertex   2.241702e-02  4.003062e-02 -9.499196e-04
    endloop
  endfacet
  facet normal -2.588219e-01  9.659250e-01  0.000000e+00
    outer loop
      vertex   2.241702e-02  4.003062e-02 -9.499196e-04
      vertex   2.302702e-02  4.019407e-02 -3.949920e-03
      vertex   2.241702e-02  4.003062e-02 -3.949920e-03
    endloop
  endfacet
  facet normal  2.588219e-01  9.659250e-01  0.000000e+00
    outer loop
      vertex   2.241702e-02  4.003062e-02 -9.499196e-04
      vertex   2.241702e-02  4.003062e-02 -3.949920e-03
      vertex   2.180702e-02  4.019407e-02 -9.499196e-04
    endloop
  endfacet
  facet normal  2.588219e-01  9.659250e-01  0.000000e+00
    outer loop
      vertex   2.180702e-02  4.019407e-02 -9.499196e-04
      vertex   2.241702e-02  4.003062e-02 -3.949920e-03
      vertex   2.180702e-02  4.019407e-02 -3.949920e-03
    endloop
  endfacet
  facet normal  7.071053e-01  7.071082e-01  0.000000e+00
    outer loop
      vertex   2.180702e-02  4.019407e-02 -9.499196e-04
      vertex   2.180702e-02  4.019407e-02 -3.949920e-03
      vertex   2.136047e-02  4.064062e-02 -9.499196e-04
    endloop
  endfacet
  facet normal  7.071053e-01  7.071082e-01  0.000000e+00
    outer loop
      vertex   2.136047e-02  4.064062e-02 -9.499196e-04
      vertex   2.180702e-02  4.019407e-02 -3.949920e-03
      vertex   2.136047e-02  4.064062e-02 -3.949920e-03
    endloop
  endfacet
  facet normal  9.659256e-01  2.588199e-01  0.000000e+00
    outer loop
      vertex   2.136047e-02  4.064062e-02 -9.499196e-04
      vertex   2.136047e-02  4.064062e-02 -3.949920e-03
      vertex   2.119702e-02  4.125062e-02 -9.499196e-04
    endloop
  endfacet
  facet normal  9.659256e-01  2.588199e-01  0.000000e+00
    outer loop
      vertex   2.119702e-02  4.125062e-02 -9.499196e-04
      vertex   2.136047e-02  4.064062e-02 -3.949920e-03
      vertex   2.119702e-02  4.125062e-02 -3.949920e-03
    endloop
  endfacet
  facet normal  9.659260e-01 -2.588184e-01  0.000000e+00
    outer loop
      vertex   2.119702e-02  4.125062e-02 -9.499196e-04
      vertex   2.119702e-02  4.125062e-02 -3.949920e-03
      vertex   2.136047e-02  4.186062e-02 -9.499196e-04
    endloop
  endfacet
  facet normal  9.659260e-01 -2.588184e-01  0.000000e+00
    outer loop
      vertex   2.136047e-02  4.186062e-02 -9.499196e-04
      vertex   2.119702e-02  4.125062e-02 -3.949920e-03
      vertex   2.136047e-02  4.186062e-02 -3.949920e-03
    endloop
  endfacet
  facet normal  7.071053e-01 -7.071082e-01  0.000000e+00
    outer loop
      vertex   2.136047e-02  4.186062e-02 -9.499196e-04
      vertex   2.136047e-02  4.186062e-02 -3.949920e-03
      vertex   2.180702e-02  4.230717e-02 -9.499196e-04
    endloop
  endfacet
  facet normal  7.071053e-01 -7.071082e-01  0.000000e+00
    outer loop
      vertex   2.180702e-02  4.230717e-02 -9.499196e-04
      vertex   2.136047e-02  4.186062e-02 -3.949920e-03
      vertex   2.180702e-02  4.230717e-02 -3.949920e-03
    endloop
  endfacet
  facet normal  2.588219e-01 -9.659250e-01  0.000000e+00
    outer loop
      vertex   2.180702e-02  4.230717e-02 -9.499196e-04
      vertex   2.180702e-02  4.230717e-02 -3.949920e-03
      vertex   2.241702e-02  4.247062e-02 -9.499196e-04
    endloop
  endfacet
  facet normal  2.588219e-01 -9.659250e-01  0.000000e+00
    outer loop
      vertex   2.241702e-02  4.247062e-02 -9.499196e-04
      vertex   2.180702e-02  4.230717e-02 -3.949920e-03
      vertex   2.241702e-02  4.247062e-02 -3.949920e-03
    endloop
  endfacet
  facet normal -2.588192e-01 -9.659258e-01 -0.000000e+00
    outer loop
      vertex   2.241702e-02 -6.529378e-03 -9.499196e-04
      vertex   2.241702e-02 -6.529378e-03 -3.949920e-03
      vertex   2.302702e-02 -6.692827e-03 -9.499196e-04
    endloop
  endfacet
  facet normal -2.588192e-01 -9.659258e-01 -0.000000e+00
    outer loop
      vertex   2.302702e-02 -6.692827e-03 -9.499196e-04
      vertex   2.241702e-02 -6.529378e-03 -3.949920e-03
      vertex   2.302702e-02 -6.692827e-03 -3.949920e-03
    endloop
  endfacet
  facet normal -7.071053e-01 -7.071082e-01 -0.000000e+00
    outer loop
      vertex   2.302702e-02 -6.692827e-03 -9.499196e-04
      vertex   2.302702e-02 -6.692827e-03 -3.949920e-03
      vertex   2.347357e-02 -7.139378e-03 -9.499196e-04
    endloop
  endfacet
  facet normal -7.071053e-01 -7.071082e-01 -0.000000e+00
    outer loop
      vertex   2.347357e-02 -7.139378e-03 -9.499196e-04
      vertex   2.302702e-02 -6.692827e-03 -3.949920e-03
      vertex   2.347357e-02 -7.139378e-03 -3.949920e-03
    endloop
  endfacet
  facet normal -9.659258e-01 -2.588192e-01 -0.000000e+00
    outer loop
      vertex   2.347357e-02 -7.139378e-03 -9.499196e-04
      vertex   2.347357e-02 -7.139378e-03 -3.949920e-03
      vertex   2.363702e-02 -7.749377e-03 -9.499196e-04
    endloop
  endfacet
  facet normal -9.659258e-01 -2.588192e-01 -0.000000e+00
    outer loop
      vertex   2.363702e-02 -7.749377e-03 -9.499196e-04
      vertex   2.347357e-02 -7.139378e-03 -3.949920e-03
      vertex   2.363702e-02 -7.749377e-03 -3.949920e-03
    endloop
  endfacet
  facet normal -9.659261e-01  2.588183e-01  0.000000e+00
    outer loop
      vertex   2.363702e-02 -7.749377e-03 -9.499196e-04
      vertex   2.363702e-02 -7.749377e-03 -3.949920e-03
      vertex   2.347357e-02 -8.359379e-03 -9.499196e-04
    endloop
  endfacet
  facet normal -9.659261e-01  2.588183e-01  0.000000e+00
    outer loop
      vertex   2.347357e-02 -8.359379e-03 -9.499196e-04
      vertex   2.363702e-02 -7.749377e-03 -3.949920e-03
      vertex   2.347357e-02 -8.359379e-03 -3.949920e-03
    endloop
  endfacet
  facet normal -7.071053e-01  7.071082e-01  0.000000e+00
    outer loop
      vertex   2.347357e-02 -8.359379e-03 -9.499196e-04
      vertex   2.347357e-02 -8.359379e-03 -3.949920e-03
      vertex   2.302702e-02 -8.805930e-03 -9.499196e-04
    endloop
  endfacet
  facet normal -7.071053e-01  7.071082e-01  0.000000e+00
    outer loop
      vertex   2.302702e-02 -8.805930e-03 -9.499196e-04
      vertex   2.347357e-02 -8.359379e-03 -3.949920e-03
      vertex   2.302702e-02 -8.805930e-03 -3.949920e-03
    endloop
  endfacet
  facet normal -2.588192e-01  9.659258e-01  0.000000e+00
    outer loop
      vertex   2.302702e-02 -8.805930e-03 -9.499196e-04
      vertex   2.302702e-02 -8.805930e-03 -3.949920e-03
      vertex   2.241702e-02 -8.969379e-03 -9.499196e-04
    endloop
  endfacet
  facet normal -2.588192e-01  9.659258e-01  0.000000e+00
    outer loop
      vertex   2.241702e-02 -8.969379e-03 -9.499196e-04
      vertex   2.302702e-02 -8.805930e-03 -3.949920e-03
      vertex   2.241702e-02 -8.969379e-03 -3.949920e-03
    endloop
  endfacet
  facet normal  2.588192e-01  9.659258e-01  0.000000e+00
    outer loop
      vertex   2.241702e-02 -8.969379e-03 -9.499196e-04
      vertex   2.241702e-02 -8.969379e-03 -3.949920e-03
      vertex   2.180702e-02 -8.805930e-03 -9.499196e-04
    endloop
  endfacet
  facet normal  2.588192e-01  9.659258e-01  0.000000e+00
    outer loop
      vertex   2.180702e-02 -8.805930e-03 -9.499196e-04
      vertex   2.241702e-02 -8.969379e-03 -3.949920e-03
      vertex   2.180702e-02 -8.805930e-03 -3.949920e-03
    endloop
  endfacet
  facet normal  7.071053e-01  7.071082e-01  0.000000e+00
    outer loop
      vertex   2.180702e-02 -8.805930e-03 -9.499196e-04
      vertex   2.180702e-02 -8.805930e-03 -3.949920e-03
      vertex   2.136047e-02 -8.359379e-03 -9.499196e-04
    endloop
  endfacet
  facet normal  7.071053e-01  7.071082e-01  0.000000e+00
    outer loop
      vertex   2.136047e-02 -8.359379e-03 -9.499196e-04
      vertex   2.180702e-02 -8.805930e-03 -3.949920e-03
      vertex   2.136047e-02 -8.359379e-03 -3.949920e-03
    endloop
  endfacet
  facet normal  9.659261e-01  2.588183e-01  0.000000e+00
    outer loop
      vertex   2.136047e-02 -8.359379e-03 -9.499196e-04
      vertex   2.136047e-02 -8.359379e-03 -3.949920e-03
      vertex   2.119702e-02 -7.749377e-03 -9.499196e-04
    endloop
  endfacet
  facet normal  9.659261e-01  2.588183e-01  0.000000e+00
    outer loop
      vertex   2.119702e-02 -7.749377e-03 -9.499196e-04
      vertex   2.136047e-02 -8.359379e-03 -3.949920e-03
      vertex   2.119702e-02 -7.749377e-03 -3.949920e-03
    endloop
  endfacet
  facet normal  9.659258e-01 -2.588192e-01  0.000000e+00
    outer loop
      vertex   2.119702e-02 -7.749377e-03 -9.499196e-04
      vertex   2.119702e-02 -7.749377e-03 -3.949920e-03
      vertex   2.136047e-02 -7.139378e-03 -9.499196e-04
    endloop
  endfacet
  facet normal  9.659258e-01 -2.588192e-01  0.000000e+00
    outer loop
      vertex   2.136047e-02 -7.139378e-03 -9.499196e-04
      vertex   2.119702e-02 -7.749377e-03 -3.949920e-03
      vertex   2.136047e-02 -7.139378e-03 -3.949920e-03
    endloop
  endfacet
  facet normal  7.071053e-01 -7.071082e-01  0.000000e+00
    outer loop
      vertex   2.136047e-02 -7.139378e-03 -9.499196e-04
      vertex   2.136047e-02 -7.139378e-03 -3.949920e-03
      vertex   2.180702e-02 -6.692827e-03 -9.499196e-04
    endloop
  endfacet
  facet normal  7.071053e-01 -7.071082e-01  0.000000e+00
    outer loop
      vertex   2.180702e-02 -6.692827e-03 -9.499196e-04
      vertex   2.136047e-02 -7.139378e-03 -3.949920e-03
      vertex   2.180702e-02 -6.692827e-03 -3.949920e-03
    endloop
  endfacet
  facet normal  2.588192e-01 -9.659258e-01  0.000000e+00
    outer loop
      vertex   2.180702e-02 -6.692827e-03 -9.499196e-04
      vertex   2.180702e-02 -6.692827e-03 -3.949920e-03
      vertex   2.241702e-02 -6.529378e-03 -9.499196e-04
    endloop
  endfacet
  facet normal  2.588192e-01 -9.659258e-01  0.000000e+00
    outer loop
      vertex   2.241702e-02 -6.529378e-03 -9.499196e-04
      vertex   2.180702e-02 -6.692827e-03 -3.949920e-03
      vertex   2.241702e-02 -6.529378e-03 -3.949920e-03
    endloop
  endfacet
  facet normal -2.588199e-01 -9.659256e-01 -0.000000e+00
    outer loop
      vertex  -3.558298e-02 -6.529378e-03 -9.499196e-04
      vertex  -3.558298e-02 -6.529378e-03 -3.949920e-03
      vertex  -3.497298e-02 -6.692827e-03 -9.499196e-04
    endloop
  endfacet
  facet normal -2.588199e-01 -9.659256e-01 -0.000000e+00
    outer loop
      vertex  -3.497298e-02 -6.692827e-03 -9.499196e-04
      vertex  -3.558298e-02 -6.529378e-03 -3.949920e-03
      vertex  -3.497298e-02 -6.692827e-03 -3.949920e-03
    endloop
  endfacet
  facet normal -7.071068e-01 -7.071068e-01 -0.000000e+00
    outer loop
      vertex  -3.497298e-02 -6.692827e-03 -9.499196e-04
      vertex  -3.497298e-02 -6.692827e-03 -3.949920e-03
      vertex  -3.452643e-02 -7.139378e-03 -9.499196e-04
    endloop
  endfacet
  facet normal -7.071068e-01 -7.071068e-01 -0.000000e+00
    outer loop
      vertex  -3.452643e-02 -7.139378e-03 -9.499196e-04
      vertex  -3.497298e-02 -6.692827e-03 -3.949920e-03
      vertex  -3.452643e-02 -7.139378e-03 -3.949920e-03
    endloop
  endfacet
  facet normal -9.659250e-01 -2.588219e-01 -0.000000e+00
    outer loop
      vertex  -3.452643e-02 -7.139378e-03 -9.499196e-04
      vertex  -3.452643e-02 -7.139378e-03 -3.949920e-03
      vertex  -3.436298e-02 -7.749377e-03 -9.499196e-04
    endloop
  endfacet
  facet normal -9.659250e-01 -2.588219e-01 -0.000000e+00
    outer loop
      vertex  -3.436298e-02 -7.749377e-03 -9.499196e-04
      vertex  -3.452643e-02 -7.139378e-03 -3.949920e-03
      vertex  -3.436298e-02 -7.749377e-03 -3.949920e-03
    endloop
  endfacet
  facet normal -9.659253e-01  2.588210e-01  0.000000e+00
    outer loop
      vertex  -3.436298e-02 -7.749377e-03 -9.499196e-04
      vertex  -3.436298e-02 -7.749377e-03 -3.949920e-03
      vertex  -3.452643e-02 -8.359379e-03 -9.499196e-04
    endloop
  endfacet
  facet normal -9.659253e-01  2.588210e-01  0.000000e+00
    outer loop
      vertex  -3.452643e-02 -8.359379e-03 -9.499196e-04
      vertex  -3.436298e-02 -7.749377e-03 -3.949920e-03
      vertex  -3.452643e-02 -8.359379e-03 -3.949920e-03
    endloop
  endfacet
  facet normal -7.071068e-01  7.071068e-01  0.000000e+00
    outer loop
      vertex  -3.452643e-02 -8.359379e-03 -9.499196e-04
      vertex  -3.452643e-02 -8.359379e-03 -3.949920e-03
      vertex  -3.497298e-02 -8.805930e-03 -9.499196e-04
    endloop
  endfacet
  facet normal -7.071068e-01  7.071068e-01  0.000000e+00
    outer loop
      vertex  -3.497298e-02 -8.805930e-03 -9.499196e-04
      vertex  -3.452643e-02 -8.359379e-03 -3.949920e-03
      vertex  -3.497298e-02 -8.805930e-03 -3.949920e-03
    endloop
  endfacet
  facet normal -2.588199e-01  9.659256e-01  0.000000e+00
    outer loop
      vertex  -3.497298e-02 -8.805930e-03 -9.499196e-04
      vertex  -3.497298e-02 -8.805930e-03 -3.949920e-03
      vertex  -3.558298e-02 -8.969379e-03 -9.499196e-04
    endloop
  endfacet
  facet normal -2.588199e-01  9.659256e-01  0.000000e+00
    outer loop
      vertex  -3.558298e-02 -8.969379e-03 -9.499196e-04
      vertex  -3.497298e-02 -8.805930e-03 -3.949920e-03
      vertex  -3.558298e-02 -8.969379e-03 -3.949920e-03
    endloop
  endfacet
  facet normal  2.588184e-01  9.659260e-01  0.000000e+00
    outer loop
      vertex  -3.558298e-02 -8.969379e-03 -9.499196e-04
      vertex  -3.558298e-02 -8.969379e-03 -3.949920e-03
      vertex  -3.619298e-02 -8.805930e-03 -9.499196e-04
    endloop
  endfacet
  facet normal  2.588184e-01  9.659260e-01  0.000000e+00
    outer loop
      vertex  -3.619298e-02 -8.805930e-03 -9.499196e-04
      vertex  -3.558298e-02 -8.969379e-03 -3.949920e-03
      vertex  -3.619298e-02 -8.805930e-03 -3.949920e-03
    endloop
  endfacet
  facet normal  7.071068e-01  7.071068e-01  0.000000e+00
    outer loop
      vertex  -3.619298e-02 -8.805930e-03 -9.499196e-04
      vertex  -3.619298e-02 -8.805930e-03 -3.949920e-03
      vertex  -3.663953e-02 -8.359379e-03 -9.499196e-04
    endloop
  endfacet
  facet normal  7.071068e-01  7.071068e-01  0.000000e+00
    outer loop
      vertex  -3.663953e-02 -8.359379e-03 -9.499196e-04
      vertex  -3.619298e-02 -8.805930e-03 -3.949920e-03
      vertex  -3.663953e-02 -8.359379e-03 -3.949920e-03
    endloop
  endfacet
  facet normal  9.659253e-01  2.588210e-01  0.000000e+00
    outer loop
      vertex  -3.663953e-02 -8.359379e-03 -9.499196e-04
      vertex  -3.663953e-02 -8.359379e-03 -3.949920e-03
      vertex  -3.680298e-02 -7.749377e-03 -9.499196e-04
    endloop
  endfacet
  facet normal  9.659253e-01  2.588210e-01  0.000000e+00
    outer loop
      vertex  -3.680298e-02 -7.749377e-03 -9.499196e-04
      vertex  -3.663953e-02 -8.359379e-03 -3.949920e-03
      vertex  -3.680298e-02 -7.749377e-03 -3.949920e-03
    endloop
  endfacet
  facet normal  9.659250e-01 -2.588219e-01  0.000000e+00
    outer loop
      vertex  -3.680298e-02 -7.749377e-03 -9.499196e-04
      vertex  -3.680298e-02 -7.749377e-03 -3.949920e-03
      vertex  -3.663953e-02 -7.139378e-03 -9.499196e-04
    endloop
  endfacet
  facet normal  9.659250e-01 -2.588219e-01  0.000000e+00
    outer loop
      vertex  -3.663953e-02 -7.139378e-03 -9.499196e-04
      vertex  -3.680298e-02 -7.749377e-03 -3.949920e-03
      vertex  -3.663953e-02 -7.139378e-03 -3.949920e-03
    endloop
  endfacet
  facet normal  7.071068e-01 -7.071068e-01  0.000000e+00
    outer loop
      vertex  -3.663953e-02 -7.139378e-03 -9.499196e-04
      vertex  -3.663953e-02 -7.139378e-03 -3.949920e-03
      vertex  -3.619298e-02 -6.692827e-03 -9.499196e-04
    endloop
  endfacet
  facet normal  7.071068e-01 -7.071068e-01  0.000000e+00
    outer loop
      vertex  -3.619298e-02 -6.692827e-03 -9.499196e-04
      vertex  -3.663953e-02 -7.139378e-03 -3.949920e-03
      vertex  -3.619298e-02 -6.692827e-03 -3.949920e-03
    endloop
  endfacet
  facet normal  2.588184e-01 -9.659260e-01  0.000000e+00
    outer loop
      vertex  -3.619298e-02 -6.692827e-03 -9.499196e-04
      vertex  -3.619298e-02 -6.692827e-03 -3.949920e-03
      vertex  -3.558298e-02 -6.529378e-03 -9.499196e-04
    endloop
  endfacet
  facet normal  2.588184e-01 -9.659260e-01  0.000000e+00
    outer loop
      vertex  -3.558298e-02 -6.529378e-03 -9.499196e-04
      vertex  -3.619298e-02 -6.692827e-03 -3.949920e-03
      vertex  -3.558298e-02 -6.529378e-03 -3.949920e-03
    endloop
  endfacet
  facet normal -2.588227e-01 -9.659249e-01 -0.000000e+00
    outer loop
      vertex  -3.558298e-02  4.247062e-02 -9.499196e-04
      vertex  -3.558298e-02  4.247062e-02 -3.949920e-03
      vertex  -3.497298e-02  4.230717e-02 -9.499196e-04
    endloop
  endfacet
  facet normal -2.588227e-01 -9.659249e-01 -0.000000e+00
    outer loop
      vertex  -3.497298e-02  4.230717e-02 -9.499196e-04
      vertex  -3.558298e-02  4.247062e-02 -3.949920e-03
      vertex  -3.497298e-02  4.230717e-02 -3.949920e-03
    endloop
  endfacet
  facet normal -7.071068e-01 -7.071068e-01 -0.000000e+00
    outer loop
      vertex  -3.497298e-02  4.230717e-02 -9.499196e-04
      vertex  -3.497298e-02  4.230717e-02 -3.949920e-03
      vertex  -3.452643e-02  4.186062e-02 -9.499196e-04
    endloop
  endfacet
  facet normal -7.071068e-01 -7.071068e-01 -0.000000e+00
    outer loop
      vertex  -3.452643e-02  4.186062e-02 -9.499196e-04
      vertex  -3.497298e-02  4.230717e-02 -3.949920e-03
      vertex  -3.452643e-02  4.186062e-02 -3.949920e-03
    endloop
  endfacet
  facet normal -9.659252e-01 -2.588212e-01 -0.000000e+00
    outer loop
      vertex  -3.452643e-02  4.186062e-02 -9.499196e-04
      vertex  -3.452643e-02  4.186062e-02 -3.949920e-03
      vertex  -3.436298e-02  4.125062e-02 -9.499196e-04
    endloop
  endfacet
  facet normal -9.659252e-01 -2.588212e-01 -0.000000e+00
    outer loop
      vertex  -3.436298e-02  4.125062e-02 -9.499196e-04
      vertex  -3.452643e-02  4.186062e-02 -3.949920e-03
      vertex  -3.436298e-02  4.125062e-02 -3.949920e-03
    endloop
  endfacet
  facet normal -9.659249e-01  2.588227e-01  0.000000e+00
    outer loop
      vertex  -3.436298e-02  4.125062e-02 -9.499196e-04
      vertex  -3.436298e-02  4.125062e-02 -3.949920e-03
      vertex  -3.452643e-02  4.064062e-02 -9.499196e-04
    endloop
  endfacet
  facet normal -9.659249e-01  2.588227e-01  0.000000e+00
    outer loop
      vertex  -3.452643e-02  4.064062e-02 -9.499196e-04
      vertex  -3.436298e-02  4.125062e-02 -3.949920e-03
      vertex  -3.452643e-02  4.064062e-02 -3.949920e-03
    endloop
  endfacet
  facet normal -7.071068e-01  7.071068e-01  0.000000e+00
    outer loop
      vertex  -3.452643e-02  4.064062e-02 -9.499196e-04
      vertex  -3.452643e-02  4.064062e-02 -3.949920e-03
      vertex  -3.497298e-02  4.019407e-02 -9.499196e-04
    endloop
  endfacet
  facet normal -7.071068e-01  7.071068e-01  0.000000e+00
    outer loop
      vertex  -3.497298e-02  4.019407e-02 -9.499196e-04
      vertex  -3.452643e-02  4.064062e-02 -3.949920e-03
      vertex  -3.497298e-02  4.019407e-02 -3.949920e-03
    endloop
  endfacet
  facet normal -2.588227e-01  9.659249e-01  0.000000e+00
    outer loop
      vertex  -3.497298e-02  4.019407e-02 -9.499196e-04
      vertex  -3.497298e-02  4.019407e-02 -3.949920e-03
      vertex  -3.558298e-02  4.003062e-02 -9.499196e-04
    endloop
  endfacet
  facet normal -2.588227e-01  9.659249e-01  0.000000e+00
    outer loop
      vertex  -3.558298e-02  4.003062e-02 -9.499196e-04
      vertex  -3.497298e-02  4.019407e-02 -3.949920e-03
      vertex  -3.558298e-02  4.003062e-02 -3.949920e-03
    endloop
  endfacet
  facet normal  2.588212e-01  9.659252e-01  0.000000e+00
    outer loop
      vertex  -3.558298e-02  4.003062e-02 -9.499196e-04
      vertex  -3.558298e-02  4.003062e-02 -3.949920e-03
      vertex  -3.619298e-02  4.019407e-02 -9.499196e-04
    endloop
  endfacet
  facet normal  2.588212e-01  9.659252e-01  0.000000e+00
    outer loop
      vertex  -3.619298e-02  4.019407e-02 -9.499196e-04
      vertex  -3.558298e-02  4.003062e-02 -3.949920e-03
      vertex  -3.619298e-02  4.019407e-02 -3.949920e-03
    endloop
  endfacet
  facet normal  7.071068e-01  7.071068e-01  0.000000e+00
    outer loop
      vertex  -3.619298e-02  4.019407e-02 -9.499196e-04
      vertex  -3.619298e-02  4.019407e-02 -3.949920e-03
      vertex  -3.663953e-02  4.064062e-02 -9.499196e-04
    endloop
  endfacet
  facet normal  7.071068e-01  7.071068e-01  0.000000e+00
    outer loop
      vertex  -3.663953e-02  4.064062e-02 -9.499196e-04
      vertex  -3.619298e-02  4.019407e-02 -3.949920e-03
      vertex  -3.663953e-02  4.064062e-02 -3.949920e-03
    endloop
  endfacet
  facet normal  9.659249e-01  2.588227e-01  0.000000e+00
    outer loop
      vertex  -3.663953e-02  4.064062e-02 -9.499196e-04
      vertex  -3.663953e-02  4.064062e-02 -3.949920e-03
      vertex  -3.680298e-02  4.125062e-02 -9.499196e-04
    endloop
  endfacet
  facet normal  9.659249e-01  2.588227e-01  0.000000e+00
    outer loop
      vertex  -3.680298e-02  4.125062e-02 -9.499196e-04
      vertex  -3.663953e-02  4.064062e-02 -3.949920e-03
      vertex  -3.680298e-02  4.125062e-02 -3.949920e-03
    endloop
  endfacet
  facet normal  9.659252e-01 -2.588212e-01  0.000000e+00
    outer loop
      vertex  -3.680298e-02  4.125062e-02 -9.499196e-04
      vertex  -3.680298e-02  4.125062e-02 -3.949920e-03
      vertex  -3.663953e-02  4.186062e-02 -9.499196e-04
    endloop
  endfacet
  facet normal  9.659252e-01 -2.588212e-01  0.000000e+00
    outer loop
      vertex  -3.663953e-02  4.186062e-02 -9.499196e-04
      vertex  -3.680298e-02  4.125062e-02 -3.949920e-03
      vertex  -3.663953e-02  4.186062e-02 -3.949920e-03
    endloop
  endfacet
  facet normal  7.071068e-01 -7.071068e-01  0.000000e+00
    outer loop
      vertex  -3.663953e-02  4.186062e-02 -9.499196e-04
      vertex  -3.663953e-02  4.186062e-02 -3.949920e-03
      vertex  -3.619298e-02  4.230717e-02 -9.499196e-04
    endloop
  endfacet
  facet normal  7.071068e-01 -7.071068e-01  0.000000e+00
    outer loop
      vertex  -3.619298e-02  4.230717e-02 -9.499196e-04
      vertex  -3.663953e-02  4.186062e-02 -3.949920e-03
      vertex  -3.619298e-02  4.230717e-02 -3.949920e-03
    endloop
  endfacet
  facet normal  2.588212e-01 -9.659252e-01  0.000000e+00
    outer loop
      vertex  -3.619298e-02  4.230717e-02 -9.499196e-04
      vertex  -3.619298e-02  4.230717e-02 -3.949920e-03
      vertex  -3.558298e-02  4.247062e-02 -9.499196e-04
    endloop
  endfacet
  facet normal  2.588212e-01 -9.659252e-01  0.000000e+00
    outer loop
      vertex  -3.558298e-02  4.247062e-02 -9.499196e-04
      vertex  -3.619298e-02  4.230717e-02 -3.949920e-03
      vertex  -3.558298e-02  4.247062e-02 -3.949920e-03
    endloop
  endfacet
  facet normal -2.079117e-01  9.781476e-01  0.000000e+00
    outer loop
      vertex   2.241702e-02  1.075062e-02 -3.949920e-03
      vertex   2.241702e-02  1.075062e-02 -9.499196e-04
      vertex   2.485744e-02  1.126935e-02 -3.949920e-03
    endloop
  endfacet
  facet normal -2.079117e-01  9.781476e-01  0.000000e+00
    outer loop
      vertex   2.485744e-02  1.126935e-02 -3.949920e-03
      vertex   2.241702e-02  1.075062e-02 -9.499196e-04
      vertex   2.485744e-02  1.126935e-02 -9.499196e-04
    endloop
  endfacet
  facet normal -5.877852e-01  8.090170e-01  0.000000e+00
    outer loop
      vertex   2.485744e-02  1.126935e-02 -3.949920e-03
      vertex   2.485744e-02  1.126935e-02 -9.499196e-04
      vertex   2.687589e-02  1.273584e-02 -3.949920e-03
    endloop
  endfacet
  facet normal -5.877852e-01  8.090170e-01  0.000000e+00
    outer loop
      vertex   2.687589e-02  1.273584e-02 -3.949920e-03
      vertex   2.485744e-02  1.126935e-02 -9.499196e-04
      vertex   2.687589e-02  1.273584e-02 -9.499196e-04
    endloop
  endfacet
  facet normal -8.660253e-01  5.000002e-01  0.000000e+00
    outer loop
      vertex   2.687589e-02  1.273584e-02 -3.949920e-03
      vertex   2.687589e-02  1.273584e-02 -9.499196e-04
      vertex   2.812336e-02  1.489652e-02 -3.949920e-03
    endloop
  endfacet
  facet normal -8.660253e-01  5.000002e-01  0.000000e+00
    outer loop
      vertex   2.812336e-02  1.489652e-02 -3.949920e-03
      vertex   2.687589e-02  1.273584e-02 -9.499196e-04
      vertex   2.812336e-02  1.489652e-02 -9.499196e-04
    endloop
  endfacet
  facet normal -9.945219e-01  1.045279e-01  0.000000e+00
    outer loop
      vertex   2.812336e-02  1.489652e-02 -3.949920e-03
      vertex   2.812336e-02  1.489652e-02 -9.499196e-04
      vertex   2.838415e-02  1.737779e-02 -3.949920e-03
    endloop
  endfacet
  facet normal -9.945219e-01  1.045279e-01  0.000000e+00
    outer loop
      vertex   2.838415e-02  1.737779e-02 -3.949920e-03
      vertex   2.812336e-02  1.489652e-02 -9.499196e-04
      vertex   2.838415e-02  1.737779e-02 -9.499196e-04
    endloop
  endfacet
  facet normal -9.510565e-01 -3.090169e-01  0.000000e+00
    outer loop
      vertex   2.838415e-02  1.737779e-02 -3.949920e-03
      vertex   2.838415e-02  1.737779e-02 -9.499196e-04
      vertex   2.761317e-02  1.975062e-02 -3.949920e-03
    endloop
  endfacet
  facet normal -9.510565e-01 -3.090169e-01  0.000000e+00
    outer loop
      vertex   2.761317e-02  1.975062e-02 -3.949920e-03
      vertex   2.838415e-02  1.737779e-02 -9.499196e-04
      vertex   2.761317e-02  1.975062e-02 -9.499196e-04
    endloop
  endfacet
  facet normal -7.431451e-01 -6.691303e-01  0.000000e+00
    outer loop
      vertex   2.761317e-02  1.975062e-02 -3.949920e-03
      vertex   2.761317e-02  1.975062e-02 -9.499196e-04
      vertex   2.594373e-02  2.160472e-02 -3.949920e-03
    endloop
  endfacet
  facet normal -7.431451e-01 -6.691303e-01  0.000000e+00
    outer loop
      vertex   2.594373e-02  2.160472e-02 -3.949920e-03
      vertex   2.761317e-02  1.975062e-02 -9.499196e-04
      vertex   2.594373e-02  2.160472e-02 -9.499196e-04
    endloop
  endfacet
  facet normal -4.067366e-01 -9.135455e-01  0.000000e+00
    outer loop
      vertex   2.594373e-02  2.160472e-02 -3.949920e-03
      vertex   2.594373e-02  2.160472e-02 -9.499196e-04
      vertex   2.366449e-02  2.261951e-02 -3.949920e-03
    endloop
  endfacet
  facet normal -4.067366e-01 -9.135455e-01  0.000000e+00
    outer loop
      vertex   2.366449e-02  2.261951e-02 -3.949920e-03
      vertex   2.594373e-02  2.160472e-02 -9.499196e-04
      vertex   2.366449e-02  2.261951e-02 -9.499196e-04
    endloop
  endfacet
  facet normal  0.000000e+00 -1.000000e+00  0.000000e+00
    outer loop
      vertex   2.366449e-02  2.261951e-02 -3.949920e-03
      vertex   2.366449e-02  2.261951e-02 -9.499196e-04
      vertex   2.116955e-02  2.261951e-02 -3.949920e-03
    endloop
  endfacet
  facet normal  0.000000e+00 -1.000000e+00  0.000000e+00
    outer loop
      vertex   2.116955e-02  2.261951e-02 -3.949920e-03
      vertex   2.366449e-02  2.261951e-02 -9.499196e-04
      vertex   2.116955e-02  2.261951e-02 -9.499196e-04
    endloop
  endfacet
  facet normal  4.067369e-01 -9.135454e-01  0.000000e+00
    outer loop
      vertex   2.116955e-02  2.261951e-02 -3.949920e-03
      vertex   2.116955e-02  2.261951e-02 -9.499196e-04
      vertex   1.889031e-02  2.160472e-02 -3.949920e-03
    endloop
  endfacet
  facet normal  4.067369e-01 -9.135454e-01  0.000000e+00
    outer loop
      vertex   1.889031e-02  2.160472e-02 -3.949920e-03
      vertex   2.116955e-02  2.261951e-02 -9.499196e-04
      vertex   1.889031e-02  2.160472e-02 -9.499196e-04
    endloop
  endfacet
  facet normal  7.431451e-01 -6.691303e-01  0.000000e+00
    outer loop
      vertex   1.889031e-02  2.160472e-02 -3.949920e-03
      vertex   1.889031e-02  2.160472e-02 -9.499196e-04
      vertex   1.722087e-02  1.975062e-02 -3.949920e-03
    endloop
  endfacet
  facet normal  7.431451e-01 -6.691303e-01  0.000000e+00
    outer loop
      vertex   1.722087e-02  1.975062e-02 -3.949920e-03
      vertex   1.889031e-02  2.160472e-02 -9.499196e-04
      vertex   1.722087e-02  1.975062e-02 -9.499196e-04
    endloop
  endfacet
  facet normal  9.510565e-01 -3.090169e-01  0.000000e+00
    outer loop
      vertex   1.722087e-02  1.975062e-02 -3.949920e-03
      vertex   1.722087e-02  1.975062e-02 -9.499196e-04
      vertex   1.644989e-02  1.737779e-02 -3.949920e-03
    endloop
  endfacet
  facet normal  9.510565e-01 -3.090169e-01  0.000000e+00
    outer loop
      vertex   1.644989e-02  1.737779e-02 -3.949920e-03
      vertex   1.722087e-02  1.975062e-02 -9.499196e-04
      vertex   1.644989e-02  1.737779e-02 -9.499196e-04
    endloop
  endfacet
  facet normal  9.945219e-01  1.045279e-01 -0.000000e+00
    outer loop
      vertex   1.644989e-02  1.737779e-02 -3.949920e-03
      vertex   1.644989e-02  1.737779e-02 -9.499196e-04
      vertex   1.671068e-02  1.489652e-02 -3.949920e-03
    endloop
  endfacet
  facet normal  9.945219e-01  1.045279e-01 -0.000000e+00
    outer loop
      vertex   1.671068e-02  1.489652e-02 -3.949920e-03
      vertex   1.644989e-02  1.737779e-02 -9.499196e-04
      vertex   1.671068e-02  1.489652e-02 -9.499196e-04
    endloop
  endfacet
  facet normal  8.660253e-01  5.000002e-01 -0.000000e+00
    outer loop
      vertex   1.671068e-02  1.489652e-02 -3.949920e-03
      vertex   1.671068e-02  1.489652e-02 -9.499196e-04
      vertex   1.795815e-02  1.273584e-02 -3.949920e-03
    endloop
  endfacet
  facet normal  8.660253e-01  5.000002e-01 -0.000000e+00
    outer loop
      vertex   1.795815e-02  1.273584e-02 -3.949920e-03
      vertex   1.671068e-02  1.489652e-02 -9.499196e-04
      vertex   1.795815e-02  1.273584e-02 -9.499196e-04
    endloop
  endfacet
  facet normal  5.877855e-01  8.090168e-01 -0.000000e+00
    outer loop
      vertex   1.795815e-02  1.273584e-02 -3.949920e-03
      vertex   1.795815e-02  1.273584e-02 -9.499196e-04
      vertex   1.997660e-02  1.126935e-02 -3.949920e-03
    endloop
  endfacet
  facet normal  5.877855e-01  8.090168e-01 -0.000000e+00
    outer loop
      vertex   1.997660e-02  1.126935e-02 -3.949920e-03
      vertex   1.795815e-02  1.273584e-02 -9.499196e-04
      vertex   1.997660e-02  1.126935e-02 -9.499196e-04
    endloop
  endfacet
  facet normal  2.079116e-01  9.781476e-01 -0.000000e+00
    outer loop
      vertex   1.997660e-02  1.126935e-02 -3.949920e-03
      vertex   1.997660e-02  1.126935e-02 -9.499196e-04
      vertex   2.241702e-02  1.075062e-02 -3.949920e-03
    endloop
  endfacet
  facet normal  2.079116e-01  9.781476e-01 -0.000000e+00
    outer loop
      vertex   2.241702e-02  1.075062e-02 -3.949920e-03
      vertex   1.997660e-02  1.126935e-02 -9.499196e-04
      vertex   2.241702e-02  1.075062e-02 -9.499196e-04
    endloop
  endfacet
  facet normal -2.588197e-01  9.659256e-01  0.000000e+00
    outer loop
      vertex   1.291702e-02  1.550062e-02 -3.949920e-03
      vertex   1.291702e-02  1.550062e-02 -9.499196e-04
      vertex   1.354202e-02  1.566809e-02 -3.949920e-03
    endloop
  endfacet
  facet normal -2.588197e-01  9.659256e-01  0.000000e+00
    outer loop
      vertex   1.354202e-02  1.566809e-02 -3.949920e-03
      vertex   1.291702e-02  1.550062e-02 -9.499196e-04
      vertex   1.354202e-02  1.566809e-02 -9.499196e-04
    endloop
  endfacet
  facet normal -7.071061e-01  7.071075e-01  0.000000e+00
    outer loop
      vertex   1.354202e-02  1.566809e-02 -3.949920e-03
      vertex   1.354202e-02  1.566809e-02 -9.499196e-04
      vertex   1.399955e-02  1.612562e-02 -3.949920e-03
    endloop
  endfacet
  facet normal -7.071061e-01  7.071075e-01  0.000000e+00
    outer loop
      vertex   1.399955e-02  1.612562e-02 -3.949920e-03
      vertex   1.354202e-02  1.566809e-02 -9.499196e-04
      vertex   1.399955e-02  1.612562e-02 -9.499196e-04
    endloop
  endfacet
  facet normal -9.659258e-01  2.588190e-01  0.000000e+00
    outer loop
      vertex   1.399955e-02  1.612562e-02 -3.949920e-03
      vertex   1.399955e-02  1.612562e-02 -9.499196e-04
      vertex   1.416702e-02  1.675062e-02 -3.949920e-03
    endloop
  endfacet
  facet normal -9.659258e-01  2.588190e-01  0.000000e+00
    outer loop
      vertex   1.416702e-02  1.675062e-02 -3.949920e-03
      vertex   1.399955e-02  1.612562e-02 -9.499196e-04
      vertex   1.416702e-02  1.675062e-02 -9.499196e-04
    endloop
  endfacet
  facet normal -9.659256e-01 -2.588197e-01  0.000000e+00
    outer loop
      vertex   1.416702e-02  1.675062e-02 -3.949920e-03
      vertex   1.416702e-02  1.675062e-02 -9.499196e-04
      vertex   1.399955e-02  1.737562e-02 -3.949920e-03
    endloop
  endfacet
  facet normal -9.659256e-01 -2.588197e-01  0.000000e+00
    outer loop
      vertex   1.399955e-02  1.737562e-02 -3.949920e-03
      vertex   1.416702e-02  1.675062e-02 -9.499196e-04
      vertex   1.399955e-02  1.737562e-02 -9.499196e-04
    endloop
  endfacet
  facet normal -7.071075e-01 -7.071060e-01  0.000000e+00
    outer loop
      vertex   1.399955e-02  1.737562e-02 -3.949920e-03
      vertex   1.399955e-02  1.737562e-02 -9.499196e-04
      vertex   1.354202e-02  1.783315e-02 -3.949920e-03
    endloop
  endfacet
  facet normal -7.071075e-01 -7.071060e-01  0.000000e+00
    outer loop
      vertex   1.354202e-02  1.783315e-02 -3.949920e-03
      vertex   1.399955e-02  1.737562e-02 -9.499196e-04
      vertex   1.354202e-02  1.783315e-02 -9.499196e-04
    endloop
  endfacet
  facet normal -2.588170e-01 -9.659263e-01  0.000000e+00
    outer loop
      vertex   1.354202e-02  1.783315e-02 -3.949920e-03
      vertex   1.354202e-02  1.783315e-02 -9.499196e-04
      vertex   1.291702e-02  1.800062e-02 -3.949920e-03
    endloop
  endfacet
  facet normal -2.588170e-01 -9.659263e-01  0.000000e+00
    outer loop
      vertex   1.291702e-02  1.800062e-02 -3.949920e-03
      vertex   1.354202e-02  1.783315e-02 -9.499196e-04
      vertex   1.291702e-02  1.800062e-02 -9.499196e-04
    endloop
  endfacet
  facet normal  2.588167e-01 -9.659265e-01  0.000000e+00
    outer loop
      vertex   1.291702e-02  1.800062e-02 -3.949920e-03
      vertex   1.291702e-02  1.800062e-02 -9.499196e-04
      vertex   1.229202e-02  1.783315e-02 -3.949920e-03
    endloop
  endfacet
  facet normal  2.588167e-01 -9.659265e-01  0.000000e+00
    outer loop
      vertex   1.229202e-02  1.783315e-02 -3.949920e-03
      vertex   1.291702e-02  1.800062e-02 -9.499196e-04
      vertex   1.229202e-02  1.783315e-02 -9.499196e-04
    endloop
  endfacet
  facet normal  7.071075e-01 -7.071060e-01  0.000000e+00
    outer loop
      vertex   1.229202e-02  1.783315e-02 -3.949920e-03
      vertex   1.229202e-02  1.783315e-02 -9.499196e-04
      vertex   1.183449e-02  1.737562e-02 -3.949920e-03
    endloop
  endfacet
  facet normal  7.071075e-01 -7.071060e-01  0.000000e+00
    outer loop
      vertex   1.183449e-02  1.737562e-02 -3.949920e-03
      vertex   1.229202e-02  1.783315e-02 -9.499196e-04
      vertex   1.183449e-02  1.737562e-02 -9.499196e-04
    endloop
  endfacet
  facet normal  9.659256e-01 -2.588197e-01  0.000000e+00
    outer loop
      vertex   1.183449e-02  1.737562e-02 -3.949920e-03
      vertex   1.183449e-02  1.737562e-02 -9.499196e-04
      vertex   1.166702e-02  1.675062e-02 -3.949920e-03
    endloop
  endfacet
  facet normal  9.659256e-01 -2.588197e-01  0.000000e+00
    outer loop
      vertex   1.166702e-02  1.675062e-02 -3.949920e-03
      vertex   1.183449e-02  1.737562e-02 -9.499196e-04
      vertex   1.166702e-02  1.675062e-02 -9.499196e-04
    endloop
  endfacet
  facet normal  9.659258e-01  2.588190e-01 -0.000000e+00
    outer loop
      vertex   1.166702e-02  1.675062e-02 -3.949920e-03
      vertex   1.166702e-02  1.675062e-02 -9.499196e-04
      vertex   1.183449e-02  1.612562e-02 -3.949920e-03
    endloop
  endfacet
  facet normal  9.659258e-01  2.588190e-01 -0.000000e+00
    outer loop
      vertex   1.183449e-02  1.612562e-02 -3.949920e-03
      vertex   1.166702e-02  1.675062e-02 -9.499196e-04
      vertex   1.183449e-02  1.612562e-02 -9.499196e-04
    endloop
  endfacet
  facet normal  7.071061e-01  7.071075e-01 -0.000000e+00
    outer loop
      vertex   1.183449e-02  1.612562e-02 -3.949920e-03
      vertex   1.183449e-02  1.612562e-02 -9.499196e-04
      vertex   1.229202e-02  1.566809e-02 -3.949920e-03
    endloop
  endfacet
  facet normal  7.071061e-01  7.071075e-01 -0.000000e+00
    outer loop
      vertex   1.229202e-02  1.566809e-02 -3.949920e-03
      vertex   1.183449e-02  1.612562e-02 -9.499196e-04
      vertex   1.229202e-02  1.566809e-02 -9.499196e-04
    endloop
  endfacet
  facet normal  2.588194e-01  9.659257e-01 -0.000000e+00
    outer loop
      vertex   1.229202e-02  1.566809e-02 -3.949920e-03
      vertex   1.229202e-02  1.566809e-02 -9.499196e-04
      vertex   1.291702e-02  1.550062e-02 -3.949920e-03
    endloop
  endfacet
  facet normal  2.588194e-01  9.659257e-01 -0.000000e+00
    outer loop
      vertex   1.291702e-02  1.550062e-02 -3.949920e-03
      vertex   1.229202e-02  1.566809e-02 -9.499196e-04
      vertex   1.291702e-02  1.550062e-02 -9.499196e-04
    endloop
  endfacet
  facet normal -2.588197e-01  9.659256e-01  0.000000e+00
    outer loop
      vertex   3.191702e-02  1.550062e-02 -3.949920e-03
      vertex   3.191702e-02  1.550062e-02 -9.499196e-04
      vertex   3.254202e-02  1.566809e-02 -3.949920e-03
    endloop
  endfacet
  facet normal -2.588197e-01  9.659256e-01  0.000000e+00
    outer loop
      vertex   3.254202e-02  1.566809e-02 -3.949920e-03
      vertex   3.191702e-02  1.550062e-02 -9.499196e-04
      vertex   3.254202e-02  1.566809e-02 -9.499196e-04
    endloop
  endfacet
  facet normal -7.071053e-01  7.071082e-01  0.000000e+00
    outer loop
      vertex   3.254202e-02  1.566809e-02 -3.949920e-03
      vertex   3.254202e-02  1.566809e-02 -9.499196e-04
      vertex   3.299955e-02  1.612562e-02 -3.949920e-03
    endloop
  endfacet
  facet normal -7.071053e-01  7.071082e-01  0.000000e+00
    outer loop
      vertex   3.299955e-02  1.612562e-02 -3.949920e-03
      vertex   3.254202e-02  1.566809e-02 -9.499196e-04
      vertex   3.299955e-02  1.612562e-02 -9.499196e-04
    endloop
  endfacet
  facet normal -9.659265e-01  2.588163e-01  0.000000e+00
    outer loop
      vertex   3.299955e-02  1.612562e-02 -3.949920e-03
      vertex   3.299955e-02  1.612562e-02 -9.499196e-04
      vertex   3.316702e-02  1.675062e-02 -3.949920e-03
    endloop
  endfacet
  facet normal -9.659265e-01  2.588163e-01  0.000000e+00
    outer loop
      vertex   3.316702e-02  1.675062e-02 -3.949920e-03
      vertex   3.299955e-02  1.612562e-02 -9.499196e-04
      vertex   3.316702e-02  1.675062e-02 -9.499196e-04
    endloop
  endfacet
  facet normal -9.659263e-01 -2.588170e-01  0.000000e+00
    outer loop
      vertex   3.316702e-02  1.675062e-02 -3.949920e-03
      vertex   3.316702e-02  1.675062e-02 -9.499196e-04
      vertex   3.299955e-02  1.737562e-02 -3.949920e-03
    endloop
  endfacet
  facet normal -9.659263e-01 -2.588170e-01  0.000000e+00
    outer loop
      vertex   3.299955e-02  1.737562e-02 -3.949920e-03
      vertex   3.316702e-02  1.675062e-02 -9.499196e-04
      vertex   3.299955e-02  1.737562e-02 -9.499196e-04
    endloop
  endfacet
  facet normal -7.071068e-01 -7.071068e-01  0.000000e+00
    outer loop
      vertex   3.299955e-02  1.737562e-02 -3.949920e-03
      vertex   3.299955e-02  1.737562e-02 -9.499196e-04
      vertex   3.254202e-02  1.783315e-02 -3.949920e-03
    endloop
  endfacet
  facet normal -7.071068e-01 -7.071068e-01  0.000000e+00
    outer loop
      vertex   3.254202e-02  1.783315e-02 -3.949920e-03
      vertex   3.299955e-02  1.737562e-02 -9.499196e-04
      vertex   3.254202e-02  1.783315e-02 -9.499196e-04
    endloop
  endfacet
  facet normal -2.588170e-01 -9.659263e-01  0.000000e+00
    outer loop
      vertex   3.254202e-02  1.783315e-02 -3.949920e-03
      vertex   3.254202e-02  1.783315e-02 -9.499196e-04
      vertex   3.191702e-02  1.800062e-02 -3.949920e-03
    endloop
  endfacet
  facet normal -2.588170e-01 -9.659263e-01  0.000000e+00
    outer loop
      vertex   3.191702e-02  1.800062e-02 -3.949920e-03
      vertex   3.254202e-02  1.783315e-02 -9.499196e-04
      vertex   3.191702e-02  1.800062e-02 -9.499196e-04
    endloop
  endfacet
  facet normal  2.588170e-01 -9.659263e-01  0.000000e+00
    outer loop
      vertex   3.191702e-02  1.800062e-02 -3.949920e-03
      vertex   3.191702e-02  1.800062e-02 -9.499196e-04
      vertex   3.129202e-02  1.783315e-02 -3.949920e-03
    endloop
  endfacet
  facet normal  2.588170e-01 -9.659263e-01  0.000000e+00
    outer loop
      vertex   3.129202e-02  1.783315e-02 -3.949920e-03
      vertex   3.191702e-02  1.800062e-02 -9.499196e-04
      vertex   3.129202e-02  1.783315e-02 -9.499196e-04
    endloop
  endfacet
  facet normal  7.071082e-01 -7.071053e-01  0.000000e+00
    outer loop
      vertex   3.129202e-02  1.783315e-02 -3.949920e-03
      vertex   3.129202e-02  1.783315e-02 -9.499196e-04
      vertex   3.083449e-02  1.737562e-02 -3.949920e-03
    endloop
  endfacet
  facet normal  7.071082e-01 -7.071053e-01  0.000000e+00
    outer loop
      vertex   3.083449e-02  1.737562e-02 -3.949920e-03
      vertex   3.129202e-02  1.783315e-02 -9.499196e-04
      vertex   3.083449e-02  1.737562e-02 -9.499196e-04
    endloop
  endfacet
  facet normal  9.659256e-01 -2.588197e-01  0.000000e+00
    outer loop
      vertex   3.083449e-02  1.737562e-02 -3.949920e-03
      vertex   3.083449e-02  1.737562e-02 -9.499196e-04
      vertex   3.066702e-02  1.675062e-02 -3.949920e-03
    endloop
  endfacet
  facet normal  9.659256e-01 -2.588197e-01  0.000000e+00
    outer loop
      vertex   3.066702e-02  1.675062e-02 -3.949920e-03
      vertex   3.083449e-02  1.737562e-02 -9.499196e-04
      vertex   3.066702e-02  1.675062e-02 -9.499196e-04
    endloop
  endfacet
  facet normal  9.659258e-01  2.588190e-01 -0.000000e+00
    outer loop
      vertex   3.066702e-02  1.675062e-02 -3.949920e-03
      vertex   3.066702e-02  1.675062e-02 -9.499196e-04
      vertex   3.083449e-02  1.612562e-02 -3.949920e-03
    endloop
  endfacet
  facet normal  9.659258e-01  2.588190e-01 -0.000000e+00
    outer loop
      vertex   3.083449e-02  1.612562e-02 -3.949920e-03
      vertex   3.066702e-02  1.675062e-02 -9.499196e-04
      vertex   3.083449e-02  1.612562e-02 -9.499196e-04
    endloop
  endfacet
  facet normal  7.071068e-01  7.071068e-01 -0.000000e+00
    outer loop
      vertex   3.083449e-02  1.612562e-02 -3.949920e-03
      vertex   3.083449e-02  1.612562e-02 -9.499196e-04
      vertex   3.129202e-02  1.566809e-02 -3.949920e-03
    endloop
  endfacet
  facet normal  7.071068e-01  7.071068e-01 -0.000000e+00
    outer loop
      vertex   3.129202e-02  1.566809e-02 -3.949920e-03
      vertex   3.083449e-02  1.612562e-02 -9.499196e-04
      vertex   3.129202e-02  1.566809e-02 -9.499196e-04
    endloop
  endfacet
  facet normal  2.588197e-01  9.659256e-01 -0.000000e+00
    outer loop
      vertex   3.129202e-02  1.566809e-02 -3.949920e-03
      vertex   3.129202e-02  1.566809e-02 -9.499196e-04
      vertex   3.191702e-02  1.550062e-02 -3.949920e-03
    endloop
  endfacet
  facet normal  2.588197e-01  9.659256e-01 -0.000000e+00
    outer loop
      vertex   3.191702e-02  1.550062e-02 -3.949920e-03
      vertex   3.129202e-02  1.566809e-02 -9.499196e-04
      vertex   3.191702e-02  1.550062e-02 -9.499196e-04
    endloop
  endfacet
endsolid vcg
