solid STL generated by MeshLab
  facet normal  0.000000e+00 -1.000000e+00  0.000000e+00
    outer loop
      vertex   3.160893e-04  1.015329e-02  1.704707e-02
      vertex  -2.494077e-03  1.015329e-02  1.686660e-02
      vertex   2.861661e-04  1.015329e-02  1.418615e-02
    endloop
  endfacet
  facet normal  0.000000e+00 -1.000000e+00 -0.000000e+00
    outer loop
      vertex  -1.022109e-02  1.015329e-02  1.364668e-02
      vertex  -1.232786e-02  1.015329e-02  1.177822e-02
      vertex  -9.685733e-03  1.015329e-02  7.931853e-03
    endloop
  endfacet
  facet normal  0.000000e+00 -1.000000e+00 -0.000000e+00
    outer loop
      vertex  -8.807725e-04  1.015329e-02 -8.277651e-03
      vertex  -1.241978e-03  1.015329e-02 -8.666295e-03
      vertex   7.528223e-04  1.015329e-02 -8.711452e-03
    endloop
  endfacet
  facet normal  0.000000e+00 -1.000000e+00 -0.000000e+00
    outer loop
      vertex  -1.260448e-03  1.015329e-02 -5.501479e-03
      vertex  -1.306898e-03  1.015329e-02 -6.892130e-03
      vertex  -3.762624e-04  1.015329e-02 -6.911231e-03
    endloop
  endfacet
  facet normal -0.000000e+00 -1.000000e+00  0.000000e+00
    outer loop
      vertex  -3.762624e-04  1.015329e-02 -6.911231e-03
      vertex  -1.306898e-03  1.015329e-02 -6.892130e-03
      vertex  -9.182540e-04  1.015329e-02 -7.253336e-03
    endloop
  endfacet
  facet normal  0.000000e+00 -1.000000e+00 -0.000000e+00
    outer loop
      vertex  -3.762624e-04  1.015329e-02 -6.911231e-03
      vertex  -9.182540e-04  1.015329e-02 -7.253336e-03
      vertex   7.528223e-04  1.015329e-02 -8.711452e-03
    endloop
  endfacet
  facet normal  0.000000e+00 -1.000000e+00  0.000000e+00
    outer loop
      vertex   7.528223e-04  1.015329e-02 -8.711452e-03
      vertex  -9.182540e-04  1.015329e-02 -7.253336e-03
      vertex  -7.622812e-04  1.015329e-02 -7.760472e-03
    endloop
  endfacet
  facet normal  0.000000e+00 -1.000000e+00  0.000000e+00
    outer loop
      vertex   7.528223e-04  1.015329e-02 -8.711452e-03
      vertex  -7.622812e-04  1.015329e-02 -7.760472e-03
      vertex  -8.807725e-04  1.015329e-02 -8.277651e-03
    endloop
  endfacet
  facet normal  0.000000e+00 -1.000000e+00  0.000000e+00
    outer loop
      vertex  -1.241978e-03  1.015329e-02 -8.666295e-03
      vertex  -1.749114e-03  1.015329e-02 -8.822268e-03
      vertex  -5.918582e-03  1.015329e-02 -1.289571e-02
    endloop
  endfacet
  facet normal  0.000000e+00 -1.000000e+00  0.000000e+00
    outer loop
      vertex  -5.918582e-03  1.015329e-02 -1.289571e-02
      vertex  -1.749114e-03  1.015329e-02 -8.822268e-03
      vertex  -2.266293e-03  1.015329e-02 -8.703777e-03
    endloop
  endfacet
  facet normal  0.000000e+00 -1.000000e+00  0.000000e+00
    outer loop
      vertex  -5.918582e-03  1.015329e-02 -1.289571e-02
      vertex  -2.266293e-03  1.015329e-02 -8.703777e-03
      vertex  -7.047666e-03  1.015329e-02 -1.109549e-02
    endloop
  endfacet
  facet normal  0.000000e+00 -1.000000e+00  0.000000e+00
    outer loop
      vertex  -7.047666e-03  1.015329e-02 -1.109549e-02
      vertex  -2.266293e-03  1.015329e-02 -8.703777e-03
      vertex  -2.654937e-03  1.015329e-02 -8.342571e-03
    endloop
  endfacet
  facet normal  0.000000e+00 -1.000000e+00  0.000000e+00
    outer loop
      vertex  -7.047666e-03  1.015329e-02 -1.109549e-02
      vertex  -2.654937e-03  1.015329e-02 -8.342571e-03
      vertex  -7.931853e-03  1.015329e-02 -9.685733e-03
    endloop
  endfacet
  facet normal  0.000000e+00 -1.000000e+00  0.000000e+00
    outer loop
      vertex  -7.931853e-03  1.015329e-02 -9.685733e-03
      vertex  -2.654937e-03  1.015329e-02 -8.342571e-03
      vertex  -2.810910e-03  1.015329e-02 -7.835435e-03
    endloop
  endfacet
  facet normal -0.000000e+00 -1.000000e+00  0.000000e+00
    outer loop
      vertex  -2.810910e-03  1.015329e-02 -7.835435e-03
      vertex  -2.692419e-03  1.015329e-02 -7.318256e-03
      vertex  -7.931853e-03  1.015329e-02 -9.685733e-03
    endloop
  endfacet
  facet normal  0.000000e+00 -1.000000e+00  0.000000e+00
    outer loop
      vertex  -7.931853e-03  1.015329e-02 -9.685733e-03
      vertex  -2.692419e-03  1.015329e-02 -7.318256e-03
      vertex  -2.331213e-03  1.015329e-02 -6.929612e-03
    endloop
  endfacet
  facet normal  0.000000e+00 -1.000000e+00  0.000000e+00
    outer loop
      vertex  -7.931853e-03  1.015329e-02 -9.685733e-03
      vertex  -2.331213e-03  1.015329e-02 -6.929612e-03
      vertex  -1.260448e-03  1.015329e-02 -5.501479e-03
    endloop
  endfacet
  facet normal  0.000000e+00 -1.000000e+00  0.000000e+00
    outer loop
      vertex  -1.260448e-03  1.015329e-02 -5.501479e-03
      vertex  -2.331213e-03  1.015329e-02 -6.929612e-03
      vertex  -1.824078e-03  1.015329e-02 -6.773639e-03
    endloop
  endfacet
  facet normal  0.000000e+00 -1.000000e+00  0.000000e+00
    outer loop
      vertex  -1.260448e-03  1.015329e-02 -5.501479e-03
      vertex  -1.824078e-03  1.015329e-02 -6.773639e-03
      vertex  -1.306898e-03  1.015329e-02 -6.892130e-03
    endloop
  endfacet
  facet normal  0.000000e+00 -1.000000e+00  0.000000e+00
    outer loop
      vertex   1.013772e-02  1.015329e-02 -1.524690e-03
      vertex   1.660303e-02  1.015329e-02  3.878391e-03
      vertex   9.595637e-03  1.015329e-02 -6.569299e-04
    endloop
  endfacet
  facet normal  0.000000e+00 -1.000000e+00  0.000000e+00
    outer loop
      vertex   9.595637e-03  1.015329e-02 -6.569299e-04
      vertex   1.660303e-02  1.015329e-02  3.878391e-03
      vertex   1.573822e-02  1.015329e-02  6.558264e-03
    endloop
  endfacet
  facet normal  0.000000e+00 -1.000000e+00  0.000000e+00
    outer loop
      vertex   9.595637e-03  1.015329e-02 -6.569299e-04
      vertex   1.573822e-02  1.015329e-02  6.558264e-03
      vertex   8.711452e-03  1.015329e-02  7.528223e-04
    endloop
  endfacet
  facet normal  0.000000e+00 -1.000000e+00  0.000000e+00
    outer loop
      vertex   1.013772e-02  1.015329e-02 -1.524690e-03
      vertex   1.068196e-02  1.015329e-02 -1.357305e-03
      vertex   1.660303e-02  1.015329e-02  3.878391e-03
    endloop
  endfacet
  facet normal  0.000000e+00 -1.000000e+00  0.000000e+00
    outer loop
      vertex   1.660303e-02  1.015329e-02  3.878391e-03
      vertex   1.068196e-02  1.015329e-02 -1.357305e-03
      vertex   1.123698e-02  1.015329e-02 -1.484466e-03
    endloop
  endfacet
  facet normal  0.000000e+00 -1.000000e+00 -0.000000e+00
    outer loop
      vertex   1.660303e-02  1.015329e-02  3.878391e-03
      vertex   1.123698e-02  1.015329e-02 -1.484466e-03
      vertex   1.701495e-02  1.015329e-02  1.092726e-03
    endloop
  endfacet
  facet normal  0.000000e+00 -1.000000e+00  0.000000e+00
    outer loop
      vertex   1.701495e-02  1.015329e-02  1.092726e-03
      vertex   1.123698e-02  1.015329e-02 -1.484466e-03
      vertex   1.165406e-02  1.015329e-02 -1.872102e-03
    endloop
  endfacet
  facet normal  0.000000e+00 -1.000000e+00  0.000000e+00
    outer loop
      vertex   1.701495e-02  1.015329e-02  1.092726e-03
      vertex   1.165406e-02  1.015329e-02 -1.872102e-03
      vertex   1.696274e-02  1.015329e-02 -1.722745e-03
    endloop
  endfacet
  facet normal  0.000000e+00 -1.000000e+00  0.000000e+00
    outer loop
      vertex   1.696274e-02  1.015329e-02 -1.722745e-03
      vertex   1.165406e-02  1.015329e-02 -1.872102e-03
      vertex   1.182145e-02  1.015329e-02 -2.416344e-03
    endloop
  endfacet
  facet normal  0.000000e+00 -1.000000e+00  0.000000e+00
    outer loop
      vertex   1.696274e-02  1.015329e-02 -1.722745e-03
      vertex   1.182145e-02  1.015329e-02 -2.416344e-03
      vertex   1.644784e-02  1.015329e-02 -4.491225e-03
    endloop
  endfacet
  facet normal  0.000000e+00 -1.000000e+00  0.000000e+00
    outer loop
      vertex   1.644784e-02  1.015329e-02 -4.491225e-03
      vertex   1.182145e-02  1.015329e-02 -2.416344e-03
      vertex   1.169429e-02  1.015329e-02 -2.971366e-03
    endloop
  endfacet
  facet normal -0.000000e+00 -1.000000e+00  0.000000e+00
    outer loop
      vertex   1.644784e-02  1.015329e-02 -4.491225e-03
      vertex   1.169429e-02  1.015329e-02 -2.971366e-03
      vertex   1.548428e-02  1.015329e-02 -7.137196e-03
    endloop
  endfacet
  facet normal  0.000000e+00 -1.000000e+00  0.000000e+00
    outer loop
      vertex   1.548428e-02  1.015329e-02 -7.137196e-03
      vertex   1.169429e-02  1.015329e-02 -2.971366e-03
      vertex   1.130665e-02  1.015329e-02 -3.388447e-03
    endloop
  endfacet
  facet normal -0.000000e+00 -1.000000e+00  0.000000e+00
    outer loop
      vertex   1.548428e-02  1.015329e-02 -7.137196e-03
      vertex   1.130665e-02  1.015329e-02 -3.388447e-03
      vertex   1.409835e-02  1.015329e-02 -9.588483e-03
    endloop
  endfacet
  facet normal -0.000000e+00 -1.000000e+00  0.000000e+00
    outer loop
      vertex   1.409835e-02  1.015329e-02 -9.588483e-03
      vertex   1.130665e-02  1.015329e-02 -3.388447e-03
      vertex   1.232786e-02  1.015329e-02 -1.177822e-02
    endloop
  endfacet
  facet normal  0.000000e+00 -1.000000e+00  0.000000e+00
    outer loop
      vertex   7.528223e-04  1.015329e-02 -8.711452e-03
      vertex   7.835517e-03  1.015329e-02 -1.514289e-02
      vertex   1.022109e-02  1.015329e-02 -1.364668e-02
    endloop
  endfacet
  facet normal  0.000000e+00 -1.000000e+00 -0.000000e+00
    outer loop
      vertex  -1.241978e-03  1.015329e-02 -8.666295e-03
      vertex  -5.918582e-03  1.015329e-02 -1.289571e-02
      vertex   7.528223e-04  1.015329e-02 -8.711452e-03
    endloop
  endfacet
  facet normal  0.000000e+00 -1.000000e+00  0.000000e+00
    outer loop
      vertex   7.528223e-04  1.015329e-02 -8.711452e-03
      vertex  -5.918582e-03  1.015329e-02 -1.289571e-02
      vertex  -3.117634e-03  1.015329e-02 -1.676254e-02
    endloop
  endfacet
  facet normal  0.000000e+00 -1.000000e+00  0.000000e+00
    outer loop
      vertex   7.528223e-04  1.015329e-02 -8.711452e-03
      vertex  -3.117634e-03  1.015329e-02 -1.676254e-02
      vertex  -3.160893e-04  1.015329e-02 -1.704707e-02
    endloop
  endfacet
  facet normal  0.000000e+00 -1.000000e+00  0.000000e+00
    outer loop
      vertex  -3.160893e-04  1.015329e-02 -1.704707e-02
      vertex   2.494077e-03  1.015329e-02 -1.686660e-02
      vertex   7.528223e-04  1.015329e-02 -8.711452e-03
    endloop
  endfacet
  facet normal  0.000000e+00 -1.000000e+00  0.000000e+00
    outer loop
      vertex   7.528223e-04  1.015329e-02 -8.711452e-03
      vertex   2.494077e-03  1.015329e-02 -1.686660e-02
      vertex   5.236212e-03  1.015329e-02 -1.622605e-02
    endloop
  endfacet
  facet normal  0.000000e+00 -1.000000e+00  0.000000e+00
    outer loop
      vertex   7.528223e-04  1.015329e-02 -8.711452e-03
      vertex   5.236212e-03  1.015329e-02 -1.622605e-02
      vertex   7.835517e-03  1.015329e-02 -1.514289e-02
    endloop
  endfacet
  facet normal  0.000000e+00 -1.000000e+00  0.000000e+00
    outer loop
      vertex  -1.444412e-02  1.015329e-02 -9.059244e-03
      vertex  -1.275602e-02  1.015329e-02 -1.131311e-02
      vertex  -7.931853e-03  1.015329e-02 -9.685733e-03
    endloop
  endfacet
  facet normal  0.000000e+00 -1.000000e+00  0.000000e+00
    outer loop
      vertex  -7.931853e-03  1.015329e-02 -9.685733e-03
      vertex  -1.275602e-02  1.015329e-02 -1.131311e-02
      vertex  -1.071997e-02  1.015329e-02 -1.325839e-02
    endloop
  endfacet
  facet normal  0.000000e+00 -1.000000e+00 -0.000000e+00
    outer loop
      vertex  -7.931853e-03  1.015329e-02 -9.685733e-03
      vertex  -1.071997e-02  1.015329e-02 -1.325839e-02
      vertex  -7.047666e-03  1.015329e-02 -1.109549e-02
    endloop
  endfacet
  facet normal  0.000000e+00 -1.000000e+00  0.000000e+00
    outer loop
      vertex  -7.047666e-03  1.015329e-02 -1.109549e-02
      vertex  -1.071997e-02  1.015329e-02 -1.325839e-02
      vertex  -8.391500e-03  1.015329e-02 -1.484201e-02
    endloop
  endfacet
  facet normal  0.000000e+00 -1.000000e+00 -0.000000e+00
    outer loop
      vertex  -7.047666e-03  1.015329e-02 -1.109549e-02
      vertex  -8.391500e-03  1.015329e-02 -1.484201e-02
      vertex  -5.918582e-03  1.015329e-02 -1.289571e-02
    endloop
  endfacet
  facet normal  0.000000e+00 -1.000000e+00 -0.000000e+00
    outer loop
      vertex  -5.918582e-03  1.015329e-02 -1.289571e-02
      vertex  -8.391500e-03  1.015329e-02 -1.484201e-02
      vertex  -5.834138e-03  1.015329e-02 -1.602078e-02
    endloop
  endfacet
  facet normal  0.000000e+00 -1.000000e+00  0.000000e+00
    outer loop
      vertex  -5.918582e-03  1.015329e-02 -1.289571e-02
      vertex  -5.834138e-03  1.015329e-02 -1.602078e-02
      vertex  -3.117634e-03  1.015329e-02 -1.676254e-02
    endloop
  endfacet
  facet normal  0.000000e+00 -1.000000e+00 -0.000000e+00
    outer loop
      vertex  -1.696274e-02  1.015329e-02  1.722745e-03
      vertex  -1.701495e-02  1.015329e-02 -1.092726e-03
      vertex  -1.217288e-02  1.015329e-02 -2.923806e-03
    endloop
  endfacet
  facet normal -0.000000e+00 -1.000000e+00  0.000000e+00
    outer loop
      vertex  -1.217288e-02  1.015329e-02 -2.923806e-03
      vertex  -1.701495e-02  1.015329e-02 -1.092726e-03
      vertex  -1.660303e-02  1.015329e-02 -3.878391e-03
    endloop
  endfacet
  facet normal  0.000000e+00 -1.000000e+00  0.000000e+00
    outer loop
      vertex  -1.217288e-02  1.015329e-02 -2.923806e-03
      vertex  -1.660303e-02  1.015329e-02 -3.878391e-03
      vertex  -1.573822e-02  1.015329e-02 -6.558264e-03
    endloop
  endfacet
  facet normal  0.000000e+00 -1.000000e+00  0.000000e+00
    outer loop
      vertex  -1.644784e-02  1.015329e-02  4.491225e-03
      vertex  -1.635714e-02  1.015329e-02  3.747598e-03
      vertex  -1.548428e-02  1.015329e-02  7.137196e-03
    endloop
  endfacet
  facet normal  0.000000e+00 -1.000000e+00 -0.000000e+00
    outer loop
      vertex  -1.548428e-02  1.015329e-02  7.137196e-03
      vertex  -1.635714e-02  1.015329e-02  3.747598e-03
      vertex  -9.685733e-03  1.015329e-02  7.931853e-03
    endloop
  endfacet
  facet normal  0.000000e+00 -1.000000e+00  0.000000e+00
    outer loop
      vertex  -1.548428e-02  1.015329e-02  7.137196e-03
      vertex  -9.685733e-03  1.015329e-02  7.931853e-03
      vertex  -1.409835e-02  1.015329e-02  9.588483e-03
    endloop
  endfacet
  facet normal  0.000000e+00 -1.000000e+00  0.000000e+00
    outer loop
      vertex  -1.409835e-02  1.015329e-02  9.588483e-03
      vertex  -9.685733e-03  1.015329e-02  7.931853e-03
      vertex  -1.232786e-02  1.015329e-02  1.177822e-02
    endloop
  endfacet
  facet normal -0.000000e+00 -1.000000e+00  0.000000e+00
    outer loop
      vertex   2.861661e-04  1.015329e-02  1.418615e-02
      vertex  -2.494077e-03  1.015329e-02  1.686660e-02
      vertex  -1.514054e-03  1.015329e-02  1.305707e-02
    endloop
  endfacet
  facet normal  0.000000e+00 -1.000000e+00  0.000000e+00
    outer loop
      vertex  -1.514054e-03  1.015329e-02  1.305707e-02
      vertex  -2.494077e-03  1.015329e-02  1.686660e-02
      vertex  -5.236212e-03  1.015329e-02  1.622605e-02
    endloop
  endfacet
  facet normal -0.000000e+00 -1.000000e+00  0.000000e+00
    outer loop
      vertex  -1.514054e-03  1.015329e-02  1.305707e-02
      vertex  -5.236212e-03  1.015329e-02  1.622605e-02
      vertex  -2.923806e-03  1.015329e-02  1.217288e-02
    endloop
  endfacet
  facet normal  0.000000e+00 -1.000000e+00  0.000000e+00
    outer loop
      vertex  -2.923806e-03  1.015329e-02  1.217288e-02
      vertex  -5.236212e-03  1.015329e-02  1.622605e-02
      vertex  -7.835517e-03  1.015329e-02  1.514289e-02
    endloop
  endfacet
  facet normal  0.000000e+00 -1.000000e+00  0.000000e+00
    outer loop
      vertex  -2.923806e-03  1.015329e-02  1.217288e-02
      vertex  -7.835517e-03  1.015329e-02  1.514289e-02
      vertex  -1.022109e-02  1.015329e-02  1.364668e-02
    endloop
  endfacet
  facet normal -0.000000e+00 -1.000000e+00  0.000000e+00
    outer loop
      vertex   1.444412e-02  1.015329e-02  9.059244e-03
      vertex   1.275602e-02  1.015329e-02  1.131311e-02
      vertex   4.470421e-03  1.015329e-02  7.514750e-03
    endloop
  endfacet
  facet normal  0.000000e+00 -1.000000e+00  0.000000e+00
    outer loop
      vertex   4.470421e-03  1.015329e-02  7.514750e-03
      vertex   1.275602e-02  1.015329e-02  1.131311e-02
      vertex   1.071997e-02  1.015329e-02  1.325839e-02
    endloop
  endfacet
  facet normal -0.000000e+00 -1.000000e+00  0.000000e+00
    outer loop
      vertex   1.071997e-02  1.015329e-02  1.325839e-02
      vertex   8.391500e-03  1.015329e-02  1.484201e-02
      vertex   4.470421e-03  1.015329e-02  7.514750e-03
    endloop
  endfacet
  facet normal  0.000000e+00 -1.000000e+00  0.000000e+00
    outer loop
      vertex   4.470421e-03  1.015329e-02  7.514750e-03
      vertex   8.391500e-03  1.015329e-02  1.484201e-02
      vertex   5.834138e-03  1.015329e-02  1.602078e-02
    endloop
  endfacet
  facet normal  0.000000e+00 -1.000000e+00  0.000000e+00
    outer loop
      vertex   4.470421e-03  1.015329e-02  7.514750e-03
      vertex   5.834138e-03  1.015329e-02  1.602078e-02
      vertex   2.861661e-04  1.015329e-02  1.418615e-02
    endloop
  endfacet
  facet normal  0.000000e+00 -1.000000e+00  0.000000e+00
    outer loop
      vertex   2.861661e-04  1.015329e-02  1.418615e-02
      vertex   5.834138e-03  1.015329e-02  1.602078e-02
      vertex   3.117634e-03  1.015329e-02  1.676254e-02
    endloop
  endfacet
  facet normal  0.000000e+00 -1.000000e+00  0.000000e+00
    outer loop
      vertex   2.861661e-04  1.015329e-02  1.418615e-02
      vertex   3.117634e-03  1.015329e-02  1.676254e-02
      vertex   3.160893e-04  1.015329e-02  1.704707e-02
    endloop
  endfacet
  facet normal -0.000000e+00 -1.000000e+00  0.000000e+00
    outer loop
      vertex   1.306898e-03  1.015329e-02  6.892130e-03
      vertex   9.182540e-04  1.015329e-02  7.253336e-03
      vertex   1.260448e-03  1.015329e-02  5.501479e-03
    endloop
  endfacet
  facet normal  0.000000e+00 -1.000000e+00  0.000000e+00
    outer loop
      vertex   1.260448e-03  1.015329e-02  5.501479e-03
      vertex   9.182540e-04  1.015329e-02  7.253336e-03
      vertex  -2.923806e-03  1.015329e-02  1.217288e-02
    endloop
  endfacet
  facet normal  0.000000e+00 -1.000000e+00  0.000000e+00
    outer loop
      vertex   9.182540e-04  1.015329e-02  7.253336e-03
      vertex   7.622812e-04  1.015329e-02  7.760472e-03
      vertex  -2.923806e-03  1.015329e-02  1.217288e-02
    endloop
  endfacet
  facet normal  0.000000e+00 -1.000000e+00  0.000000e+00
    outer loop
      vertex  -2.923806e-03  1.015329e-02  1.217288e-02
      vertex   7.622812e-04  1.015329e-02  7.760472e-03
      vertex   8.807725e-04  1.015329e-02  8.277651e-03
    endloop
  endfacet
  facet normal  0.000000e+00 -1.000000e+00  0.000000e+00
    outer loop
      vertex  -2.923806e-03  1.015329e-02  1.217288e-02
      vertex   8.807725e-04  1.015329e-02  8.277651e-03
      vertex  -1.514054e-03  1.015329e-02  1.305707e-02
    endloop
  endfacet
  facet normal  0.000000e+00 -1.000000e+00  0.000000e+00
    outer loop
      vertex  -1.514054e-03  1.015329e-02  1.305707e-02
      vertex   8.807725e-04  1.015329e-02  8.277651e-03
      vertex   1.241978e-03  1.015329e-02  8.666295e-03
    endloop
  endfacet
  facet normal  0.000000e+00 -1.000000e+00  0.000000e+00
    outer loop
      vertex  -1.514054e-03  1.015329e-02  1.305707e-02
      vertex   1.241978e-03  1.015329e-02  8.666295e-03
      vertex   2.861661e-04  1.015329e-02  1.418615e-02
    endloop
  endfacet
  facet normal  0.000000e+00 -1.000000e+00  0.000000e+00
    outer loop
      vertex   1.241978e-03  1.015329e-02  8.666295e-03
      vertex   1.749114e-03  1.015329e-02  8.822268e-03
      vertex   2.861661e-04  1.015329e-02  1.418615e-02
    endloop
  endfacet
  facet normal  0.000000e+00 -1.000000e+00  0.000000e+00
    outer loop
      vertex   2.861661e-04  1.015329e-02  1.418615e-02
      vertex   1.749114e-03  1.015329e-02  8.822268e-03
      vertex   2.266293e-03  1.015329e-02  8.703777e-03
    endloop
  endfacet
  facet normal  0.000000e+00 -1.000000e+00  0.000000e+00
    outer loop
      vertex   2.861661e-04  1.015329e-02  1.418615e-02
      vertex   2.266293e-03  1.015329e-02  8.703777e-03
      vertex   4.470421e-03  1.015329e-02  7.514750e-03
    endloop
  endfacet
  facet normal  0.000000e+00 -1.000000e+00  0.000000e+00
    outer loop
      vertex   4.470421e-03  1.015329e-02  7.514750e-03
      vertex   2.266293e-03  1.015329e-02  8.703777e-03
      vertex   2.654937e-03  1.015329e-02  8.342571e-03
    endloop
  endfacet
  facet normal  0.000000e+00 -1.000000e+00  0.000000e+00
    outer loop
      vertex   2.654937e-03  1.015329e-02  8.342571e-03
      vertex   2.810910e-03  1.015329e-02  7.835435e-03
      vertex   4.470421e-03  1.015329e-02  7.514750e-03
    endloop
  endfacet
  facet normal -0.000000e+00 -1.000000e+00  0.000000e+00
    outer loop
      vertex   4.470421e-03  1.015329e-02  7.514750e-03
      vertex   2.810910e-03  1.015329e-02  7.835435e-03
      vertex   2.692419e-03  1.015329e-02  7.318256e-03
    endloop
  endfacet
  facet normal  0.000000e+00 -1.000000e+00  0.000000e+00
    outer loop
      vertex   4.470421e-03  1.015329e-02  7.514750e-03
      vertex   2.692419e-03  1.015329e-02  7.318256e-03
      vertex   2.670201e-03  1.015329e-02  6.385665e-03
    endloop
  endfacet
  facet normal  0.000000e+00 -1.000000e+00  0.000000e+00
    outer loop
      vertex   2.670201e-03  1.015329e-02  6.385665e-03
      vertex   2.692419e-03  1.015329e-02  7.318256e-03
      vertex   2.331213e-03  1.015329e-02  6.929612e-03
    endloop
  endfacet
  facet normal -0.000000e+00 -1.000000e+00  0.000000e+00
    outer loop
      vertex   2.670201e-03  1.015329e-02  6.385665e-03
      vertex   2.331213e-03  1.015329e-02  6.929612e-03
      vertex   1.260448e-03  1.015329e-02  5.501479e-03
    endloop
  endfacet
  facet normal  0.000000e+00 -1.000000e+00  0.000000e+00
    outer loop
      vertex   1.260448e-03  1.015329e-02  5.501479e-03
      vertex   2.331213e-03  1.015329e-02  6.929612e-03
      vertex   1.824078e-03  1.015329e-02  6.773639e-03
    endloop
  endfacet
  facet normal  0.000000e+00 -1.000000e+00  0.000000e+00
    outer loop
      vertex   1.260448e-03  1.015329e-02  5.501479e-03
      vertex   1.824078e-03  1.015329e-02  6.773639e-03
      vertex   1.306898e-03  1.015329e-02  6.892130e-03
    endloop
  endfacet
  facet normal  0.000000e+00 -1.000000e+00  0.000000e+00
    outer loop
      vertex   1.022109e-02  1.015329e-02 -1.364668e-02
      vertex   1.232786e-02  1.015329e-02 -1.177822e-02
      vertex   7.514750e-03  1.015329e-02 -4.470421e-03
    endloop
  endfacet
  facet normal  0.000000e+00 -1.000000e+00  0.000000e+00
    outer loop
      vertex   7.514750e-03  1.015329e-02 -4.470421e-03
      vertex   1.232786e-02  1.015329e-02 -1.177822e-02
      vertex   8.924502e-03  1.015329e-02 -3.586235e-03
    endloop
  endfacet
  facet normal  0.000000e+00 -1.000000e+00  0.000000e+00
    outer loop
      vertex   7.514750e-03  1.015329e-02 -4.470421e-03
      vertex   8.924502e-03  1.015329e-02 -3.586235e-03
      vertex   8.342571e-03  1.015329e-02 -2.654937e-03
    endloop
  endfacet
  facet normal  0.000000e+00 -1.000000e+00 -0.000000e+00
    outer loop
      vertex   1.130665e-02  1.015329e-02 -3.388447e-03
      vertex   1.076241e-02  1.015329e-02 -3.555833e-03
      vertex   1.232786e-02  1.015329e-02 -1.177822e-02
    endloop
  endfacet
  facet normal  0.000000e+00 -1.000000e+00  0.000000e+00
    outer loop
      vertex   1.232786e-02  1.015329e-02 -1.177822e-02
      vertex   1.076241e-02  1.015329e-02 -3.555833e-03
      vertex   1.020739e-02  1.015329e-02 -3.428672e-03
    endloop
  endfacet
  facet normal  0.000000e+00 -1.000000e+00  0.000000e+00
    outer loop
      vertex   1.232786e-02  1.015329e-02 -1.177822e-02
      vertex   1.020739e-02  1.015329e-02 -3.428672e-03
      vertex   8.924502e-03  1.015329e-02 -3.586235e-03
    endloop
  endfacet
  facet normal  0.000000e+00 -1.000000e+00  0.000000e+00
    outer loop
      vertex   8.924502e-03  1.015329e-02 -3.586235e-03
      vertex   1.020739e-02  1.015329e-02 -3.428672e-03
      vertex   9.790307e-03  1.015329e-02 -3.041036e-03
    endloop
  endfacet
  facet normal  0.000000e+00 -1.000000e+00  0.000000e+00
    outer loop
      vertex   8.924502e-03  1.015329e-02 -3.586235e-03
      vertex   9.790307e-03  1.015329e-02 -3.041036e-03
      vertex   8.342571e-03  1.015329e-02 -2.654937e-03
    endloop
  endfacet
  facet normal  0.000000e+00 -1.000000e+00  0.000000e+00
    outer loop
      vertex   8.342571e-03  1.015329e-02 -2.654937e-03
      vertex   9.790307e-03  1.015329e-02 -3.041036e-03
      vertex   9.622921e-03  1.015329e-02 -2.496793e-03
    endloop
  endfacet
  facet normal  0.000000e+00 -1.000000e+00  0.000000e+00
    outer loop
      vertex   8.342571e-03  1.015329e-02 -2.654937e-03
      vertex   9.622921e-03  1.015329e-02 -2.496793e-03
      vertex   8.703777e-03  1.015329e-02 -2.266293e-03
    endloop
  endfacet
  facet normal  0.000000e+00 -1.000000e+00  0.000000e+00
    outer loop
      vertex   8.703777e-03  1.015329e-02 -2.266293e-03
      vertex   9.622921e-03  1.015329e-02 -2.496793e-03
      vertex   8.822268e-03  1.015329e-02 -1.749114e-03
    endloop
  endfacet
  facet normal  0.000000e+00 -1.000000e+00  0.000000e+00
    outer loop
      vertex   9.622921e-03  1.015329e-02 -2.496793e-03
      vertex   9.750083e-03  1.015329e-02 -1.941772e-03
      vertex   8.822268e-03  1.015329e-02 -1.749114e-03
    endloop
  endfacet
  facet normal  0.000000e+00 -1.000000e+00  0.000000e+00
    outer loop
      vertex   8.822268e-03  1.015329e-02 -1.749114e-03
      vertex   9.750083e-03  1.015329e-02 -1.941772e-03
      vertex   1.013772e-02  1.015329e-02 -1.524690e-03
    endloop
  endfacet
  facet normal  0.000000e+00 -1.000000e+00  0.000000e+00
    outer loop
      vertex   8.822268e-03  1.015329e-02 -1.749114e-03
      vertex   1.013772e-02  1.015329e-02 -1.524690e-03
      vertex   8.666295e-03  1.015329e-02 -1.241978e-03
    endloop
  endfacet
  facet normal  0.000000e+00 -1.000000e+00  0.000000e+00
    outer loop
      vertex   8.666295e-03  1.015329e-02 -1.241978e-03
      vertex   1.013772e-02  1.015329e-02 -1.524690e-03
      vertex   9.595637e-03  1.015329e-02 -6.569299e-04
    endloop
  endfacet
  facet normal  0.000000e+00 -1.000000e+00  0.000000e+00
    outer loop
      vertex   8.666295e-03  1.015329e-02 -1.241978e-03
      vertex   9.595637e-03  1.015329e-02 -6.569299e-04
      vertex   8.277651e-03  1.015329e-02 -8.807725e-04
    endloop
  endfacet
  facet normal  0.000000e+00 -1.000000e+00  0.000000e+00
    outer loop
      vertex   8.277651e-03  1.015329e-02 -8.807725e-04
      vertex   9.595637e-03  1.015329e-02 -6.569299e-04
      vertex   8.711452e-03  1.015329e-02  7.528223e-04
    endloop
  endfacet
  facet normal  0.000000e+00 -1.000000e+00  0.000000e+00
    outer loop
      vertex   8.342571e-03  1.015329e-02 -2.654937e-03
      vertex   7.835435e-03  1.015329e-02 -2.810910e-03
      vertex   7.514750e-03  1.015329e-02 -4.470421e-03
    endloop
  endfacet
  facet normal  0.000000e+00 -1.000000e+00  0.000000e+00
    outer loop
      vertex   7.514750e-03  1.015329e-02 -4.470421e-03
      vertex   7.835435e-03  1.015329e-02 -2.810910e-03
      vertex   7.318256e-03  1.015329e-02 -2.692419e-03
    endloop
  endfacet
  facet normal  0.000000e+00 -1.000000e+00  0.000000e+00
    outer loop
      vertex   7.514750e-03  1.015329e-02 -4.470421e-03
      vertex   7.318256e-03  1.015329e-02 -2.692419e-03
      vertex   6.385665e-03  1.015329e-02 -2.670201e-03
    endloop
  endfacet
  facet normal  0.000000e+00 -1.000000e+00  0.000000e+00
    outer loop
      vertex   6.385665e-03  1.015329e-02 -2.670201e-03
      vertex   7.318256e-03  1.015329e-02 -2.692419e-03
      vertex   6.929612e-03  1.015329e-02 -2.331213e-03
    endloop
  endfacet
  facet normal  0.000000e+00 -1.000000e+00  0.000000e+00
    outer loop
      vertex   6.385665e-03  1.015329e-02 -2.670201e-03
      vertex   6.929612e-03  1.015329e-02 -2.331213e-03
      vertex   5.501479e-03  1.015329e-02 -1.260448e-03
    endloop
  endfacet
  facet normal  0.000000e+00 -1.000000e+00  0.000000e+00
    outer loop
      vertex   6.929612e-03  1.015329e-02 -2.331213e-03
      vertex   6.773639e-03  1.015329e-02 -1.824078e-03
      vertex   5.501479e-03  1.015329e-02 -1.260448e-03
    endloop
  endfacet
  facet normal  0.000000e+00 -1.000000e+00  0.000000e+00
    outer loop
      vertex   5.501479e-03  1.015329e-02 -1.260448e-03
      vertex   6.773639e-03  1.015329e-02 -1.824078e-03
      vertex   6.892130e-03  1.015329e-02 -1.306898e-03
    endloop
  endfacet
  facet normal  0.000000e+00 -1.000000e+00  0.000000e+00
    outer loop
      vertex   5.501479e-03  1.015329e-02 -1.260448e-03
      vertex   6.892130e-03  1.015329e-02 -1.306898e-03
      vertex   6.911231e-03  1.015329e-02 -3.762624e-04
    endloop
  endfacet
  facet normal  0.000000e+00 -1.000000e+00 -0.000000e+00
    outer loop
      vertex   6.911231e-03  1.015329e-02 -3.762624e-04
      vertex   6.892130e-03  1.015329e-02 -1.306898e-03
      vertex   7.253336e-03  1.015329e-02 -9.182540e-04
    endloop
  endfacet
  facet normal  0.000000e+00 -1.000000e+00  0.000000e+00
    outer loop
      vertex   6.911231e-03  1.015329e-02 -3.762624e-04
      vertex   7.253336e-03  1.015329e-02 -9.182540e-04
      vertex   8.711452e-03  1.015329e-02  7.528223e-04
    endloop
  endfacet
  facet normal  0.000000e+00 -1.000000e+00  0.000000e+00
    outer loop
      vertex   8.711452e-03  1.015329e-02  7.528223e-04
      vertex   7.253336e-03  1.015329e-02 -9.182540e-04
      vertex   7.760472e-03  1.015329e-02 -7.622812e-04
    endloop
  endfacet
  facet normal  0.000000e+00 -1.000000e+00  0.000000e+00
    outer loop
      vertex   8.711452e-03  1.015329e-02  7.528223e-04
      vertex   7.760472e-03  1.015329e-02 -7.622812e-04
      vertex   8.277651e-03  1.015329e-02 -8.807725e-04
    endloop
  endfacet
  facet normal -0.000000e+00 -1.000000e+00  0.000000e+00
    outer loop
      vertex  -8.277651e-03  1.015329e-02  8.807725e-04
      vertex  -8.666295e-03  1.015329e-02  1.241978e-03
      vertex  -1.217288e-02  1.015329e-02 -2.923806e-03
    endloop
  endfacet
  facet normal  0.000000e+00 -1.000000e+00  0.000000e+00
    outer loop
      vertex  -1.217288e-02  1.015329e-02 -2.923806e-03
      vertex  -8.666295e-03  1.015329e-02  1.241978e-03
      vertex  -1.635714e-02  1.015329e-02  3.747598e-03
    endloop
  endfacet
  facet normal  0.000000e+00 -1.000000e+00  0.000000e+00
    outer loop
      vertex  -1.217288e-02  1.015329e-02 -2.923806e-03
      vertex  -1.635714e-02  1.015329e-02  3.747598e-03
      vertex  -1.696274e-02  1.015329e-02  1.722745e-03
    endloop
  endfacet
  facet normal  0.000000e+00 -1.000000e+00  0.000000e+00
    outer loop
      vertex  -1.696274e-02  1.015329e-02  1.722745e-03
      vertex  -1.635714e-02  1.015329e-02  3.747598e-03
      vertex  -1.644784e-02  1.015329e-02  4.491225e-03
    endloop
  endfacet
  facet normal  0.000000e+00 -1.000000e+00  0.000000e+00
    outer loop
      vertex  -8.666295e-03  1.015329e-02  1.241978e-03
      vertex  -8.822268e-03  1.015329e-02  1.749114e-03
      vertex  -1.635714e-02  1.015329e-02  3.747598e-03
    endloop
  endfacet
  facet normal  0.000000e+00 -1.000000e+00  0.000000e+00
    outer loop
      vertex  -1.635714e-02  1.015329e-02  3.747598e-03
      vertex  -8.822268e-03  1.015329e-02  1.749114e-03
      vertex  -8.703777e-03  1.015329e-02  2.266293e-03
    endloop
  endfacet
  facet normal  0.000000e+00 -1.000000e+00  0.000000e+00
    outer loop
      vertex  -1.635714e-02  1.015329e-02  3.747598e-03
      vertex  -8.703777e-03  1.015329e-02  2.266293e-03
      vertex  -9.685733e-03  1.015329e-02  7.931853e-03
    endloop
  endfacet
  facet normal  0.000000e+00 -1.000000e+00  0.000000e+00
    outer loop
      vertex  -9.685733e-03  1.015329e-02  7.931853e-03
      vertex  -8.703777e-03  1.015329e-02  2.266293e-03
      vertex  -8.342571e-03  1.015329e-02  2.654937e-03
    endloop
  endfacet
  facet normal  0.000000e+00 -1.000000e+00  0.000000e+00
    outer loop
      vertex  -9.685733e-03  1.015329e-02  7.931853e-03
      vertex  -8.342571e-03  1.015329e-02  2.654937e-03
      vertex  -7.835435e-03  1.015329e-02  2.810910e-03
    endloop
  endfacet
  facet normal  0.000000e+00 -1.000000e+00  0.000000e+00
    outer loop
      vertex  -7.835435e-03  1.015329e-02  2.810910e-03
      vertex  -7.318256e-03  1.015329e-02  2.692419e-03
      vertex  -9.685733e-03  1.015329e-02  7.931853e-03
    endloop
  endfacet
  facet normal  0.000000e+00 -1.000000e+00  0.000000e+00
    outer loop
      vertex  -9.685733e-03  1.015329e-02  7.931853e-03
      vertex  -7.318256e-03  1.015329e-02  2.692419e-03
      vertex  -6.929612e-03  1.015329e-02  2.331213e-03
    endloop
  endfacet
  facet normal  0.000000e+00 -1.000000e+00  0.000000e+00
    outer loop
      vertex  -9.685733e-03  1.015329e-02  7.931853e-03
      vertex  -6.929612e-03  1.015329e-02  2.331213e-03
      vertex  -5.501479e-03  1.015329e-02  1.260448e-03
    endloop
  endfacet
  facet normal  0.000000e+00 -1.000000e+00  0.000000e+00
    outer loop
      vertex  -5.501479e-03  1.015329e-02  1.260448e-03
      vertex  -6.929612e-03  1.015329e-02  2.331213e-03
      vertex  -6.773639e-03  1.015329e-02  1.824078e-03
    endloop
  endfacet
  facet normal  0.000000e+00 -1.000000e+00 -0.000000e+00
    outer loop
      vertex  -6.773639e-03  1.015329e-02  1.824078e-03
      vertex  -6.892130e-03  1.015329e-02  1.306898e-03
      vertex  -5.501479e-03  1.015329e-02  1.260448e-03
    endloop
  endfacet
  facet normal -0.000000e+00 -1.000000e+00  0.000000e+00
    outer loop
      vertex  -5.501479e-03  1.015329e-02  1.260448e-03
      vertex  -6.892130e-03  1.015329e-02  1.306898e-03
      vertex  -7.253336e-03  1.015329e-02  9.182540e-04
    endloop
  endfacet
  facet normal  0.000000e+00 -1.000000e+00  0.000000e+00
    outer loop
      vertex  -5.501479e-03  1.015329e-02  1.260448e-03
      vertex  -7.253336e-03  1.015329e-02  9.182540e-04
      vertex  -1.217288e-02  1.015329e-02 -2.923806e-03
    endloop
  endfacet
  facet normal  0.000000e+00 -1.000000e+00  0.000000e+00
    outer loop
      vertex  -1.217288e-02  1.015329e-02 -2.923806e-03
      vertex  -7.253336e-03  1.015329e-02  9.182540e-04
      vertex  -7.760472e-03  1.015329e-02  7.622812e-04
    endloop
  endfacet
  facet normal  0.000000e+00 -1.000000e+00  0.000000e+00
    outer loop
      vertex  -1.217288e-02  1.015329e-02 -2.923806e-03
      vertex  -7.760472e-03  1.015329e-02  7.622812e-04
      vertex  -8.277651e-03  1.015329e-02  8.807725e-04
    endloop
  endfacet
  facet normal  0.000000e+00 -1.000000e+00  0.000000e+00
    outer loop
      vertex  -5.501479e-03  1.015329e-02  1.260448e-03
      vertex  -2.837994e-03  1.015329e-02 -1.779969e-03
      vertex  -3.289350e-03  1.015329e-02 -6.345696e-04
    endloop
  endfacet
  facet normal -0.000000e+00 -1.000000e+00  0.000000e+00
    outer loop
      vertex   3.283599e-04  1.015329e-02 -3.333868e-03
      vertex  -8.981457e-04  1.015329e-02 -3.227357e-03
      vertex  -1.260448e-03  1.015329e-02 -5.501479e-03
    endloop
  endfacet
  facet normal  0.000000e+00 -1.000000e+00  0.000000e+00
    outer loop
      vertex  -1.260448e-03  1.015329e-02 -5.501479e-03
      vertex  -8.981457e-04  1.015329e-02 -3.227357e-03
      vertex  -2.003352e-03  1.015329e-02 -2.684973e-03
    endloop
  endfacet
  facet normal  0.000000e+00 -1.000000e+00 -0.000000e+00
    outer loop
      vertex   3.130720e-03  1.015329e-02 -1.192097e-03
      vertex   2.488674e-03  1.015329e-02 -2.242544e-03
      vertex   5.501479e-03  1.015329e-02 -1.260448e-03
    endloop
  endfacet
  facet normal  0.000000e+00 -1.000000e+00  0.000000e+00
    outer loop
      vertex   5.501479e-03  1.015329e-02 -1.260448e-03
      vertex   2.488674e-03  1.015329e-02 -2.242544e-03
      vertex   1.510519e-03  1.015329e-02 -2.990123e-03
    endloop
  endfacet
  facet normal  0.000000e+00 -1.000000e+00  0.000000e+00
    outer loop
      vertex  -3.289350e-03  1.015329e-02 -6.345696e-04
      vertex  -3.296460e-03  1.015329e-02  5.965316e-04
      vertex  -5.501479e-03  1.015329e-02  1.260448e-03
    endloop
  endfacet
  facet normal  0.000000e+00 -1.000000e+00  0.000000e+00
    outer loop
      vertex  -5.501479e-03  1.015329e-02  1.260448e-03
      vertex  -3.296460e-03  1.015329e-02  5.965316e-04
      vertex  -2.858366e-03  1.015329e-02  1.747068e-03
    endloop
  endfacet
  facet normal  0.000000e+00 -1.000000e+00  0.000000e+00
    outer loop
      vertex  -5.501479e-03  1.015329e-02  1.260448e-03
      vertex  -2.858366e-03  1.015329e-02  1.747068e-03
      vertex  -2.034233e-03  1.015329e-02  2.661653e-03
    endloop
  endfacet
  facet normal  0.000000e+00 -1.000000e+00  0.000000e+00
    outer loop
      vertex  -1.022109e-02  1.015329e-02  1.364668e-02
      vertex  -9.685733e-03  1.015329e-02  7.931853e-03
      vertex  -2.923806e-03  1.015329e-02  1.217288e-02
    endloop
  endfacet
  facet normal  0.000000e+00 -1.000000e+00  0.000000e+00
    outer loop
      vertex  -2.923806e-03  1.015329e-02  1.217288e-02
      vertex  -9.685733e-03  1.015329e-02  7.931853e-03
      vertex  -5.501479e-03  1.015329e-02  1.260448e-03
    endloop
  endfacet
  facet normal  0.000000e+00 -1.000000e+00 -0.000000e+00
    outer loop
      vertex  -2.923806e-03  1.015329e-02  1.217288e-02
      vertex  -5.501479e-03  1.015329e-02  1.260448e-03
      vertex   1.260448e-03  1.015329e-02  5.501479e-03
    endloop
  endfacet
  facet normal  0.000000e+00 -1.000000e+00  0.000000e+00
    outer loop
      vertex   1.260448e-03  1.015329e-02  5.501479e-03
      vertex  -5.501479e-03  1.015329e-02  1.260448e-03
      vertex  -2.034233e-03  1.015329e-02  2.661653e-03
    endloop
  endfacet
  facet normal  0.000000e+00 -1.000000e+00  0.000000e+00
    outer loop
      vertex   1.260448e-03  1.015329e-02  5.501479e-03
      vertex  -2.034233e-03  1.015329e-02  2.661653e-03
      vertex  -9.353656e-04  1.015329e-02  3.216767e-03
    endloop
  endfacet
  facet normal  0.000000e+00 -1.000000e+00  0.000000e+00
    outer loop
      vertex  -9.353656e-04  1.015329e-02  3.216767e-03
      vertex   2.898279e-04  1.015329e-02  3.337439e-03
      vertex   1.260448e-03  1.015329e-02  5.501479e-03
    endloop
  endfacet
  facet normal  0.000000e+00 -1.000000e+00 -0.000000e+00
    outer loop
      vertex   1.260448e-03  1.015329e-02  5.501479e-03
      vertex   2.898279e-04  1.015329e-02  3.337439e-03
      vertex   1.475879e-03  1.015329e-02  3.007371e-03
    endloop
  endfacet
  facet normal  0.000000e+00 -1.000000e+00  0.000000e+00
    outer loop
      vertex   1.260448e-03  1.015329e-02  5.501479e-03
      vertex   1.475879e-03  1.015329e-02  3.007371e-03
      vertex   2.462604e-03  1.015329e-02  2.271141e-03
    endloop
  endfacet
  facet normal  0.000000e+00 -1.000000e+00  0.000000e+00
    outer loop
      vertex   2.837994e-03  1.015329e-02  1.779969e-03
      vertex   3.116740e-03  1.015329e-02  1.228181e-03
      vertex   5.501479e-03  1.015329e-02 -1.260448e-03
    endloop
  endfacet
  facet normal  0.000000e+00 -1.000000e+00  0.000000e+00
    outer loop
      vertex   5.501479e-03  1.015329e-02 -1.260448e-03
      vertex   3.116740e-03  1.015329e-02  1.228181e-03
      vertex   3.349944e-03  1.015329e-02  1.934859e-05
    endloop
  endfacet
  facet normal  0.000000e+00 -1.000000e+00  0.000000e+00
    outer loop
      vertex   5.501479e-03  1.015329e-02 -1.260448e-03
      vertex   3.349944e-03  1.015329e-02  1.934859e-05
      vertex   3.130720e-03  1.015329e-02 -1.192097e-03
    endloop
  endfacet
  facet normal -0.000000e+00 -1.000000e+00  0.000000e+00
    outer loop
      vertex   1.573822e-02  1.015329e-02  6.558264e-03
      vertex   1.444412e-02  1.015329e-02  9.059244e-03
      vertex   8.711452e-03  1.015329e-02  7.528223e-04
    endloop
  endfacet
  facet normal  0.000000e+00 -1.000000e+00  0.000000e+00
    outer loop
      vertex   8.711452e-03  1.015329e-02  7.528223e-04
      vertex   1.444412e-02  1.015329e-02  9.059244e-03
      vertex   4.470421e-03  1.015329e-02  7.514750e-03
    endloop
  endfacet
  facet normal -0.000000e+00 -1.000000e+00  0.000000e+00
    outer loop
      vertex   8.711452e-03  1.015329e-02  7.528223e-04
      vertex   4.470421e-03  1.015329e-02  7.514750e-03
      vertex   6.911231e-03  1.015329e-02 -3.762624e-04
    endloop
  endfacet
  facet normal  0.000000e+00 -1.000000e+00  0.000000e+00
    outer loop
      vertex   6.911231e-03  1.015329e-02 -3.762624e-04
      vertex   4.470421e-03  1.015329e-02  7.514750e-03
      vertex   2.670201e-03  1.015329e-02  6.385665e-03
    endloop
  endfacet
  facet normal -0.000000e+00 -1.000000e+00  0.000000e+00
    outer loop
      vertex   6.911231e-03  1.015329e-02 -3.762624e-04
      vertex   2.670201e-03  1.015329e-02  6.385665e-03
      vertex   5.501479e-03  1.015329e-02 -1.260448e-03
    endloop
  endfacet
  facet normal  0.000000e+00 -1.000000e+00  0.000000e+00
    outer loop
      vertex   5.501479e-03  1.015329e-02 -1.260448e-03
      vertex   2.670201e-03  1.015329e-02  6.385665e-03
      vertex   1.260448e-03  1.015329e-02  5.501479e-03
    endloop
  endfacet
  facet normal  0.000000e+00 -1.000000e+00  0.000000e+00
    outer loop
      vertex   5.501479e-03  1.015329e-02 -1.260448e-03
      vertex   1.260448e-03  1.015329e-02  5.501479e-03
      vertex   2.837994e-03  1.015329e-02  1.779969e-03
    endloop
  endfacet
  facet normal  0.000000e+00 -1.000000e+00  0.000000e+00
    outer loop
      vertex   2.837994e-03  1.015329e-02  1.779969e-03
      vertex   1.260448e-03  1.015329e-02  5.501479e-03
      vertex   2.462604e-03  1.015329e-02  2.271141e-03
    endloop
  endfacet
  facet normal  0.000000e+00 -1.000000e+00  0.000000e+00
    outer loop
      vertex  -1.573822e-02  1.015329e-02 -6.558264e-03
      vertex  -1.444412e-02  1.015329e-02 -9.059244e-03
      vertex  -1.217288e-02  1.015329e-02 -2.923806e-03
    endloop
  endfacet
  facet normal  0.000000e+00 -1.000000e+00 -0.000000e+00
    outer loop
      vertex  -1.217288e-02  1.015329e-02 -2.923806e-03
      vertex  -1.444412e-02  1.015329e-02 -9.059244e-03
      vertex  -7.931853e-03  1.015329e-02 -9.685733e-03
    endloop
  endfacet
  facet normal  0.000000e+00 -1.000000e+00  0.000000e+00
    outer loop
      vertex  -1.217288e-02  1.015329e-02 -2.923806e-03
      vertex  -7.931853e-03  1.015329e-02 -9.685733e-03
      vertex  -5.501479e-03  1.015329e-02  1.260448e-03
    endloop
  endfacet
  facet normal  0.000000e+00 -1.000000e+00 -0.000000e+00
    outer loop
      vertex  -5.501479e-03  1.015329e-02  1.260448e-03
      vertex  -7.931853e-03  1.015329e-02 -9.685733e-03
      vertex  -1.260448e-03  1.015329e-02 -5.501479e-03
    endloop
  endfacet
  facet normal  0.000000e+00 -1.000000e+00  0.000000e+00
    outer loop
      vertex  -5.501479e-03  1.015329e-02  1.260448e-03
      vertex  -1.260448e-03  1.015329e-02 -5.501479e-03
      vertex  -2.837994e-03  1.015329e-02 -1.779969e-03
    endloop
  endfacet
  facet normal  0.000000e+00 -1.000000e+00  0.000000e+00
    outer loop
      vertex  -2.837994e-03  1.015329e-02 -1.779969e-03
      vertex  -1.260448e-03  1.015329e-02 -5.501479e-03
      vertex  -2.003352e-03  1.015329e-02 -2.684973e-03
    endloop
  endfacet
  facet normal  0.000000e+00 -1.000000e+00  0.000000e+00
    outer loop
      vertex   1.022109e-02  1.015329e-02 -1.364668e-02
      vertex   7.514750e-03  1.015329e-02 -4.470421e-03
      vertex   7.528223e-04  1.015329e-02 -8.711452e-03
    endloop
  endfacet
  facet normal  0.000000e+00 -1.000000e+00  0.000000e+00
    outer loop
      vertex   7.528223e-04  1.015329e-02 -8.711452e-03
      vertex   7.514750e-03  1.015329e-02 -4.470421e-03
      vertex   6.385665e-03  1.015329e-02 -2.670201e-03
    endloop
  endfacet
  facet normal  0.000000e+00 -1.000000e+00  0.000000e+00
    outer loop
      vertex   7.528223e-04  1.015329e-02 -8.711452e-03
      vertex   6.385665e-03  1.015329e-02 -2.670201e-03
      vertex  -3.762624e-04  1.015329e-02 -6.911231e-03
    endloop
  endfacet
  facet normal  0.000000e+00 -1.000000e+00  0.000000e+00
    outer loop
      vertex  -3.762624e-04  1.015329e-02 -6.911231e-03
      vertex   6.385665e-03  1.015329e-02 -2.670201e-03
      vertex   5.501479e-03  1.015329e-02 -1.260448e-03
    endloop
  endfacet
  facet normal  0.000000e+00 -1.000000e+00  0.000000e+00
    outer loop
      vertex  -3.762624e-04  1.015329e-02 -6.911231e-03
      vertex   5.501479e-03  1.015329e-02 -1.260448e-03
      vertex  -1.260448e-03  1.015329e-02 -5.501479e-03
    endloop
  endfacet
  facet normal  0.000000e+00 -1.000000e+00  0.000000e+00
    outer loop
      vertex  -1.260448e-03  1.015329e-02 -5.501479e-03
      vertex   5.501479e-03  1.015329e-02 -1.260448e-03
      vertex   1.510519e-03  1.015329e-02 -2.990123e-03
    endloop
  endfacet
  facet normal  0.000000e+00 -1.000000e+00  0.000000e+00
    outer loop
      vertex  -1.260448e-03  1.015329e-02 -5.501479e-03
      vertex   1.510519e-03  1.015329e-02 -2.990123e-03
      vertex   3.283599e-04  1.015329e-02 -3.333868e-03
    endloop
  endfacet
  facet normal -9.818954e-01  0.000000e+00 -1.894238e-01
    outer loop
      vertex   3.249946e-03  1.025329e-02  1.877098e-05
      vertex   3.023703e-03  1.025329e-02  1.191519e-03
      vertex   3.023703e-03  2.115329e-02  1.191519e-03
    endloop
  endfacet
  facet normal -8.925740e-01 -0.000000e+00 -4.509010e-01
    outer loop
      vertex   3.023703e-03  2.115329e-02  1.191519e-03
      vertex   3.023703e-03  1.025329e-02  1.191519e-03
      vertex   2.753278e-03  1.025329e-02  1.726835e-03
    endloop
  endfacet
  facet normal -8.471515e-01 -5.076769e-03 -5.313271e-01
    outer loop
      vertex   3.023703e-03  2.115329e-02  1.191519e-03
      vertex   2.753278e-03  1.025329e-02  1.726835e-03
      vertex   2.389093e-03  2.115329e-02  2.203346e-03
    endloop
  endfacet
  facet normal -7.945232e-01 -0.000000e+00 -6.072338e-01
    outer loop
      vertex   2.389093e-03  2.115329e-02  2.203346e-03
      vertex   2.753278e-03  1.025329e-02  1.726835e-03
      vertex   2.389093e-03  1.025329e-02  2.203346e-03
    endloop
  endfacet
  facet normal -5.980155e-01 -0.000000e+00 -8.014845e-01
    outer loop
      vertex   2.389093e-03  2.115329e-02  2.203346e-03
      vertex   2.389093e-03  1.025329e-02  2.203346e-03
      vertex   1.431822e-03  2.115329e-02  2.917599e-03
    endloop
  endfacet
  facet normal -5.980155e-01 -0.000000e+00 -8.014845e-01
    outer loop
      vertex   1.431822e-03  2.115329e-02  2.917599e-03
      vertex   2.389093e-03  1.025329e-02  2.203346e-03
      vertex   1.431822e-03  1.025329e-02  2.917599e-03
    endloop
  endfacet
  facet normal -2.681031e-01 -0.000000e+00 -9.633902e-01
    outer loop
      vertex   1.431822e-03  2.115329e-02  2.917599e-03
      vertex   1.431822e-03  1.025329e-02  2.917599e-03
      vertex   2.811762e-04  2.115329e-02  3.237814e-03
    endloop
  endfacet
  facet normal -2.681031e-01 -0.000000e+00 -9.633902e-01
    outer loop
      vertex   2.811762e-04  2.115329e-02  3.237814e-03
      vertex   1.431822e-03  1.025329e-02  2.917599e-03
      vertex   2.811762e-04  1.025329e-02  3.237814e-03
    endloop
  endfacet
  facet normal  9.801789e-02  0.000000e+00 -9.951846e-01
    outer loop
      vertex   2.811762e-04  2.115329e-02  3.237814e-03
      vertex   2.811762e-04  1.025329e-02  3.237814e-03
      vertex  -9.074442e-04  2.115329e-02  3.120744e-03
    endloop
  endfacet
  facet normal  9.801789e-02  0.000000e+00 -9.951846e-01
    outer loop
      vertex  -9.074442e-04  2.115329e-02  3.120744e-03
      vertex   2.811762e-04  1.025329e-02  3.237814e-03
      vertex  -9.074442e-04  1.025329e-02  3.120744e-03
    endloop
  endfacet
  facet normal  4.509009e-01  0.000000e+00 -8.925740e-01
    outer loop
      vertex  -9.074442e-04  2.115329e-02  3.120744e-03
      vertex  -9.074442e-04  1.025329e-02  3.120744e-03
      vertex  -1.973510e-03  2.115329e-02  2.582201e-03
    endloop
  endfacet
  facet normal  4.509009e-01  0.000000e+00 -8.925740e-01
    outer loop
      vertex  -1.973510e-03  2.115329e-02  2.582201e-03
      vertex  -9.074442e-04  1.025329e-02  3.120744e-03
      vertex  -1.973510e-03  1.025329e-02  2.582201e-03
    endloop
  endfacet
  facet normal  7.428878e-01  0.000000e+00 -6.694160e-01
    outer loop
      vertex  -1.973510e-03  2.115329e-02  2.582201e-03
      vertex  -1.973510e-03  1.025329e-02  2.582201e-03
      vertex  -2.773041e-03  2.115329e-02  1.694917e-03
    endloop
  endfacet
  facet normal  7.428878e-01  0.000000e+00 -6.694160e-01
    outer loop
      vertex  -2.773041e-03  2.115329e-02  1.694917e-03
      vertex  -1.973510e-03  1.025329e-02  2.582201e-03
      vertex  -2.773041e-03  1.025329e-02  1.694917e-03
    endloop
  endfacet
  facet normal  9.345431e-01  0.000000e+00 -3.558500e-01
    outer loop
      vertex  -2.773041e-03  2.115329e-02  1.694917e-03
      vertex  -2.773041e-03  1.025329e-02  1.694917e-03
      vertex  -3.198058e-03  2.115329e-02  5.787245e-04
    endloop
  endfacet
  facet normal  9.345431e-01  0.000000e+00 -3.558500e-01
    outer loop
      vertex  -3.198058e-03  2.115329e-02  5.787245e-04
      vertex  -2.773041e-03  1.025329e-02  1.694917e-03
      vertex  -3.198058e-03  1.025329e-02  5.787245e-04
    endloop
  endfacet
  facet normal  9.999834e-01  0.000000e+00  5.775482e-03
    outer loop
      vertex  -3.198058e-03  2.115329e-02  5.787245e-04
      vertex  -3.198058e-03  1.025329e-02  5.787245e-04
      vertex  -3.191160e-03  2.115329e-02 -6.156274e-04
    endloop
  endfacet
  facet normal  9.999834e-01  0.000000e+00  5.775482e-03
    outer loop
      vertex  -3.191160e-03  2.115329e-02 -6.156274e-04
      vertex  -3.198058e-03  1.025329e-02  5.787245e-04
      vertex  -3.191160e-03  1.025329e-02 -6.156274e-04
    endloop
  endfacet
  facet normal  9.303702e-01  0.000000e+00  3.666214e-01
    outer loop
      vertex  -3.191160e-03  2.115329e-02 -6.156274e-04
      vertex  -3.191160e-03  1.025329e-02 -6.156274e-04
      vertex  -2.753278e-03  2.115329e-02 -1.726835e-03
    endloop
  endfacet
  facet normal  9.303702e-01  0.000000e+00  3.666214e-01
    outer loop
      vertex  -2.753278e-03  2.115329e-02 -1.726835e-03
      vertex  -3.191160e-03  1.025329e-02 -6.156274e-04
      vertex  -2.753278e-03  1.025329e-02 -1.726835e-03
    endloop
  endfacet
  facet normal  7.351055e-01  0.000000e+00  6.779526e-01
    outer loop
      vertex  -2.753278e-03  2.115329e-02 -1.726835e-03
      vertex  -2.753278e-03  1.025329e-02 -1.726835e-03
      vertex  -1.943550e-03  2.115329e-02 -2.604825e-03
    endloop
  endfacet
  facet normal  7.351055e-01  0.000000e+00  6.779526e-01
    outer loop
      vertex  -1.943550e-03  2.115329e-02 -2.604825e-03
      vertex  -2.753278e-03  1.025329e-02 -1.726835e-03
      vertex  -1.943550e-03  1.025329e-02 -2.604825e-03
    endloop
  endfacet
  facet normal  4.405607e-01  0.000000e+00  8.977228e-01
    outer loop
      vertex  -1.943550e-03  2.115329e-02 -2.604825e-03
      vertex  -1.943550e-03  1.025329e-02 -2.604825e-03
      vertex  -8.713355e-04  2.115329e-02 -3.131018e-03
    endloop
  endfacet
  facet normal  4.405607e-01  0.000000e+00  8.977228e-01
    outer loop
      vertex  -8.713355e-04  2.115329e-02 -3.131018e-03
      vertex  -1.943550e-03  1.025329e-02 -2.604825e-03
      vertex  -8.713355e-04  1.025329e-02 -3.131018e-03
    endloop
  endfacet
  facet normal  8.651585e-02  0.000000e+00  9.962505e-01
    outer loop
      vertex  -8.713355e-04  2.115329e-02 -3.131018e-03
      vertex  -8.713355e-04  1.025329e-02 -3.131018e-03
      vertex   3.185580e-04  2.115329e-02 -3.234350e-03
    endloop
  endfacet
  facet normal  8.651585e-02  0.000000e+00  9.962505e-01
    outer loop
      vertex   3.185580e-04  2.115329e-02 -3.234350e-03
      vertex  -8.713355e-04  1.025329e-02 -3.131018e-03
      vertex   3.185580e-04  1.025329e-02 -3.234350e-03
    endloop
  endfacet
  facet normal -2.792135e-01  0.000000e+00  9.602291e-01
    outer loop
      vertex   3.185580e-04  2.115329e-02 -3.234350e-03
      vertex   3.185580e-04  1.025329e-02 -3.234350e-03
      vertex   1.465429e-03  2.115329e-02 -2.900865e-03
    endloop
  endfacet
  facet normal -2.792135e-01  0.000000e+00  9.602291e-01
    outer loop
      vertex   1.465429e-03  2.115329e-02 -2.900865e-03
      vertex   3.185580e-04  1.025329e-02 -3.234350e-03
      vertex   1.465429e-03  1.025329e-02 -2.900865e-03
    endloop
  endfacet
  facet normal -6.072338e-01  0.000000e+00  7.945232e-01
    outer loop
      vertex   1.465429e-03  2.115329e-02 -2.900865e-03
      vertex   1.465429e-03  1.025329e-02 -2.900865e-03
      vertex   2.414385e-03  2.115329e-02 -2.175602e-03
    endloop
  endfacet
  facet normal -6.072338e-01  0.000000e+00  7.945232e-01
    outer loop
      vertex   2.414385e-03  2.115329e-02 -2.175602e-03
      vertex   1.465429e-03  1.025329e-02 -2.900865e-03
      vertex   2.414385e-03  1.025329e-02 -2.175602e-03
    endloop
  endfacet
  facet normal -8.532435e-01  0.000000e+00  5.215128e-01
    outer loop
      vertex   2.414385e-03  2.115329e-02 -2.175602e-03
      vertex   2.414385e-03  1.025329e-02 -2.175602e-03
      vertex   3.037265e-03  2.115329e-02 -1.156512e-03
    endloop
  endfacet
  facet normal -8.532435e-01  0.000000e+00  5.215128e-01
    outer loop
      vertex   3.037265e-03  2.115329e-02 -1.156512e-03
      vertex   2.414385e-03  1.025329e-02 -2.175602e-03
      vertex   3.037265e-03  1.025329e-02 -1.156512e-03
    endloop
  endfacet
  facet normal -9.840180e-01  0.000000e+00  1.780692e-01
    outer loop
      vertex   3.037265e-03  2.115329e-02 -1.156512e-03
      vertex   3.037265e-03  1.025329e-02 -1.156512e-03
      vertex   3.249946e-03  2.115329e-02  1.877098e-05
    endloop
  endfacet
  facet normal -9.840180e-01  0.000000e+00  1.780692e-01
    outer loop
      vertex   3.249946e-03  2.115329e-02  1.877098e-05
      vertex   3.037265e-03  1.025329e-02 -1.156512e-03
      vertex   3.249946e-03  1.025329e-02  1.877098e-05
    endloop
  endfacet
  facet normal -9.818954e-01 -0.000000e+00 -1.894238e-01
    outer loop
      vertex   3.249946e-03  2.115329e-02  1.877098e-05
      vertex   3.249946e-03  1.025329e-02  1.877098e-05
      vertex   3.023703e-03  2.115329e-02  1.191519e-03
    endloop
  endfacet
  facet normal  0.000000e+00  1.000000e+00  0.000000e+00
    outer loop
      vertex   3.160893e-04  2.115329e-02  1.704707e-02
      vertex   3.117634e-03  2.115329e-02  1.676254e-02
      vertex  -2.798674e-03  2.115329e-02  1.287736e-02
    endloop
  endfacet
  facet normal  0.000000e+00  1.000000e+00  0.000000e+00
    outer loop
      vertex  -8.713355e-04  2.115329e-02 -3.131018e-03
      vertex   5.331486e-04  2.115329e-02 -4.943526e-03
      vertex  -1.943550e-03  2.115329e-02 -2.604825e-03
    endloop
  endfacet
  facet normal  0.000000e+00  1.000000e+00  0.000000e+00
    outer loop
      vertex  -1.943550e-03  2.115329e-02 -2.604825e-03
      vertex   5.331486e-04  2.115329e-02 -4.943526e-03
      vertex  -1.412148e-03  2.115329e-02 -6.163602e-03
    endloop
  endfacet
  facet normal  0.000000e+00  1.000000e+00  0.000000e+00
    outer loop
      vertex  -1.943550e-03  2.115329e-02 -2.604825e-03
      vertex  -1.412148e-03  2.115329e-02 -6.163602e-03
      vertex  -2.753278e-03  2.115329e-02 -1.726835e-03
    endloop
  endfacet
  facet normal  0.000000e+00  1.000000e+00  0.000000e+00
    outer loop
      vertex  -2.753278e-03  2.115329e-02 -1.726835e-03
      vertex  -1.412148e-03  2.115329e-02 -6.163602e-03
      vertex  -6.163602e-03  2.115329e-02  1.412148e-03
    endloop
  endfacet
  facet normal  0.000000e+00  1.000000e+00 -0.000000e+00
    outer loop
      vertex  -1.973510e-03  2.115329e-02  2.582201e-03
      vertex  -4.218305e-03  2.115329e-02  2.632224e-03
      vertex  -9.074442e-04  2.115329e-02  3.120744e-03
    endloop
  endfacet
  facet normal  0.000000e+00  1.000000e+00 -0.000000e+00
    outer loop
      vertex  -9.074442e-04  2.115329e-02  3.120744e-03
      vertex  -4.218305e-03  2.115329e-02  2.632224e-03
      vertex  -5.331486e-04  2.115329e-02  4.943526e-03
    endloop
  endfacet
  facet normal  0.000000e+00  1.000000e+00  0.000000e+00
    outer loop
      vertex  -9.074442e-04  2.115329e-02  3.120744e-03
      vertex  -5.331486e-04  2.115329e-02  4.943526e-03
      vertex   2.811762e-04  2.115329e-02  3.237814e-03
    endloop
  endfacet
  facet normal  0.000000e+00  1.000000e+00  0.000000e+00
    outer loop
      vertex  -1.973510e-03  2.115329e-02  2.582201e-03
      vertex  -2.773041e-03  2.115329e-02  1.694917e-03
      vertex  -4.218305e-03  2.115329e-02  2.632224e-03
    endloop
  endfacet
  facet normal  0.000000e+00  1.000000e+00  0.000000e+00
    outer loop
      vertex  -4.218305e-03  2.115329e-02  2.632224e-03
      vertex  -2.773041e-03  2.115329e-02  1.694917e-03
      vertex  -3.198058e-03  2.115329e-02  5.787245e-04
    endloop
  endfacet
  facet normal  0.000000e+00  1.000000e+00  0.000000e+00
    outer loop
      vertex  -4.218305e-03  2.115329e-02  2.632224e-03
      vertex  -3.198058e-03  2.115329e-02  5.787245e-04
      vertex  -6.163602e-03  2.115329e-02  1.412148e-03
    endloop
  endfacet
  facet normal  0.000000e+00  1.000000e+00  0.000000e+00
    outer loop
      vertex  -6.163602e-03  2.115329e-02  1.412148e-03
      vertex  -3.198058e-03  2.115329e-02  5.787245e-04
      vertex  -3.191160e-03  2.115329e-02 -6.156274e-04
    endloop
  endfacet
  facet normal  0.000000e+00  1.000000e+00  0.000000e+00
    outer loop
      vertex  -6.163602e-03  2.115329e-02  1.412148e-03
      vertex  -3.191160e-03  2.115329e-02 -6.156274e-04
      vertex  -2.753278e-03  2.115329e-02 -1.726835e-03
    endloop
  endfacet
  facet normal  0.000000e+00  1.000000e+00 -0.000000e+00
    outer loop
      vertex   4.218305e-03  2.115329e-02 -2.632224e-03
      vertex   3.037265e-03  2.115329e-02 -1.156512e-03
      vertex   6.163602e-03  2.115329e-02 -1.412148e-03
    endloop
  endfacet
  facet normal  0.000000e+00  1.000000e+00  0.000000e+00
    outer loop
      vertex   6.163602e-03  2.115329e-02 -1.412148e-03
      vertex   3.037265e-03  2.115329e-02 -1.156512e-03
      vertex   3.249946e-03  2.115329e-02  1.877098e-05
    endloop
  endfacet
  facet normal  0.000000e+00  1.000000e+00  0.000000e+00
    outer loop
      vertex   6.163602e-03  2.115329e-02 -1.412148e-03
      vertex   3.249946e-03  2.115329e-02  1.877098e-05
      vertex   3.023703e-03  2.115329e-02  1.191519e-03
    endloop
  endfacet
  facet normal -0.000000e+00  1.000000e+00 -0.000000e+00
    outer loop
      vertex   2.811762e-04  2.115329e-02  3.237814e-03
      vertex  -5.331486e-04  2.115329e-02  4.943526e-03
      vertex   1.431822e-03  2.115329e-02  2.917599e-03
    endloop
  endfacet
  facet normal  0.000000e+00  1.000000e+00  0.000000e+00
    outer loop
      vertex   1.431822e-03  2.115329e-02  2.917599e-03
      vertex  -5.331486e-04  2.115329e-02  4.943526e-03
      vertex   1.412148e-03  2.115329e-02  6.163602e-03
    endloop
  endfacet
  facet normal -0.000000e+00  1.000000e+00 -0.000000e+00
    outer loop
      vertex   1.431822e-03  2.115329e-02  2.917599e-03
      vertex   1.412148e-03  2.115329e-02  6.163602e-03
      vertex   2.389093e-03  2.115329e-02  2.203346e-03
    endloop
  endfacet
  facet normal  0.000000e+00  1.000000e+00  0.000000e+00
    outer loop
      vertex  -8.713355e-04  2.115329e-02 -3.131018e-03
      vertex   3.185580e-04  2.115329e-02 -3.234350e-03
      vertex   5.331486e-04  2.115329e-02 -4.943526e-03
    endloop
  endfacet
  facet normal  0.000000e+00  1.000000e+00 -0.000000e+00
    outer loop
      vertex   5.331486e-04  2.115329e-02 -4.943526e-03
      vertex   3.185580e-04  2.115329e-02 -3.234350e-03
      vertex   1.465429e-03  2.115329e-02 -2.900865e-03
    endloop
  endfacet
  facet normal  0.000000e+00  1.000000e+00  0.000000e+00
    outer loop
      vertex   5.331486e-04  2.115329e-02 -4.943526e-03
      vertex   1.465429e-03  2.115329e-02 -2.900865e-03
      vertex   4.218305e-03  2.115329e-02 -2.632224e-03
    endloop
  endfacet
  facet normal  0.000000e+00  1.000000e+00  0.000000e+00
    outer loop
      vertex   4.218305e-03  2.115329e-02 -2.632224e-03
      vertex   1.465429e-03  2.115329e-02 -2.900865e-03
      vertex   2.414385e-03  2.115329e-02 -2.175602e-03
    endloop
  endfacet
  facet normal  0.000000e+00  1.000000e+00  0.000000e+00
    outer loop
      vertex   4.218305e-03  2.115329e-02 -2.632224e-03
      vertex   2.414385e-03  2.115329e-02 -2.175602e-03
      vertex   3.037265e-03  2.115329e-02 -1.156512e-03
    endloop
  endfacet
  facet normal  0.000000e+00  1.000000e+00  0.000000e+00
    outer loop
      vertex  -1.253237e-03  2.115329e-02 -8.715432e-03
      vertex  -1.641881e-03  2.115329e-02 -8.354226e-03
      vertex  -1.412148e-03  2.115329e-02 -6.163602e-03
    endloop
  endfacet
  facet normal  0.000000e+00  1.000000e+00  0.000000e+00
    outer loop
      vertex  -1.412148e-03  2.115329e-02 -6.163602e-03
      vertex  -1.641881e-03  2.115329e-02 -8.354226e-03
      vertex  -2.159059e-03  2.115329e-02 -8.235736e-03
    endloop
  endfacet
  facet normal  0.000000e+00  1.000000e+00  0.000000e+00
    outer loop
      vertex  -1.412148e-03  2.115329e-02 -6.163602e-03
      vertex  -2.159059e-03  2.115329e-02 -8.235736e-03
      vertex  -2.666195e-03  2.115329e-02 -8.391708e-03
    endloop
  endfacet
  facet normal -0.000000e+00  1.000000e+00  0.000000e+00
    outer loop
      vertex  -1.573822e-02  2.115329e-02 -6.558264e-03
      vertex  -6.163602e-03  2.115329e-02  1.412148e-03
      vertex  -1.444412e-02  2.115329e-02 -9.059244e-03
    endloop
  endfacet
  facet normal  0.000000e+00  1.000000e+00  0.000000e+00
    outer loop
      vertex  -1.444412e-02  2.115329e-02 -9.059244e-03
      vertex  -6.163602e-03  2.115329e-02  1.412148e-03
      vertex  -1.412148e-03  2.115329e-02 -6.163602e-03
    endloop
  endfacet
  facet normal -0.000000e+00  1.000000e+00  0.000000e+00
    outer loop
      vertex  -1.444412e-02  2.115329e-02 -9.059244e-03
      vertex  -1.412148e-03  2.115329e-02 -6.163602e-03
      vertex  -1.275602e-02  2.115329e-02 -1.131311e-02
    endloop
  endfacet
  facet normal  0.000000e+00  1.000000e+00  0.000000e+00
    outer loop
      vertex  -1.275602e-02  2.115329e-02 -1.131311e-02
      vertex  -1.412148e-03  2.115329e-02 -6.163602e-03
      vertex  -2.666195e-03  2.115329e-02 -8.391708e-03
    endloop
  endfacet
  facet normal -0.000000e+00  1.000000e+00  0.000000e+00
    outer loop
      vertex  -2.084096e-03  2.115329e-02 -1.028436e-02
      vertex  -1.576960e-03  2.115329e-02 -1.012839e-02
      vertex   1.531790e-03  2.115329e-02 -1.085744e-02
    endloop
  endfacet
  facet normal  0.000000e+00  1.000000e+00  0.000000e+00
    outer loop
      vertex   1.531790e-03  2.115329e-02 -1.085744e-02
      vertex  -1.576960e-03  2.115329e-02 -1.012839e-02
      vertex  -1.215755e-03  2.115329e-02 -9.739746e-03
    endloop
  endfacet
  facet normal  0.000000e+00  1.000000e+00  0.000000e+00
    outer loop
      vertex   1.531790e-03  2.115329e-02 -1.085744e-02
      vertex  -1.215755e-03  2.115329e-02 -9.739746e-03
      vertex  -1.097263e-03  2.115329e-02 -9.222568e-03
    endloop
  endfacet
  facet normal  0.000000e+00  1.000000e+00  0.000000e+00
    outer loop
      vertex  -2.666195e-03  2.115329e-02 -8.391708e-03
      vertex  -3.027401e-03  2.115329e-02 -8.780353e-03
      vertex  -1.275602e-02  2.115329e-02 -1.131311e-02
    endloop
  endfacet
  facet normal  0.000000e+00  1.000000e+00  0.000000e+00
    outer loop
      vertex  -1.275602e-02  2.115329e-02 -1.131311e-02
      vertex  -3.027401e-03  2.115329e-02 -8.780353e-03
      vertex  -3.145892e-03  2.115329e-02 -9.297531e-03
    endloop
  endfacet
  facet normal -0.000000e+00  1.000000e+00  0.000000e+00
    outer loop
      vertex  -1.275602e-02  2.115329e-02 -1.131311e-02
      vertex  -3.145892e-03  2.115329e-02 -9.297531e-03
      vertex  -1.071997e-02  2.115329e-02 -1.325839e-02
    endloop
  endfacet
  facet normal  0.000000e+00  1.000000e+00  0.000000e+00
    outer loop
      vertex  -1.071997e-02  2.115329e-02 -1.325839e-02
      vertex  -3.145892e-03  2.115329e-02 -9.297531e-03
      vertex  -2.989919e-03  2.115329e-02 -9.804667e-03
    endloop
  endfacet
  facet normal -0.000000e+00  1.000000e+00  0.000000e+00
    outer loop
      vertex  -1.071997e-02  2.115329e-02 -1.325839e-02
      vertex  -2.989919e-03  2.115329e-02 -9.804667e-03
      vertex  -8.391500e-03  2.115329e-02 -1.484201e-02
    endloop
  endfacet
  facet normal  0.000000e+00  1.000000e+00  0.000000e+00
    outer loop
      vertex  -8.391500e-03  2.115329e-02 -1.484201e-02
      vertex  -2.989919e-03  2.115329e-02 -9.804667e-03
      vertex  -2.601275e-03  2.115329e-02 -1.016587e-02
    endloop
  endfacet
  facet normal -0.000000e+00  1.000000e+00  0.000000e+00
    outer loop
      vertex  -8.391500e-03  2.115329e-02 -1.484201e-02
      vertex  -2.601275e-03  2.115329e-02 -1.016587e-02
      vertex  -5.834138e-03  2.115329e-02 -1.602078e-02
    endloop
  endfacet
  facet normal  0.000000e+00  1.000000e+00  0.000000e+00
    outer loop
      vertex  -2.601275e-03  2.115329e-02 -1.016587e-02
      vertex  -2.084096e-03  2.115329e-02 -1.028436e-02
      vertex  -5.834138e-03  2.115329e-02 -1.602078e-02
    endloop
  endfacet
  facet normal  0.000000e+00  1.000000e+00  0.000000e+00
    outer loop
      vertex  -5.834138e-03  2.115329e-02 -1.602078e-02
      vertex  -2.084096e-03  2.115329e-02 -1.028436e-02
      vertex   1.531790e-03  2.115329e-02 -1.085744e-02
    endloop
  endfacet
  facet normal -0.000000e+00  1.000000e+00  0.000000e+00
    outer loop
      vertex  -5.834138e-03  2.115329e-02 -1.602078e-02
      vertex   1.531790e-03  2.115329e-02 -1.085744e-02
      vertex  -3.117634e-03  2.115329e-02 -1.676254e-02
    endloop
  endfacet
  facet normal -0.000000e+00  1.000000e+00  0.000000e+00
    outer loop
      vertex  -3.117634e-03  2.115329e-02 -1.676254e-02
      vertex   1.531790e-03  2.115329e-02 -1.085744e-02
      vertex  -3.160893e-04  2.115329e-02 -1.704707e-02
    endloop
  endfacet
  facet normal  0.000000e+00  1.000000e+00  0.000000e+00
    outer loop
      vertex   9.107539e-03  2.115329e-02 -6.105982e-03
      vertex   1.232786e-02  2.115329e-02 -1.177822e-02
      vertex   7.162243e-03  2.115329e-02 -7.326058e-03
    endloop
  endfacet
  facet normal  0.000000e+00  1.000000e+00  0.000000e+00
    outer loop
      vertex   7.162243e-03  2.115329e-02 -7.326058e-03
      vertex   1.232786e-02  2.115329e-02 -1.177822e-02
      vertex   8.041822e-03  2.115329e-02 -1.075167e-02
    endloop
  endfacet
  facet normal  0.000000e+00  1.000000e+00 -0.000000e+00
    outer loop
      vertex   1.022109e-02  2.115329e-02 -1.364668e-02
      vertex   8.082047e-03  2.115329e-02 -1.185094e-02
      vertex   1.232786e-02  2.115329e-02 -1.177822e-02
    endloop
  endfacet
  facet normal  0.000000e+00  1.000000e+00  0.000000e+00
    outer loop
      vertex   1.232786e-02  2.115329e-02 -1.177822e-02
      vertex   8.082047e-03  2.115329e-02 -1.185094e-02
      vertex   8.209208e-03  2.115329e-02 -1.129592e-02
    endloop
  endfacet
  facet normal  0.000000e+00  1.000000e+00  0.000000e+00
    outer loop
      vertex   1.232786e-02  2.115329e-02 -1.177822e-02
      vertex   8.209208e-03  2.115329e-02 -1.129592e-02
      vertex   8.041822e-03  2.115329e-02 -1.075167e-02
    endloop
  endfacet
  facet normal  0.000000e+00  1.000000e+00  0.000000e+00
    outer loop
      vertex   8.041822e-03  2.115329e-02 -1.075167e-02
      vertex   7.624740e-03  2.115329e-02 -1.036404e-02
      vertex   7.162243e-03  2.115329e-02 -7.326058e-03
    endloop
  endfacet
  facet normal  0.000000e+00  1.000000e+00  0.000000e+00
    outer loop
      vertex   7.162243e-03  2.115329e-02 -7.326058e-03
      vertex   7.624740e-03  2.115329e-02 -1.036404e-02
      vertex   7.069719e-03  2.115329e-02 -1.023688e-02
    endloop
  endfacet
  facet normal  0.000000e+00  1.000000e+00  0.000000e+00
    outer loop
      vertex   7.162243e-03  2.115329e-02 -7.326058e-03
      vertex   7.069719e-03  2.115329e-02 -1.023688e-02
      vertex   3.477086e-03  2.115329e-02 -9.637360e-03
    endloop
  endfacet
  facet normal  0.000000e+00  1.000000e+00  0.000000e+00
    outer loop
      vertex   3.477086e-03  2.115329e-02 -9.637360e-03
      vertex   7.069719e-03  2.115329e-02 -1.023688e-02
      vertex   6.525476e-03  2.115329e-02 -1.040426e-02
    endloop
  endfacet
  facet normal  0.000000e+00  1.000000e+00  0.000000e+00
    outer loop
      vertex   3.477086e-03  2.115329e-02 -9.637360e-03
      vertex   6.525476e-03  2.115329e-02 -1.040426e-02
      vertex   6.137841e-03  2.115329e-02 -1.082135e-02
    endloop
  endfacet
  facet normal  0.000000e+00  1.000000e+00  0.000000e+00
    outer loop
      vertex   6.137841e-03  2.115329e-02 -1.082135e-02
      vertex   6.010679e-03  2.115329e-02 -1.137637e-02
      vertex   3.477086e-03  2.115329e-02 -9.637360e-03
    endloop
  endfacet
  facet normal  0.000000e+00  1.000000e+00  0.000000e+00
    outer loop
      vertex   3.477086e-03  2.115329e-02 -9.637360e-03
      vertex   6.010679e-03  2.115329e-02 -1.137637e-02
      vertex   5.236212e-03  2.115329e-02 -1.622605e-02
    endloop
  endfacet
  facet normal  0.000000e+00  1.000000e+00  0.000000e+00
    outer loop
      vertex   3.477086e-03  2.115329e-02 -9.637360e-03
      vertex   5.236212e-03  2.115329e-02 -1.622605e-02
      vertex   1.531790e-03  2.115329e-02 -1.085744e-02
    endloop
  endfacet
  facet normal  0.000000e+00  1.000000e+00  0.000000e+00
    outer loop
      vertex   1.531790e-03  2.115329e-02 -1.085744e-02
      vertex   5.236212e-03  2.115329e-02 -1.622605e-02
      vertex   2.494077e-03  2.115329e-02 -1.686660e-02
    endloop
  endfacet
  facet normal  0.000000e+00  1.000000e+00  0.000000e+00
    outer loop
      vertex   1.531790e-03  2.115329e-02 -1.085744e-02
      vertex   2.494077e-03  2.115329e-02 -1.686660e-02
      vertex  -3.160893e-04  2.115329e-02 -1.704707e-02
    endloop
  endfacet
  facet normal  0.000000e+00  1.000000e+00  0.000000e+00
    outer loop
      vertex   6.010679e-03  2.115329e-02 -1.137637e-02
      vertex   6.178065e-03  2.115329e-02 -1.192061e-02
      vertex   5.236212e-03  2.115329e-02 -1.622605e-02
    endloop
  endfacet
  facet normal  0.000000e+00  1.000000e+00  0.000000e+00
    outer loop
      vertex   5.236212e-03  2.115329e-02 -1.622605e-02
      vertex   6.178065e-03  2.115329e-02 -1.192061e-02
      vertex   6.595146e-03  2.115329e-02 -1.230824e-02
    endloop
  endfacet
  facet normal  0.000000e+00  1.000000e+00  0.000000e+00
    outer loop
      vertex   5.236212e-03  2.115329e-02 -1.622605e-02
      vertex   6.595146e-03  2.115329e-02 -1.230824e-02
      vertex   7.835517e-03  2.115329e-02 -1.514289e-02
    endloop
  endfacet
  facet normal  0.000000e+00  1.000000e+00  0.000000e+00
    outer loop
      vertex   7.835517e-03  2.115329e-02 -1.514289e-02
      vertex   6.595146e-03  2.115329e-02 -1.230824e-02
      vertex   7.150168e-03  2.115329e-02 -1.243541e-02
    endloop
  endfacet
  facet normal  0.000000e+00  1.000000e+00 -0.000000e+00
    outer loop
      vertex   7.835517e-03  2.115329e-02 -1.514289e-02
      vertex   7.150168e-03  2.115329e-02 -1.243541e-02
      vertex   1.022109e-02  2.115329e-02 -1.364668e-02
    endloop
  endfacet
  facet normal  0.000000e+00  1.000000e+00  0.000000e+00
    outer loop
      vertex   1.022109e-02  2.115329e-02 -1.364668e-02
      vertex   7.150168e-03  2.115329e-02 -1.243541e-02
      vertex   7.694411e-03  2.115329e-02 -1.226802e-02
    endloop
  endfacet
  facet normal  0.000000e+00  1.000000e+00  0.000000e+00
    outer loop
      vertex   1.022109e-02  2.115329e-02 -1.364668e-02
      vertex   7.694411e-03  2.115329e-02 -1.226802e-02
      vertex   8.082047e-03  2.115329e-02 -1.185094e-02
    endloop
  endfacet
  facet normal  0.000000e+00  1.000000e+00  0.000000e+00
    outer loop
      vertex   1.644784e-02  2.115329e-02 -4.491225e-03
      vertex   1.548428e-02  2.115329e-02 -7.137196e-03
      vertex   9.107539e-03  2.115329e-02 -6.105982e-03
    endloop
  endfacet
  facet normal  0.000000e+00  1.000000e+00  0.000000e+00
    outer loop
      vertex   9.107539e-03  2.115329e-02 -6.105982e-03
      vertex   1.548428e-02  2.115329e-02 -7.137196e-03
      vertex   1.409835e-02  2.115329e-02 -9.588483e-03
    endloop
  endfacet
  facet normal  0.000000e+00  1.000000e+00  0.000000e+00
    outer loop
      vertex   9.107539e-03  2.115329e-02 -6.105982e-03
      vertex   1.409835e-02  2.115329e-02 -9.588483e-03
      vertex   1.232786e-02  2.115329e-02 -1.177822e-02
    endloop
  endfacet
  facet normal  0.000000e+00  1.000000e+00 -0.000000e+00
    outer loop
      vertex   1.696274e-02  2.115329e-02 -1.722745e-03
      vertex   1.582130e-02  2.115329e-02 -1.895160e-03
      vertex   1.701495e-02  2.115329e-02  1.092726e-03
    endloop
  endfacet
  facet normal  0.000000e+00  1.000000e+00  0.000000e+00
    outer loop
      vertex   1.701495e-02  2.115329e-02  1.092726e-03
      vertex   1.582130e-02  2.115329e-02 -1.895160e-03
      vertex   1.287736e-02  2.115329e-02  2.798674e-03
    endloop
  endfacet
  facet normal  0.000000e+00  1.000000e+00  0.000000e+00
    outer loop
      vertex   1.701495e-02  2.115329e-02  1.092726e-03
      vertex   1.287736e-02  2.115329e-02  2.798674e-03
      vertex   1.660303e-02  2.115329e-02  3.878391e-03
    endloop
  endfacet
  facet normal  0.000000e+00  1.000000e+00  0.000000e+00
    outer loop
      vertex   1.660303e-02  2.115329e-02  3.878391e-03
      vertex   1.287736e-02  2.115329e-02  2.798674e-03
      vertex   1.573822e-02  2.115329e-02  6.558264e-03
    endloop
  endfacet
  facet normal  0.000000e+00  1.000000e+00  0.000000e+00
    outer loop
      vertex   1.275602e-02  2.115329e-02  1.131311e-02
      vertex   1.444412e-02  2.115329e-02  9.059244e-03
      vertex   8.125911e-03  2.115329e-02  1.037442e-02
    endloop
  endfacet
  facet normal  0.000000e+00  1.000000e+00  0.000000e+00
    outer loop
      vertex   5.834138e-03  2.115329e-02  1.602078e-02
      vertex   8.391500e-03  2.115329e-02  1.484201e-02
      vertex   8.125911e-03  2.115329e-02  1.037442e-02
    endloop
  endfacet
  facet normal  0.000000e+00  1.000000e+00  0.000000e+00
    outer loop
      vertex   8.125911e-03  2.115329e-02  1.037442e-02
      vertex   8.391500e-03  2.115329e-02  1.484201e-02
      vertex   1.071997e-02  2.115329e-02  1.325839e-02
    endloop
  endfacet
  facet normal  0.000000e+00  1.000000e+00  0.000000e+00
    outer loop
      vertex   8.125911e-03  2.115329e-02  1.037442e-02
      vertex   1.071997e-02  2.115329e-02  1.325839e-02
      vertex   1.275602e-02  2.115329e-02  1.131311e-02
    endloop
  endfacet
  facet normal  0.000000e+00  1.000000e+00  0.000000e+00
    outer loop
      vertex  -2.798674e-03  2.115329e-02  1.287736e-02
      vertex   1.215755e-03  2.115329e-02  9.739746e-03
      vertex   1.097263e-03  2.115329e-02  9.222568e-03
    endloop
  endfacet
  facet normal  0.000000e+00  1.000000e+00  0.000000e+00
    outer loop
      vertex   1.253237e-03  2.115329e-02  8.715432e-03
      vertex   1.641881e-03  2.115329e-02  8.354226e-03
      vertex   1.412148e-03  2.115329e-02  6.163602e-03
    endloop
  endfacet
  facet normal  0.000000e+00  1.000000e+00  0.000000e+00
    outer loop
      vertex   1.412148e-03  2.115329e-02  6.163602e-03
      vertex   1.641881e-03  2.115329e-02  8.354226e-03
      vertex   2.159059e-03  2.115329e-02  8.235736e-03
    endloop
  endfacet
  facet normal  0.000000e+00  1.000000e+00  0.000000e+00
    outer loop
      vertex   2.666195e-03  2.115329e-02  8.391708e-03
      vertex   3.027401e-03  2.115329e-02  8.780353e-03
      vertex   8.125911e-03  2.115329e-02  1.037442e-02
    endloop
  endfacet
  facet normal -0.000000e+00  1.000000e+00  0.000000e+00
    outer loop
      vertex   2.159059e-03  2.115329e-02  8.235736e-03
      vertex   2.666195e-03  2.115329e-02  8.391708e-03
      vertex   1.412148e-03  2.115329e-02  6.163602e-03
    endloop
  endfacet
  facet normal  0.000000e+00  1.000000e+00  0.000000e+00
    outer loop
      vertex   1.412148e-03  2.115329e-02  6.163602e-03
      vertex   2.666195e-03  2.115329e-02  8.391708e-03
      vertex   8.125911e-03  2.115329e-02  1.037442e-02
    endloop
  endfacet
  facet normal -0.000000e+00  1.000000e+00  0.000000e+00
    outer loop
      vertex   1.412148e-03  2.115329e-02  6.163602e-03
      vertex   8.125911e-03  2.115329e-02  1.037442e-02
      vertex   1.287736e-02  2.115329e-02  2.798674e-03
    endloop
  endfacet
  facet normal  0.000000e+00  1.000000e+00 -0.000000e+00
    outer loop
      vertex   1.287736e-02  2.115329e-02  2.798674e-03
      vertex   8.125911e-03  2.115329e-02  1.037442e-02
      vertex   1.444412e-02  2.115329e-02  9.059244e-03
    endloop
  endfacet
  facet normal  0.000000e+00  1.000000e+00  0.000000e+00
    outer loop
      vertex   1.287736e-02  2.115329e-02  2.798674e-03
      vertex   1.444412e-02  2.115329e-02  9.059244e-03
      vertex   1.573822e-02  2.115329e-02  6.558264e-03
    endloop
  endfacet
  facet normal  0.000000e+00  1.000000e+00  0.000000e+00
    outer loop
      vertex   3.027401e-03  2.115329e-02  8.780353e-03
      vertex   3.145892e-03  2.115329e-02  9.297531e-03
      vertex   8.125911e-03  2.115329e-02  1.037442e-02
    endloop
  endfacet
  facet normal  0.000000e+00  1.000000e+00  0.000000e+00
    outer loop
      vertex   8.125911e-03  2.115329e-02  1.037442e-02
      vertex   3.145892e-03  2.115329e-02  9.297531e-03
      vertex   2.989919e-03  2.115329e-02  9.804667e-03
    endloop
  endfacet
  facet normal  0.000000e+00  1.000000e+00  0.000000e+00
    outer loop
      vertex   8.125911e-03  2.115329e-02  1.037442e-02
      vertex   2.989919e-03  2.115329e-02  9.804667e-03
      vertex   5.834138e-03  2.115329e-02  1.602078e-02
    endloop
  endfacet
  facet normal  0.000000e+00  1.000000e+00  0.000000e+00
    outer loop
      vertex   5.834138e-03  2.115329e-02  1.602078e-02
      vertex   2.989919e-03  2.115329e-02  9.804667e-03
      vertex   2.601275e-03  2.115329e-02  1.016587e-02
    endloop
  endfacet
  facet normal  0.000000e+00  1.000000e+00  0.000000e+00
    outer loop
      vertex   5.834138e-03  2.115329e-02  1.602078e-02
      vertex   2.601275e-03  2.115329e-02  1.016587e-02
      vertex   3.117634e-03  2.115329e-02  1.676254e-02
    endloop
  endfacet
  facet normal  0.000000e+00  1.000000e+00  0.000000e+00
    outer loop
      vertex   3.117634e-03  2.115329e-02  1.676254e-02
      vertex   2.601275e-03  2.115329e-02  1.016587e-02
      vertex   2.084096e-03  2.115329e-02  1.028436e-02
    endloop
  endfacet
  facet normal  0.000000e+00  1.000000e+00  0.000000e+00
    outer loop
      vertex   3.117634e-03  2.115329e-02  1.676254e-02
      vertex   2.084096e-03  2.115329e-02  1.028436e-02
      vertex  -2.798674e-03  2.115329e-02  1.287736e-02
    endloop
  endfacet
  facet normal  0.000000e+00  1.000000e+00  0.000000e+00
    outer loop
      vertex  -2.798674e-03  2.115329e-02  1.287736e-02
      vertex   2.084096e-03  2.115329e-02  1.028436e-02
      vertex   1.576960e-03  2.115329e-02  1.012839e-02
    endloop
  endfacet
  facet normal  0.000000e+00  1.000000e+00  0.000000e+00
    outer loop
      vertex  -2.798674e-03  2.115329e-02  1.287736e-02
      vertex   1.576960e-03  2.115329e-02  1.012839e-02
      vertex   1.215755e-03  2.115329e-02  9.739746e-03
    endloop
  endfacet
  facet normal  0.000000e+00  1.000000e+00  0.000000e+00
    outer loop
      vertex  -1.037442e-02  2.115329e-02  8.125911e-03
      vertex  -1.022109e-02  2.115329e-02  1.364668e-02
      vertex  -8.429127e-03  2.115329e-02  9.345986e-03
    endloop
  endfacet
  facet normal  0.000000e+00  1.000000e+00 -0.000000e+00
    outer loop
      vertex  -8.429127e-03  2.115329e-02  9.345986e-03
      vertex  -1.022109e-02  2.115329e-02  1.364668e-02
      vertex  -7.835517e-03  2.115329e-02  1.514289e-02
    endloop
  endfacet
  facet normal  0.000000e+00  1.000000e+00  0.000000e+00
    outer loop
      vertex  -8.429127e-03  2.115329e-02  9.345986e-03
      vertex  -7.835517e-03  2.115329e-02  1.514289e-02
      vertex  -4.743970e-03  2.115329e-02  1.165729e-02
    endloop
  endfacet
  facet normal  0.000000e+00  1.000000e+00  0.000000e+00
    outer loop
      vertex  -4.743970e-03  2.115329e-02  1.165729e-02
      vertex  -7.835517e-03  2.115329e-02  1.514289e-02
      vertex  -5.236212e-03  2.115329e-02  1.622605e-02
    endloop
  endfacet
  facet normal  0.000000e+00  1.000000e+00 -0.000000e+00
    outer loop
      vertex  -4.743970e-03  2.115329e-02  1.165729e-02
      vertex  -5.236212e-03  2.115329e-02  1.622605e-02
      vertex  -2.798674e-03  2.115329e-02  1.287736e-02
    endloop
  endfacet
  facet normal  0.000000e+00  1.000000e+00 -0.000000e+00
    outer loop
      vertex  -2.798674e-03  2.115329e-02  1.287736e-02
      vertex  -5.236212e-03  2.115329e-02  1.622605e-02
      vertex  -2.494077e-03  2.115329e-02  1.686660e-02
    endloop
  endfacet
  facet normal  0.000000e+00  1.000000e+00  0.000000e+00
    outer loop
      vertex  -2.798674e-03  2.115329e-02  1.287736e-02
      vertex  -2.494077e-03  2.115329e-02  1.686660e-02
      vertex   3.160893e-04  2.115329e-02  1.704707e-02
    endloop
  endfacet
  facet normal  0.000000e+00  1.000000e+00  0.000000e+00
    outer loop
      vertex  -1.037442e-02  2.115329e-02  8.125911e-03
      vertex  -1.644784e-02  2.115329e-02  4.491225e-03
      vertex  -1.548428e-02  2.115329e-02  7.137196e-03
    endloop
  endfacet
  facet normal  0.000000e+00  1.000000e+00  0.000000e+00
    outer loop
      vertex  -1.548428e-02  2.115329e-02  7.137196e-03
      vertex  -1.409835e-02  2.115329e-02  9.588483e-03
      vertex  -1.037442e-02  2.115329e-02  8.125911e-03
    endloop
  endfacet
  facet normal  0.000000e+00  1.000000e+00  0.000000e+00
    outer loop
      vertex  -1.037442e-02  2.115329e-02  8.125911e-03
      vertex  -1.409835e-02  2.115329e-02  9.588483e-03
      vertex  -1.232786e-02  2.115329e-02  1.177822e-02
    endloop
  endfacet
  facet normal  0.000000e+00  1.000000e+00 -0.000000e+00
    outer loop
      vertex  -1.037442e-02  2.115329e-02  8.125911e-03
      vertex  -1.232786e-02  2.115329e-02  1.177822e-02
      vertex  -1.022109e-02  2.115329e-02  1.364668e-02
    endloop
  endfacet
  facet normal  0.000000e+00  1.000000e+00  0.000000e+00
    outer loop
      vertex  -8.391708e-03  2.115329e-02  2.666195e-03
      vertex  -8.780353e-03  2.115329e-02  3.027401e-03
      vertex  -1.037442e-02  2.115329e-02  8.125911e-03
    endloop
  endfacet
  facet normal  0.000000e+00  1.000000e+00  0.000000e+00
    outer loop
      vertex  -1.012839e-02  2.115329e-02  1.576960e-03
      vertex  -9.739746e-03  2.115329e-02  1.215755e-03
      vertex  -1.573822e-02  2.115329e-02 -6.558264e-03
    endloop
  endfacet
  facet normal  0.000000e+00  1.000000e+00  0.000000e+00
    outer loop
      vertex  -9.739746e-03  2.115329e-02  1.215755e-03
      vertex  -9.222568e-03  2.115329e-02  1.097263e-03
      vertex  -1.573822e-02  2.115329e-02 -6.558264e-03
    endloop
  endfacet
  facet normal  0.000000e+00  1.000000e+00  0.000000e+00
    outer loop
      vertex  -1.573822e-02  2.115329e-02 -6.558264e-03
      vertex  -9.222568e-03  2.115329e-02  1.097263e-03
      vertex  -8.715432e-03  2.115329e-02  1.253237e-03
    endloop
  endfacet
  facet normal  0.000000e+00  1.000000e+00  0.000000e+00
    outer loop
      vertex  -1.573822e-02  2.115329e-02 -6.558264e-03
      vertex  -8.715432e-03  2.115329e-02  1.253237e-03
      vertex  -6.163602e-03  2.115329e-02  1.412148e-03
    endloop
  endfacet
  facet normal  0.000000e+00  1.000000e+00  0.000000e+00
    outer loop
      vertex  -6.163602e-03  2.115329e-02  1.412148e-03
      vertex  -8.715432e-03  2.115329e-02  1.253237e-03
      vertex  -8.354226e-03  2.115329e-02  1.641881e-03
    endloop
  endfacet
  facet normal  0.000000e+00  1.000000e+00  0.000000e+00
    outer loop
      vertex  -6.163602e-03  2.115329e-02  1.412148e-03
      vertex  -8.354226e-03  2.115329e-02  1.641881e-03
      vertex  -8.235736e-03  2.115329e-02  2.159059e-03
    endloop
  endfacet
  facet normal  0.000000e+00  1.000000e+00  0.000000e+00
    outer loop
      vertex  -8.780353e-03  2.115329e-02  3.027401e-03
      vertex  -9.297531e-03  2.115329e-02  3.145892e-03
      vertex  -1.037442e-02  2.115329e-02  8.125911e-03
    endloop
  endfacet
  facet normal  0.000000e+00  1.000000e+00  0.000000e+00
    outer loop
      vertex  -1.037442e-02  2.115329e-02  8.125911e-03
      vertex  -9.297531e-03  2.115329e-02  3.145892e-03
      vertex  -9.804667e-03  2.115329e-02  2.989919e-03
    endloop
  endfacet
  facet normal  0.000000e+00  1.000000e+00  0.000000e+00
    outer loop
      vertex  -1.037442e-02  2.115329e-02  8.125911e-03
      vertex  -9.804667e-03  2.115329e-02  2.989919e-03
      vertex  -1.644784e-02  2.115329e-02  4.491225e-03
    endloop
  endfacet
  facet normal  0.000000e+00  1.000000e+00  0.000000e+00
    outer loop
      vertex  -1.644784e-02  2.115329e-02  4.491225e-03
      vertex  -9.804667e-03  2.115329e-02  2.989919e-03
      vertex  -1.016587e-02  2.115329e-02  2.601275e-03
    endloop
  endfacet
  facet normal  0.000000e+00  1.000000e+00  0.000000e+00
    outer loop
      vertex  -1.644784e-02  2.115329e-02  4.491225e-03
      vertex  -1.016587e-02  2.115329e-02  2.601275e-03
      vertex  -1.696274e-02  2.115329e-02  1.722745e-03
    endloop
  endfacet
  facet normal  0.000000e+00  1.000000e+00  0.000000e+00
    outer loop
      vertex  -1.696274e-02  2.115329e-02  1.722745e-03
      vertex  -1.016587e-02  2.115329e-02  2.601275e-03
      vertex  -1.028436e-02  2.115329e-02  2.084096e-03
    endloop
  endfacet
  facet normal -0.000000e+00  1.000000e+00  0.000000e+00
    outer loop
      vertex  -1.696274e-02  2.115329e-02  1.722745e-03
      vertex  -1.028436e-02  2.115329e-02  2.084096e-03
      vertex  -1.701495e-02  2.115329e-02 -1.092726e-03
    endloop
  endfacet
  facet normal  0.000000e+00  1.000000e+00  0.000000e+00
    outer loop
      vertex  -1.701495e-02  2.115329e-02 -1.092726e-03
      vertex  -1.028436e-02  2.115329e-02  2.084096e-03
      vertex  -1.012839e-02  2.115329e-02  1.576960e-03
    endloop
  endfacet
  facet normal -0.000000e+00  1.000000e+00  0.000000e+00
    outer loop
      vertex  -1.701495e-02  2.115329e-02 -1.092726e-03
      vertex  -1.012839e-02  2.115329e-02  1.576960e-03
      vertex  -1.660303e-02  2.115329e-02 -3.878391e-03
    endloop
  endfacet
  facet normal -0.000000e+00  1.000000e+00  0.000000e+00
    outer loop
      vertex  -1.660303e-02  2.115329e-02 -3.878391e-03
      vertex  -1.012839e-02  2.115329e-02  1.576960e-03
      vertex  -1.573822e-02  2.115329e-02 -6.558264e-03
    endloop
  endfacet
  facet normal  0.000000e+00  1.000000e+00  0.000000e+00
    outer loop
      vertex   1.097263e-03  2.115329e-02  9.222568e-03
      vertex   1.253237e-03  2.115329e-02  8.715432e-03
      vertex  -2.798674e-03  2.115329e-02  1.287736e-02
    endloop
  endfacet
  facet normal  0.000000e+00  1.000000e+00  0.000000e+00
    outer loop
      vertex  -2.798674e-03  2.115329e-02  1.287736e-02
      vertex   1.253237e-03  2.115329e-02  8.715432e-03
      vertex   1.412148e-03  2.115329e-02  6.163602e-03
    endloop
  endfacet
  facet normal  0.000000e+00  1.000000e+00  0.000000e+00
    outer loop
      vertex  -2.798674e-03  2.115329e-02  1.287736e-02
      vertex   1.412148e-03  2.115329e-02  6.163602e-03
      vertex  -4.743970e-03  2.115329e-02  1.165729e-02
    endloop
  endfacet
  facet normal  0.000000e+00  1.000000e+00  0.000000e+00
    outer loop
      vertex  -4.743970e-03  2.115329e-02  1.165729e-02
      vertex   1.412148e-03  2.115329e-02  6.163602e-03
      vertex  -5.331486e-04  2.115329e-02  4.943526e-03
    endloop
  endfacet
  facet normal  0.000000e+00  1.000000e+00  0.000000e+00
    outer loop
      vertex  -4.743970e-03  2.115329e-02  1.165729e-02
      vertex  -5.331486e-04  2.115329e-02  4.943526e-03
      vertex  -8.429127e-03  2.115329e-02  9.345986e-03
    endloop
  endfacet
  facet normal  0.000000e+00  1.000000e+00  0.000000e+00
    outer loop
      vertex  -8.429127e-03  2.115329e-02  9.345986e-03
      vertex  -5.331486e-04  2.115329e-02  4.943526e-03
      vertex  -4.218305e-03  2.115329e-02  2.632224e-03
    endloop
  endfacet
  facet normal  0.000000e+00  1.000000e+00  0.000000e+00
    outer loop
      vertex  -8.429127e-03  2.115329e-02  9.345986e-03
      vertex  -4.218305e-03  2.115329e-02  2.632224e-03
      vertex  -1.037442e-02  2.115329e-02  8.125911e-03
    endloop
  endfacet
  facet normal  0.000000e+00  1.000000e+00  0.000000e+00
    outer loop
      vertex  -1.037442e-02  2.115329e-02  8.125911e-03
      vertex  -4.218305e-03  2.115329e-02  2.632224e-03
      vertex  -6.163602e-03  2.115329e-02  1.412148e-03
    endloop
  endfacet
  facet normal  0.000000e+00  1.000000e+00  0.000000e+00
    outer loop
      vertex  -1.037442e-02  2.115329e-02  8.125911e-03
      vertex  -6.163602e-03  2.115329e-02  1.412148e-03
      vertex  -8.391708e-03  2.115329e-02  2.666195e-03
    endloop
  endfacet
  facet normal  0.000000e+00  1.000000e+00  0.000000e+00
    outer loop
      vertex  -8.391708e-03  2.115329e-02  2.666195e-03
      vertex  -6.163602e-03  2.115329e-02  1.412148e-03
      vertex  -8.235736e-03  2.115329e-02  2.159059e-03
    endloop
  endfacet
  facet normal  0.000000e+00  1.000000e+00  0.000000e+00
    outer loop
      vertex   1.287736e-02  2.115329e-02  2.798674e-03
      vertex   9.739746e-03  2.115329e-02 -1.215755e-03
      vertex   9.222568e-03  2.115329e-02 -1.097263e-03
    endloop
  endfacet
  facet normal  0.000000e+00  1.000000e+00  0.000000e+00
    outer loop
      vertex   8.715432e-03  2.115329e-02 -1.253237e-03
      vertex   8.354226e-03  2.115329e-02 -1.641881e-03
      vertex   6.163602e-03  2.115329e-02 -1.412148e-03
    endloop
  endfacet
  facet normal  0.000000e+00  1.000000e+00  0.000000e+00
    outer loop
      vertex   6.163602e-03  2.115329e-02 -1.412148e-03
      vertex   8.354226e-03  2.115329e-02 -1.641881e-03
      vertex   8.235736e-03  2.115329e-02 -2.159059e-03
    endloop
  endfacet
  facet normal  0.000000e+00  1.000000e+00 -0.000000e+00
    outer loop
      vertex   9.222568e-03  2.115329e-02 -1.097263e-03
      vertex   8.715432e-03  2.115329e-02 -1.253237e-03
      vertex   1.287736e-02  2.115329e-02  2.798674e-03
    endloop
  endfacet
  facet normal  0.000000e+00  1.000000e+00  0.000000e+00
    outer loop
      vertex   1.287736e-02  2.115329e-02  2.798674e-03
      vertex   8.715432e-03  2.115329e-02 -1.253237e-03
      vertex   6.163602e-03  2.115329e-02 -1.412148e-03
    endloop
  endfacet
  facet normal  0.000000e+00  1.000000e+00  0.000000e+00
    outer loop
      vertex   1.287736e-02  2.115329e-02  2.798674e-03
      vertex   6.163602e-03  2.115329e-02 -1.412148e-03
      vertex   1.412148e-03  2.115329e-02  6.163602e-03
    endloop
  endfacet
  facet normal  0.000000e+00  1.000000e+00  0.000000e+00
    outer loop
      vertex   1.412148e-03  2.115329e-02  6.163602e-03
      vertex   6.163602e-03  2.115329e-02 -1.412148e-03
      vertex   3.023703e-03  2.115329e-02  1.191519e-03
    endloop
  endfacet
  facet normal  0.000000e+00  1.000000e+00  0.000000e+00
    outer loop
      vertex   1.412148e-03  2.115329e-02  6.163602e-03
      vertex   3.023703e-03  2.115329e-02  1.191519e-03
      vertex   2.389093e-03  2.115329e-02  2.203346e-03
    endloop
  endfacet
  facet normal  0.000000e+00  1.000000e+00  0.000000e+00
    outer loop
      vertex   8.391708e-03  2.115329e-02 -2.666195e-03
      vertex   8.780353e-03  2.115329e-02 -3.027401e-03
      vertex   9.107539e-03  2.115329e-02 -6.105982e-03
    endloop
  endfacet
  facet normal  0.000000e+00  1.000000e+00 -0.000000e+00
    outer loop
      vertex   9.107539e-03  2.115329e-02 -6.105982e-03
      vertex   8.780353e-03  2.115329e-02 -3.027401e-03
      vertex   9.297531e-03  2.115329e-02 -3.145892e-03
    endloop
  endfacet
  facet normal  0.000000e+00  1.000000e+00  0.000000e+00
    outer loop
      vertex   8.235736e-03  2.115329e-02 -2.159059e-03
      vertex   8.391708e-03  2.115329e-02 -2.666195e-03
      vertex   6.163602e-03  2.115329e-02 -1.412148e-03
    endloop
  endfacet
  facet normal  0.000000e+00  1.000000e+00  0.000000e+00
    outer loop
      vertex   6.163602e-03  2.115329e-02 -1.412148e-03
      vertex   8.391708e-03  2.115329e-02 -2.666195e-03
      vertex   9.107539e-03  2.115329e-02 -6.105982e-03
    endloop
  endfacet
  facet normal  0.000000e+00  1.000000e+00  0.000000e+00
    outer loop
      vertex   6.163602e-03  2.115329e-02 -1.412148e-03
      vertex   9.107539e-03  2.115329e-02 -6.105982e-03
      vertex   4.218305e-03  2.115329e-02 -2.632224e-03
    endloop
  endfacet
  facet normal  0.000000e+00  1.000000e+00  0.000000e+00
    outer loop
      vertex   4.218305e-03  2.115329e-02 -2.632224e-03
      vertex   9.107539e-03  2.115329e-02 -6.105982e-03
      vertex   7.162243e-03  2.115329e-02 -7.326058e-03
    endloop
  endfacet
  facet normal  0.000000e+00  1.000000e+00  0.000000e+00
    outer loop
      vertex   4.218305e-03  2.115329e-02 -2.632224e-03
      vertex   7.162243e-03  2.115329e-02 -7.326058e-03
      vertex   5.331486e-04  2.115329e-02 -4.943526e-03
    endloop
  endfacet
  facet normal  0.000000e+00  1.000000e+00  0.000000e+00
    outer loop
      vertex   5.331486e-04  2.115329e-02 -4.943526e-03
      vertex   7.162243e-03  2.115329e-02 -7.326058e-03
      vertex   3.477086e-03  2.115329e-02 -9.637360e-03
    endloop
  endfacet
  facet normal  0.000000e+00  1.000000e+00  0.000000e+00
    outer loop
      vertex   5.331486e-04  2.115329e-02 -4.943526e-03
      vertex   3.477086e-03  2.115329e-02 -9.637360e-03
      vertex  -1.412148e-03  2.115329e-02 -6.163602e-03
    endloop
  endfacet
  facet normal  0.000000e+00  1.000000e+00  0.000000e+00
    outer loop
      vertex  -1.412148e-03  2.115329e-02 -6.163602e-03
      vertex   3.477086e-03  2.115329e-02 -9.637360e-03
      vertex   1.531790e-03  2.115329e-02 -1.085744e-02
    endloop
  endfacet
  facet normal  0.000000e+00  1.000000e+00  0.000000e+00
    outer loop
      vertex  -1.412148e-03  2.115329e-02 -6.163602e-03
      vertex   1.531790e-03  2.115329e-02 -1.085744e-02
      vertex  -1.253237e-03  2.115329e-02 -8.715432e-03
    endloop
  endfacet
  facet normal  0.000000e+00  1.000000e+00  0.000000e+00
    outer loop
      vertex  -1.253237e-03  2.115329e-02 -8.715432e-03
      vertex   1.531790e-03  2.115329e-02 -1.085744e-02
      vertex  -1.097263e-03  2.115329e-02 -9.222568e-03
    endloop
  endfacet
  facet normal -0.000000e+00  1.000000e+00  0.000000e+00
    outer loop
      vertex   9.297531e-03  2.115329e-02 -3.145892e-03
      vertex   9.804667e-03  2.115329e-02 -2.989919e-03
      vertex   9.107539e-03  2.115329e-02 -6.105982e-03
    endloop
  endfacet
  facet normal  0.000000e+00  1.000000e+00  0.000000e+00
    outer loop
      vertex   9.107539e-03  2.115329e-02 -6.105982e-03
      vertex   9.804667e-03  2.115329e-02 -2.989919e-03
      vertex   1.582130e-02  2.115329e-02 -1.895160e-03
    endloop
  endfacet
  facet normal  0.000000e+00  1.000000e+00  0.000000e+00
    outer loop
      vertex   9.107539e-03  2.115329e-02 -6.105982e-03
      vertex   1.582130e-02  2.115329e-02 -1.895160e-03
      vertex   1.644784e-02  2.115329e-02 -4.491225e-03
    endloop
  endfacet
  facet normal  0.000000e+00  1.000000e+00 -0.000000e+00
    outer loop
      vertex   1.644784e-02  2.115329e-02 -4.491225e-03
      vertex   1.582130e-02  2.115329e-02 -1.895160e-03
      vertex   1.696274e-02  2.115329e-02 -1.722745e-03
    endloop
  endfacet
  facet normal  0.000000e+00  1.000000e+00  0.000000e+00
    outer loop
      vertex   9.804667e-03  2.115329e-02 -2.989919e-03
      vertex   1.016587e-02  2.115329e-02 -2.601275e-03
      vertex   1.582130e-02  2.115329e-02 -1.895160e-03
    endloop
  endfacet
  facet normal  0.000000e+00  1.000000e+00  0.000000e+00
    outer loop
      vertex   1.582130e-02  2.115329e-02 -1.895160e-03
      vertex   1.016587e-02  2.115329e-02 -2.601275e-03
      vertex   1.028436e-02  2.115329e-02 -2.084096e-03
    endloop
  endfacet
  facet normal  0.000000e+00  1.000000e+00  0.000000e+00
    outer loop
      vertex   1.582130e-02  2.115329e-02 -1.895160e-03
      vertex   1.028436e-02  2.115329e-02 -2.084096e-03
      vertex   1.287736e-02  2.115329e-02  2.798674e-03
    endloop
  endfacet
  facet normal  0.000000e+00  1.000000e+00  0.000000e+00
    outer loop
      vertex   1.287736e-02  2.115329e-02  2.798674e-03
      vertex   1.028436e-02  2.115329e-02 -2.084096e-03
      vertex   1.012839e-02  2.115329e-02 -1.576960e-03
    endloop
  endfacet
  facet normal  0.000000e+00  1.000000e+00  0.000000e+00
    outer loop
      vertex   1.287736e-02  2.115329e-02  2.798674e-03
      vertex   1.012839e-02  2.115329e-02 -1.576960e-03
      vertex   9.739746e-03  2.115329e-02 -1.215755e-03
    endloop
  endfacet
  facet normal -8.003919e-01  0.000000e+00 -5.994771e-01
    outer loop
      vertex  -1.461355e-02  1.035329e-02 -9.165511e-03
      vertex  -1.290565e-02  2.095329e-02 -1.144582e-02
      vertex  -1.290565e-02  1.035329e-02 -1.144582e-02
    endloop
  endfacet
  facet normal -6.908045e-01  0.000000e+00 -7.230417e-01
    outer loop
      vertex  -1.290565e-02  1.035329e-02 -1.144582e-02
      vertex  -1.290565e-02  2.095329e-02 -1.144582e-02
      vertex  -1.084571e-02  2.095329e-02 -1.341391e-02
    endloop
  endfacet
  facet normal -6.908045e-01  0.000000e+00 -7.230417e-01
    outer loop
      vertex  -1.290565e-02  1.035329e-02 -1.144582e-02
      vertex  -1.084571e-02  2.095329e-02 -1.341391e-02
      vertex  -1.084571e-02  1.035329e-02 -1.341391e-02
    endloop
  endfacet
  facet normal -5.623747e-01  0.000000e+00 -8.268826e-01
    outer loop
      vertex  -1.084571e-02  1.035329e-02 -1.341391e-02
      vertex  -1.084571e-02  2.095329e-02 -1.341391e-02
      vertex  -8.489935e-03  2.095329e-02 -1.501611e-02
    endloop
  endfacet
  facet normal -5.623747e-01  0.000000e+00 -8.268826e-01
    outer loop
      vertex  -1.084571e-02  1.035329e-02 -1.341391e-02
      vertex  -8.489935e-03  2.095329e-02 -1.501611e-02
      vertex  -8.489935e-03  1.035329e-02 -1.501611e-02
    endloop
  endfacet
  facet normal -4.186035e-01  0.000000e+00 -9.081692e-01
    outer loop
      vertex  -8.489935e-03  1.035329e-02 -1.501611e-02
      vertex  -8.489935e-03  2.095329e-02 -1.501611e-02
      vertex  -5.902573e-03  2.095329e-02 -1.620870e-02
    endloop
  endfacet
  facet normal -4.186035e-01  0.000000e+00 -9.081692e-01
    outer loop
      vertex  -8.489935e-03  1.035329e-02 -1.501611e-02
      vertex  -5.902573e-03  2.095329e-02 -1.620870e-02
      vertex  -5.902573e-03  1.035329e-02 -1.620870e-02
    endloop
  endfacet
  facet normal -2.634154e-01  0.000000e+00 -9.646825e-01
    outer loop
      vertex  -5.902573e-03  1.035329e-02 -1.620870e-02
      vertex  -5.902573e-03  2.095329e-02 -1.620870e-02
      vertex  -3.154204e-03  2.095329e-02 -1.695917e-02
    endloop
  endfacet
  facet normal -2.634154e-01  0.000000e+00 -9.646825e-01
    outer loop
      vertex  -5.902573e-03  1.035329e-02 -1.620870e-02
      vertex  -3.154204e-03  2.095329e-02 -1.695917e-02
      vertex  -3.154204e-03  1.035329e-02 -1.695917e-02
    endloop
  endfacet
  facet normal -1.010403e-01  0.000000e+00 -9.948823e-01
    outer loop
      vertex  -3.154204e-03  1.035329e-02 -1.695917e-02
      vertex  -3.154204e-03  2.095329e-02 -1.695917e-02
      vertex  -3.197969e-04  2.095329e-02 -1.724703e-02
    endloop
  endfacet
  facet normal -1.010403e-01  0.000000e+00 -9.948823e-01
    outer loop
      vertex  -3.154204e-03  1.035329e-02 -1.695917e-02
      vertex  -3.197969e-04  2.095329e-02 -1.724703e-02
      vertex  -3.197969e-04  1.035329e-02 -1.724703e-02
    endloop
  endfacet
  facet normal  6.408928e-02  0.000000e+00 -9.979442e-01
    outer loop
      vertex  -3.197969e-04  1.035329e-02 -1.724703e-02
      vertex  -3.197969e-04  2.095329e-02 -1.724703e-02
      vertex   2.523333e-03  2.095329e-02 -1.706444e-02
    endloop
  endfacet
  facet normal  6.408928e-02  0.000000e+00 -9.979442e-01
    outer loop
      vertex  -3.197969e-04  1.035329e-02 -1.724703e-02
      vertex   2.523333e-03  2.095329e-02 -1.706444e-02
      vertex   2.523333e-03  1.035329e-02 -1.706444e-02
    endloop
  endfacet
  facet normal  2.274719e-01  0.000000e+00 -9.737846e-01
    outer loop
      vertex   2.523333e-03  1.035329e-02 -1.706444e-02
      vertex   2.523333e-03  2.095329e-02 -1.706444e-02
      vertex   5.297633e-03  2.095329e-02 -1.641638e-02
    endloop
  endfacet
  facet normal  2.274719e-01  0.000000e+00 -9.737846e-01
    outer loop
      vertex   2.523333e-03  1.035329e-02 -1.706444e-02
      vertex   5.297633e-03  2.095329e-02 -1.641638e-02
      vertex   5.297633e-03  1.035329e-02 -1.641638e-02
    endloop
  endfacet
  facet normal  3.846488e-01  0.000000e+00 -9.230630e-01
    outer loop
      vertex   5.297633e-03  1.035329e-02 -1.641638e-02
      vertex   5.297633e-03  2.095329e-02 -1.641638e-02
      vertex   7.927428e-03  2.095329e-02 -1.532052e-02
    endloop
  endfacet
  facet normal  3.846488e-01  0.000000e+00 -9.230630e-01
    outer loop
      vertex   5.297633e-03  1.035329e-02 -1.641638e-02
      vertex   7.927428e-03  2.095329e-02 -1.532052e-02
      vertex   7.927428e-03  1.035329e-02 -1.532052e-02
    endloop
  endfacet
  facet normal  5.313337e-01  0.000000e+00 -8.471627e-01
    outer loop
      vertex   7.927428e-03  1.035329e-02 -1.532052e-02
      vertex   7.927428e-03  2.095329e-02 -1.532052e-02
      vertex   1.034098e-02  2.095329e-02 -1.380676e-02
    endloop
  endfacet
  facet normal  5.313337e-01  0.000000e+00 -8.471627e-01
    outer loop
      vertex   7.927428e-03  1.035329e-02 -1.532052e-02
      vertex   1.034098e-02  2.095329e-02 -1.380676e-02
      vertex   1.034098e-02  1.035329e-02 -1.380676e-02
    endloop
  endfacet
  facet normal  6.635257e-01  0.000000e+00 -7.481535e-01
    outer loop
      vertex   1.034098e-02  1.035329e-02 -1.380676e-02
      vertex   1.034098e-02  2.095329e-02 -1.380676e-02
      vertex   1.247246e-02  2.095329e-02 -1.191638e-02
    endloop
  endfacet
  facet normal  6.635257e-01  0.000000e+00 -7.481535e-01
    outer loop
      vertex   1.034098e-02  1.035329e-02 -1.380676e-02
      vertex   1.247246e-02  2.095329e-02 -1.191638e-02
      vertex   1.247246e-02  1.035329e-02 -1.191638e-02
    endloop
  endfacet
  facet normal  7.776179e-01  0.000000e+00 -6.287371e-01
    outer loop
      vertex   1.247246e-02  1.035329e-02 -1.191638e-02
      vertex   1.247246e-02  2.095329e-02 -1.191638e-02
      vertex   1.426373e-02  2.095329e-02 -9.700958e-03
    endloop
  endfacet
  facet normal  7.776179e-01  0.000000e+00 -6.287371e-01
    outer loop
      vertex   1.247246e-02  1.035329e-02 -1.191638e-02
      vertex   1.426373e-02  2.095329e-02 -9.700958e-03
      vertex   1.426373e-02  1.035329e-02 -9.700958e-03
    endloop
  endfacet
  facet normal  8.704993e-01  0.000000e+00 -4.921697e-01
    outer loop
      vertex   1.426373e-02  1.035329e-02 -9.700958e-03
      vertex   1.426373e-02  2.095329e-02 -9.700958e-03
      vertex   1.566591e-02  2.095329e-02 -7.220916e-03
    endloop
  endfacet
  facet normal  8.704993e-01  0.000000e+00 -4.921697e-01
    outer loop
      vertex   1.426373e-02  1.035329e-02 -9.700958e-03
      vertex   1.566591e-02  2.095329e-02 -7.220916e-03
      vertex   1.566591e-02  1.035329e-02 -7.220916e-03
    endloop
  endfacet
  facet normal  9.396350e-01  0.000000e+00 -3.421783e-01
    outer loop
      vertex   1.566591e-02  1.035329e-02 -7.220916e-03
      vertex   1.566591e-02  2.095329e-02 -7.220916e-03
      vertex   1.664077e-02  2.095329e-02 -4.543907e-03
    endloop
  endfacet
  facet normal  9.396350e-01  0.000000e+00 -3.421783e-01
    outer loop
      vertex   1.566591e-02  1.035329e-02 -7.220916e-03
      vertex   1.664077e-02  2.095329e-02 -4.543907e-03
      vertex   1.664077e-02  1.035329e-02 -4.543907e-03
    endloop
  endfacet
  facet normal  9.831404e-01  0.000000e+00 -1.828526e-01
    outer loop
      vertex   1.664077e-02  1.035329e-02 -4.543907e-03
      vertex   1.664077e-02  2.095329e-02 -4.543907e-03
      vertex   1.716172e-02  2.095329e-02 -1.742953e-03
    endloop
  endfacet
  facet normal  9.831404e-01  0.000000e+00 -1.828526e-01
    outer loop
      vertex   1.664077e-02  1.035329e-02 -4.543907e-03
      vertex   1.716172e-02  2.095329e-02 -1.742953e-03
      vertex   1.716172e-02  1.035329e-02 -1.742953e-03
    endloop
  endfacet
  facet normal  9.998282e-01  0.000000e+00 -1.853893e-02
    outer loop
      vertex   1.716172e-02  1.035329e-02 -1.742953e-03
      vertex   1.716172e-02  2.095329e-02 -1.742953e-03
      vertex   1.721454e-02  2.095329e-02  1.105544e-03
    endloop
  endfacet
  facet normal  9.998282e-01  0.000000e+00 -1.853893e-02
    outer loop
      vertex   1.716172e-02  1.035329e-02 -1.742953e-03
      vertex   1.721454e-02  2.095329e-02  1.105544e-03
      vertex   1.721454e-02  1.035329e-02  1.105544e-03
    endloop
  endfacet
  facet normal  9.892431e-01 -0.000000e+00  1.462807e-01
    outer loop
      vertex   1.721454e-02  1.035329e-02  1.105544e-03
      vertex   1.721454e-02  2.095329e-02  1.105544e-03
      vertex   1.679778e-02  2.095329e-02  3.923886e-03
    endloop
  endfacet
  facet normal  9.892431e-01  0.000000e+00  1.462807e-01
    outer loop
      vertex   1.721454e-02  1.035329e-02  1.105544e-03
      vertex   1.679778e-02  2.095329e-02  3.923886e-03
      vertex   1.679778e-02  1.035329e-02  3.923886e-03
    endloop
  endfacet
  facet normal  9.516745e-01 -0.000000e+00  3.071084e-01
    outer loop
      vertex   1.679778e-02  1.035329e-02  3.923886e-03
      vertex   1.679778e-02  2.095329e-02  3.923886e-03
      vertex   1.592284e-02  2.095329e-02  6.635194e-03
    endloop
  endfacet
  facet normal  9.516745e-01  0.000000e+00  3.071084e-01
    outer loop
      vertex   1.679778e-02  1.035329e-02  3.923886e-03
      vertex   1.592284e-02  2.095329e-02  6.635194e-03
      vertex   1.592284e-02  1.035329e-02  6.635194e-03
    endloop
  endfacet
  facet normal  8.881459e-01 -0.000000e+00  4.595615e-01
    outer loop
      vertex   1.592284e-02  1.035329e-02  6.635194e-03
      vertex   1.592284e-02  2.095329e-02  6.635194e-03
      vertex   1.461355e-02  2.095329e-02  9.165511e-03
    endloop
  endfacet
  facet normal  8.881459e-01  0.000000e+00  4.595615e-01
    outer loop
      vertex   1.592284e-02  1.035329e-02  6.635194e-03
      vertex   1.461355e-02  2.095329e-02  9.165511e-03
      vertex   1.461355e-02  1.035329e-02  9.165511e-03
    endloop
  endfacet
  facet normal  8.003919e-01 -0.000000e+00  5.994771e-01
    outer loop
      vertex   1.461355e-02  1.035329e-02  9.165511e-03
      vertex   1.461355e-02  2.095329e-02  9.165511e-03
      vertex   1.290565e-02  2.095329e-02  1.144582e-02
    endloop
  endfacet
  facet normal  8.003919e-01  0.000000e+00  5.994771e-01
    outer loop
      vertex   1.461355e-02  1.035329e-02  9.165511e-03
      vertex   1.290565e-02  2.095329e-02  1.144582e-02
      vertex   1.290565e-02  1.035329e-02  1.144582e-02
    endloop
  endfacet
  facet normal  6.908045e-01 -0.000000e+00  7.230417e-01
    outer loop
      vertex   1.290565e-02  1.035329e-02  1.144582e-02
      vertex   1.290565e-02  2.095329e-02  1.144582e-02
      vertex   1.084571e-02  2.095329e-02  1.341391e-02
    endloop
  endfacet
  facet normal  6.908045e-01  0.000000e+00  7.230417e-01
    outer loop
      vertex   1.290565e-02  1.035329e-02  1.144582e-02
      vertex   1.084571e-02  2.095329e-02  1.341391e-02
      vertex   1.084571e-02  1.035329e-02  1.341391e-02
    endloop
  endfacet
  facet normal  5.623747e-01 -0.000000e+00  8.268826e-01
    outer loop
      vertex   1.084571e-02  1.035329e-02  1.341391e-02
      vertex   1.084571e-02  2.095329e-02  1.341391e-02
      vertex   8.489935e-03  2.095329e-02  1.501611e-02
    endloop
  endfacet
  facet normal  5.623747e-01  0.000000e+00  8.268826e-01
    outer loop
      vertex   1.084571e-02  1.035329e-02  1.341391e-02
      vertex   8.489935e-03  2.095329e-02  1.501611e-02
      vertex   8.489935e-03  1.035329e-02  1.501611e-02
    endloop
  endfacet
  facet normal  4.186035e-01 -0.000000e+00  9.081692e-01
    outer loop
      vertex   8.489935e-03  1.035329e-02  1.501611e-02
      vertex   8.489935e-03  2.095329e-02  1.501611e-02
      vertex   5.902573e-03  2.095329e-02  1.620870e-02
    endloop
  endfacet
  facet normal  4.186035e-01  0.000000e+00  9.081692e-01
    outer loop
      vertex   8.489935e-03  1.035329e-02  1.501611e-02
      vertex   5.902573e-03  2.095329e-02  1.620870e-02
      vertex   5.902573e-03  1.035329e-02  1.620870e-02
    endloop
  endfacet
  facet normal  2.634154e-01 -0.000000e+00  9.646825e-01
    outer loop
      vertex   5.902573e-03  1.035329e-02  1.620870e-02
      vertex   5.902573e-03  2.095329e-02  1.620870e-02
      vertex   3.154204e-03  2.095329e-02  1.695917e-02
    endloop
  endfacet
  facet normal  2.634154e-01  0.000000e+00  9.646825e-01
    outer loop
      vertex   5.902573e-03  1.035329e-02  1.620870e-02
      vertex   3.154204e-03  2.095329e-02  1.695917e-02
      vertex   3.154204e-03  1.035329e-02  1.695917e-02
    endloop
  endfacet
  facet normal  1.010403e-01 -0.000000e+00  9.948823e-01
    outer loop
      vertex   3.154204e-03  1.035329e-02  1.695917e-02
      vertex   3.154204e-03  2.095329e-02  1.695917e-02
      vertex   3.197969e-04  2.095329e-02  1.724703e-02
    endloop
  endfacet
  facet normal  1.010403e-01  0.000000e+00  9.948823e-01
    outer loop
      vertex   3.154204e-03  1.035329e-02  1.695917e-02
      vertex   3.197969e-04  2.095329e-02  1.724703e-02
      vertex   3.197969e-04  1.035329e-02  1.724703e-02
    endloop
  endfacet
  facet normal -6.408928e-02  0.000000e+00  9.979442e-01
    outer loop
      vertex   3.197969e-04  1.035329e-02  1.724703e-02
      vertex   3.197969e-04  2.095329e-02  1.724703e-02
      vertex  -2.523333e-03  2.095329e-02  1.706444e-02
    endloop
  endfacet
  facet normal -6.408928e-02  0.000000e+00  9.979442e-01
    outer loop
      vertex   3.197969e-04  1.035329e-02  1.724703e-02
      vertex  -2.523333e-03  2.095329e-02  1.706444e-02
      vertex  -2.523333e-03  1.035329e-02  1.706444e-02
    endloop
  endfacet
  facet normal -2.274719e-01  0.000000e+00  9.737846e-01
    outer loop
      vertex  -2.523333e-03  1.035329e-02  1.706444e-02
      vertex  -2.523333e-03  2.095329e-02  1.706444e-02
      vertex  -5.297633e-03  2.095329e-02  1.641638e-02
    endloop
  endfacet
  facet normal -2.274719e-01  0.000000e+00  9.737846e-01
    outer loop
      vertex  -2.523333e-03  1.035329e-02  1.706444e-02
      vertex  -5.297633e-03  2.095329e-02  1.641638e-02
      vertex  -5.297633e-03  1.035329e-02  1.641638e-02
    endloop
  endfacet
  facet normal -3.846488e-01  0.000000e+00  9.230630e-01
    outer loop
      vertex  -5.297633e-03  1.035329e-02  1.641638e-02
      vertex  -5.297633e-03  2.095329e-02  1.641638e-02
      vertex  -7.927428e-03  2.095329e-02  1.532052e-02
    endloop
  endfacet
  facet normal -3.846488e-01  0.000000e+00  9.230630e-01
    outer loop
      vertex  -5.297633e-03  1.035329e-02  1.641638e-02
      vertex  -7.927428e-03  2.095329e-02  1.532052e-02
      vertex  -7.927428e-03  1.035329e-02  1.532052e-02
    endloop
  endfacet
  facet normal -5.313337e-01  0.000000e+00  8.471627e-01
    outer loop
      vertex  -7.927428e-03  1.035329e-02  1.532052e-02
      vertex  -7.927428e-03  2.095329e-02  1.532052e-02
      vertex  -1.034098e-02  2.095329e-02  1.380676e-02
    endloop
  endfacet
  facet normal -5.313337e-01  0.000000e+00  8.471627e-01
    outer loop
      vertex  -7.927428e-03  1.035329e-02  1.532052e-02
      vertex  -1.034098e-02  2.095329e-02  1.380676e-02
      vertex  -1.034098e-02  1.035329e-02  1.380676e-02
    endloop
  endfacet
  facet normal -6.635257e-01  0.000000e+00  7.481535e-01
    outer loop
      vertex  -1.034098e-02  1.035329e-02  1.380676e-02
      vertex  -1.034098e-02  2.095329e-02  1.380676e-02
      vertex  -1.247246e-02  2.095329e-02  1.191638e-02
    endloop
  endfacet
  facet normal -6.635257e-01  0.000000e+00  7.481535e-01
    outer loop
      vertex  -1.034098e-02  1.035329e-02  1.380676e-02
      vertex  -1.247246e-02  2.095329e-02  1.191638e-02
      vertex  -1.247246e-02  1.035329e-02  1.191638e-02
    endloop
  endfacet
  facet normal -7.776179e-01  0.000000e+00  6.287371e-01
    outer loop
      vertex  -1.247246e-02  1.035329e-02  1.191638e-02
      vertex  -1.247246e-02  2.095329e-02  1.191638e-02
      vertex  -1.426373e-02  2.095329e-02  9.700958e-03
    endloop
  endfacet
  facet normal -7.776179e-01  0.000000e+00  6.287371e-01
    outer loop
      vertex  -1.247246e-02  1.035329e-02  1.191638e-02
      vertex  -1.426373e-02  2.095329e-02  9.700958e-03
      vertex  -1.426373e-02  1.035329e-02  9.700958e-03
    endloop
  endfacet
  facet normal -8.704993e-01  0.000000e+00  4.921697e-01
    outer loop
      vertex  -1.426373e-02  1.035329e-02  9.700958e-03
      vertex  -1.426373e-02  2.095329e-02  9.700958e-03
      vertex  -1.566591e-02  2.095329e-02  7.220916e-03
    endloop
  endfacet
  facet normal -8.704993e-01  0.000000e+00  4.921697e-01
    outer loop
      vertex  -1.426373e-02  1.035329e-02  9.700958e-03
      vertex  -1.566591e-02  2.095329e-02  7.220916e-03
      vertex  -1.566591e-02  1.035329e-02  7.220916e-03
    endloop
  endfacet
  facet normal -9.396350e-01  0.000000e+00  3.421783e-01
    outer loop
      vertex  -1.566591e-02  1.035329e-02  7.220916e-03
      vertex  -1.566591e-02  2.095329e-02  7.220916e-03
      vertex  -1.664077e-02  2.095329e-02  4.543907e-03
    endloop
  endfacet
  facet normal -9.396350e-01  0.000000e+00  3.421783e-01
    outer loop
      vertex  -1.566591e-02  1.035329e-02  7.220916e-03
      vertex  -1.664077e-02  2.095329e-02  4.543907e-03
      vertex  -1.664077e-02  1.035329e-02  4.543907e-03
    endloop
  endfacet
  facet normal -9.831404e-01  0.000000e+00  1.828526e-01
    outer loop
      vertex  -1.664077e-02  1.035329e-02  4.543907e-03
      vertex  -1.664077e-02  2.095329e-02  4.543907e-03
      vertex  -1.716172e-02  2.095329e-02  1.742953e-03
    endloop
  endfacet
  facet normal -9.831404e-01  0.000000e+00  1.828526e-01
    outer loop
      vertex  -1.664077e-02  1.035329e-02  4.543907e-03
      vertex  -1.716172e-02  2.095329e-02  1.742953e-03
      vertex  -1.716172e-02  1.035329e-02  1.742953e-03
    endloop
  endfacet
  facet normal -9.998282e-01  0.000000e+00  1.853893e-02
    outer loop
      vertex  -1.716172e-02  1.035329e-02  1.742953e-03
      vertex  -1.716172e-02  2.095329e-02  1.742953e-03
      vertex  -1.721454e-02  2.095329e-02 -1.105544e-03
    endloop
  endfacet
  facet normal -9.998282e-01  0.000000e+00  1.853893e-02
    outer loop
      vertex  -1.716172e-02  1.035329e-02  1.742953e-03
      vertex  -1.721454e-02  2.095329e-02 -1.105544e-03
      vertex  -1.721454e-02  1.035329e-02 -1.105544e-03
    endloop
  endfacet
  facet normal -9.892431e-01  0.000000e+00 -1.462807e-01
    outer loop
      vertex  -1.721454e-02  1.035329e-02 -1.105544e-03
      vertex  -1.721454e-02  2.095329e-02 -1.105544e-03
      vertex  -1.679778e-02  2.095329e-02 -3.923886e-03
    endloop
  endfacet
  facet normal -9.892431e-01  0.000000e+00 -1.462807e-01
    outer loop
      vertex  -1.721454e-02  1.035329e-02 -1.105544e-03
      vertex  -1.679778e-02  2.095329e-02 -3.923886e-03
      vertex  -1.679778e-02  1.035329e-02 -3.923886e-03
    endloop
  endfacet
  facet normal -9.516745e-01  0.000000e+00 -3.071084e-01
    outer loop
      vertex  -1.679778e-02  1.035329e-02 -3.923886e-03
      vertex  -1.679778e-02  2.095329e-02 -3.923886e-03
      vertex  -1.592284e-02  2.095329e-02 -6.635194e-03
    endloop
  endfacet
  facet normal -9.516745e-01  0.000000e+00 -3.071084e-01
    outer loop
      vertex  -1.679778e-02  1.035329e-02 -3.923886e-03
      vertex  -1.592284e-02  2.095329e-02 -6.635194e-03
      vertex  -1.592284e-02  1.035329e-02 -6.635194e-03
    endloop
  endfacet
  facet normal -8.881459e-01  0.000000e+00 -4.595615e-01
    outer loop
      vertex  -1.592284e-02  1.035329e-02 -6.635194e-03
      vertex  -1.592284e-02  2.095329e-02 -6.635194e-03
      vertex  -1.461355e-02  2.095329e-02 -9.165511e-03
    endloop
  endfacet
  facet normal -8.881459e-01  0.000000e+00 -4.595615e-01
    outer loop
      vertex  -1.592284e-02  1.035329e-02 -6.635194e-03
      vertex  -1.461355e-02  2.095329e-02 -9.165511e-03
      vertex  -1.461355e-02  1.035329e-02 -9.165511e-03
    endloop
  endfacet
  facet normal -8.003919e-01  0.000000e+00 -5.994771e-01
    outer loop
      vertex  -1.461355e-02  1.035329e-02 -9.165511e-03
      vertex  -1.461355e-02  2.095329e-02 -9.165511e-03
      vertex  -1.290565e-02  2.095329e-02 -1.144582e-02
    endloop
  endfacet
  facet normal -5.669284e-01  7.058980e-01 -4.246177e-01
    outer loop
      vertex  -1.461355e-02  2.095329e-02 -9.165511e-03
      vertex  -1.275602e-02  2.115329e-02 -1.131311e-02
      vertex  -1.290565e-02  2.095329e-02 -1.144582e-02
    endloop
  endfacet
  facet normal -4.893062e-01  7.058981e-01 -5.121399e-01
    outer loop
      vertex  -1.290565e-02  2.095329e-02 -1.144582e-02
      vertex  -1.275602e-02  2.115329e-02 -1.131311e-02
      vertex  -1.071997e-02  2.115329e-02 -1.325839e-02
    endloop
  endfacet
  facet normal -4.893073e-01  7.058964e-01 -5.121413e-01
    outer loop
      vertex  -1.290565e-02  2.095329e-02 -1.144582e-02
      vertex  -1.071997e-02  2.115329e-02 -1.325839e-02
      vertex  -1.084571e-02  2.095329e-02 -1.341391e-02
    endloop
  endfacet
  facet normal -3.983383e-01  7.058963e-01 -5.856937e-01
    outer loop
      vertex  -1.084571e-02  2.095329e-02 -1.341391e-02
      vertex  -1.071997e-02  2.115329e-02 -1.325839e-02
      vertex  -8.391500e-03  2.115329e-02 -1.484201e-02
    endloop
  endfacet
  facet normal -3.983376e-01  7.058980e-01 -5.856921e-01
    outer loop
      vertex  -1.084571e-02  2.095329e-02 -1.341391e-02
      vertex  -8.391500e-03  2.115329e-02 -1.484201e-02
      vertex  -8.489935e-03  2.095329e-02 -1.501611e-02
    endloop
  endfacet
  facet normal -2.965029e-01  7.058980e-01 -6.432682e-01
    outer loop
      vertex  -8.489935e-03  2.095329e-02 -1.501611e-02
      vertex  -8.391500e-03  2.115329e-02 -1.484201e-02
      vertex  -5.834138e-03  2.115329e-02 -1.602078e-02
    endloop
  endfacet
  facet normal -2.965039e-01  7.058945e-01 -6.432716e-01
    outer loop
      vertex  -8.489935e-03  2.095329e-02 -1.501611e-02
      vertex  -5.834138e-03  2.115329e-02 -1.602078e-02
      vertex  -5.902573e-03  2.095329e-02 -1.620870e-02
    endloop
  endfacet
  facet normal -1.865812e-01  7.058947e-01 -6.833010e-01
    outer loop
      vertex  -5.902573e-03  2.095329e-02 -1.620870e-02
      vertex  -5.834138e-03  2.115329e-02 -1.602078e-02
      vertex  -3.117634e-03  2.115329e-02 -1.676254e-02
    endloop
  endfacet
  facet normal -1.865809e-01  7.058972e-01 -6.832985e-01
    outer loop
      vertex  -5.902573e-03  2.095329e-02 -1.620870e-02
      vertex  -3.117634e-03  2.115329e-02 -1.676254e-02
      vertex  -3.154204e-03  2.095329e-02 -1.695917e-02
    endloop
  endfacet
  facet normal -7.156867e-02  7.058971e-01 -7.046894e-01
    outer loop
      vertex  -3.154204e-03  2.095329e-02 -1.695917e-02
      vertex  -3.117634e-03  2.115329e-02 -1.676254e-02
      vertex  -3.160893e-04  2.115329e-02 -1.704707e-02
    endloop
  endfacet
  facet normal -7.156856e-02  7.058944e-01 -7.046922e-01
    outer loop
      vertex  -3.154204e-03  2.095329e-02 -1.695917e-02
      vertex  -3.160893e-04  2.115329e-02 -1.704707e-02
      vertex  -3.197969e-04  2.095329e-02 -1.724703e-02
    endloop
  endfacet
  facet normal  4.539578e-02  7.058943e-01 -7.068610e-01
    outer loop
      vertex  -3.197969e-04  2.095329e-02 -1.724703e-02
      vertex  -3.160893e-04  2.115329e-02 -1.704707e-02
      vertex   2.494077e-03  2.115329e-02 -1.686660e-02
    endloop
  endfacet
  facet normal  4.539542e-02  7.058961e-01 -7.068592e-01
    outer loop
      vertex  -3.197969e-04  2.095329e-02 -1.724703e-02
      vertex   2.494077e-03  2.115329e-02 -1.686660e-02
      vertex   2.523333e-03  2.095329e-02 -1.706444e-02
    endloop
  endfacet
  facet normal  1.611213e-01  7.058961e-01 -6.897467e-01
    outer loop
      vertex   2.523333e-03  2.095329e-02 -1.706444e-02
      vertex   2.494077e-03  2.115329e-02 -1.686660e-02
      vertex   5.236212e-03  2.115329e-02 -1.622605e-02
    endloop
  endfacet
  facet normal  1.611227e-01  7.058924e-01 -6.897503e-01
    outer loop
      vertex   2.523333e-03  2.095329e-02 -1.706444e-02
      vertex   5.236212e-03  2.115329e-02 -1.622605e-02
      vertex   5.297633e-03  2.095329e-02 -1.641638e-02
    endloop
  endfacet
  facet normal  2.724543e-01  7.058924e-01 -6.538230e-01
    outer loop
      vertex   5.297633e-03  2.095329e-02 -1.641638e-02
      vertex   5.236212e-03  2.115329e-02 -1.622605e-02
      vertex   7.835517e-03  2.115329e-02 -1.514289e-02
    endloop
  endfacet
  facet normal  2.724532e-01  7.058946e-01 -6.538211e-01
    outer loop
      vertex   5.297633e-03  2.095329e-02 -1.641638e-02
      vertex   7.835517e-03  2.115329e-02 -1.514289e-02
      vertex   7.927428e-03  2.095329e-02 -1.532052e-02
    endloop
  endfacet
  facet normal  3.763528e-01  7.058945e-01 -6.000596e-01
    outer loop
      vertex   7.927428e-03  2.095329e-02 -1.532052e-02
      vertex   7.835517e-03  2.115329e-02 -1.514289e-02
      vertex   1.022109e-02  2.115329e-02 -1.364668e-02
    endloop
  endfacet
  facet normal  3.763520e-01  7.058957e-01 -6.000587e-01
    outer loop
      vertex   7.927428e-03  2.095329e-02 -1.532052e-02
      vertex   1.022109e-02  2.115329e-02 -1.364668e-02
      vertex   1.034098e-02  2.095329e-02 -1.380676e-02
    endloop
  endfacet
  facet normal  4.699856e-01  7.058960e-01 -5.299287e-01
    outer loop
      vertex   1.034098e-02  2.095329e-02 -1.380676e-02
      vertex   1.022109e-02  2.115329e-02 -1.364668e-02
      vertex   1.232786e-02  2.115329e-02 -1.177822e-02
    endloop
  endfacet
  facet normal  4.699852e-01  7.058965e-01 -5.299283e-01
    outer loop
      vertex   1.034098e-02  2.095329e-02 -1.380676e-02
      vertex   1.232786e-02  2.115329e-02 -1.177822e-02
      vertex   1.247246e-02  2.095329e-02 -1.191638e-02
    endloop
  endfacet
  facet normal  5.507985e-01  7.058966e-01 -4.453438e-01
    outer loop
      vertex   1.247246e-02  2.095329e-02 -1.191638e-02
      vertex   1.232786e-02  2.115329e-02 -1.177822e-02
      vertex   1.409835e-02  2.115329e-02 -9.588483e-03
    endloop
  endfacet
  facet normal  5.507979e-01  7.058972e-01 -4.453434e-01
    outer loop
      vertex   1.247246e-02  2.095329e-02 -1.191638e-02
      vertex   1.409835e-02  2.115329e-02 -9.588483e-03
      vertex   1.426373e-02  2.095329e-02 -9.700958e-03
    endloop
  endfacet
  facet normal  6.165870e-01  7.058972e-01 -3.486111e-01
    outer loop
      vertex   1.426373e-02  2.095329e-02 -9.700958e-03
      vertex   1.409835e-02  2.115329e-02 -9.588483e-03
      vertex   1.548428e-02  2.115329e-02 -7.137196e-03
    endloop
  endfacet
  facet normal  6.165884e-01  7.058957e-01 -3.486116e-01
    outer loop
      vertex   1.426373e-02  2.095329e-02 -9.700958e-03
      vertex   1.548428e-02  2.115329e-02 -7.137196e-03
      vertex   1.566591e-02  2.095329e-02 -7.220916e-03
    endloop
  endfacet
  facet normal  6.655586e-01  7.058955e-01 -2.423702e-01
    outer loop
      vertex   1.566591e-02  2.095329e-02 -7.220916e-03
      vertex   1.548428e-02  2.115329e-02 -7.137196e-03
      vertex   1.644784e-02  2.115329e-02 -4.491225e-03
    endloop
  endfacet
  facet normal  6.655576e-01  7.058964e-01 -2.423700e-01
    outer loop
      vertex   1.566591e-02  2.095329e-02 -7.220916e-03
      vertex   1.644784e-02  2.115329e-02 -4.491225e-03
      vertex   1.664077e-02  2.095329e-02 -4.543907e-03
    endloop
  endfacet
  facet normal  6.963730e-01  7.058966e-01 -1.295170e-01
    outer loop
      vertex   1.664077e-02  2.095329e-02 -4.543907e-03
      vertex   1.644784e-02  2.115329e-02 -4.491225e-03
      vertex   1.696274e-02  2.115329e-02 -1.722745e-03
    endloop
  endfacet
  facet normal  6.963717e-01  7.058979e-01 -1.295170e-01
    outer loop
      vertex   1.664077e-02  2.095329e-02 -4.543907e-03
      vertex   1.696274e-02  2.115329e-02 -1.722745e-03
      vertex   1.716172e-02  2.095329e-02 -1.742953e-03
    endloop
  endfacet
  facet normal  7.081919e-01  7.058978e-01 -1.313173e-02
    outer loop
      vertex   1.716172e-02  2.095329e-02 -1.742953e-03
      vertex   1.696274e-02  2.115329e-02 -1.722745e-03
      vertex   1.701495e-02  2.115329e-02  1.092726e-03
    endloop
  endfacet
  facet normal  7.081946e-01  7.058952e-01 -1.313142e-02
    outer loop
      vertex   1.716172e-02  2.095329e-02 -1.742953e-03
      vertex   1.701495e-02  2.115329e-02  1.092726e-03
      vertex   1.721454e-02  2.095329e-02  1.105544e-03
    endloop
  endfacet
  facet normal  7.006969e-01  7.058953e-01  1.036130e-01
    outer loop
      vertex   1.721454e-02  2.095329e-02  1.105544e-03
      vertex   1.701495e-02  2.115329e-02  1.092726e-03
      vertex   1.660303e-02  2.115329e-02  3.878391e-03
    endloop
  endfacet
  facet normal  7.006966e-01  7.058955e-01  1.036130e-01
    outer loop
      vertex   1.721454e-02  2.095329e-02  1.105544e-03
      vertex   1.660303e-02  2.115329e-02  3.878391e-03
      vertex   1.679778e-02  2.095329e-02  3.923886e-03
    endloop
  endfacet
  facet normal  6.740860e-01  7.058955e-01  2.175303e-01
    outer loop
      vertex   1.679778e-02  2.095329e-02  3.923886e-03
      vertex   1.660303e-02  2.115329e-02  3.878391e-03
      vertex   1.573822e-02  2.115329e-02  6.558264e-03
    endloop
  endfacet
  facet normal  6.740824e-01  7.058995e-01  2.175285e-01
    outer loop
      vertex   1.679778e-02  2.095329e-02  3.923886e-03
      vertex   1.573822e-02  2.115329e-02  6.558264e-03
      vertex   1.592284e-02  2.095329e-02  6.635194e-03
    endloop
  endfacet
  facet normal  6.290846e-01  7.058995e-01  3.255126e-01
    outer loop
      vertex   1.592284e-02  2.095329e-02  6.635194e-03
      vertex   1.573822e-02  2.115329e-02  6.558264e-03
      vertex   1.444412e-02  2.115329e-02  9.059244e-03
    endloop
  endfacet
  facet normal  6.290866e-01  7.058970e-01  3.255140e-01
    outer loop
      vertex   1.592284e-02  2.095329e-02  6.635194e-03
      vertex   1.444412e-02  2.115329e-02  9.059244e-03
      vertex   1.461355e-02  2.095329e-02  9.165511e-03
    endloop
  endfacet
  facet normal  5.669292e-01  7.058969e-01  4.246185e-01
    outer loop
      vertex   1.461355e-02  2.095329e-02  9.165511e-03
      vertex   1.444412e-02  2.115329e-02  9.059244e-03
      vertex   1.275602e-02  2.115329e-02  1.131311e-02
    endloop
  endfacet
  facet normal  5.669284e-01  7.058980e-01  4.246177e-01
    outer loop
      vertex   1.461355e-02  2.095329e-02  9.165511e-03
      vertex   1.275602e-02  2.115329e-02  1.131311e-02
      vertex   1.290565e-02  2.095329e-02  1.144582e-02
    endloop
  endfacet
  facet normal  4.893062e-01  7.058981e-01  5.121399e-01
    outer loop
      vertex   1.290565e-02  2.095329e-02  1.144582e-02
      vertex   1.275602e-02  2.115329e-02  1.131311e-02
      vertex   1.071997e-02  2.115329e-02  1.325839e-02
    endloop
  endfacet
  facet normal  4.893073e-01  7.058964e-01  5.121413e-01
    outer loop
      vertex   1.290565e-02  2.095329e-02  1.144582e-02
      vertex   1.071997e-02  2.115329e-02  1.325839e-02
      vertex   1.084571e-02  2.095329e-02  1.341391e-02
    endloop
  endfacet
  facet normal  3.983383e-01  7.058963e-01  5.856937e-01
    outer loop
      vertex   1.084571e-02  2.095329e-02  1.341391e-02
      vertex   1.071997e-02  2.115329e-02  1.325839e-02
      vertex   8.391500e-03  2.115329e-02  1.484201e-02
    endloop
  endfacet
  facet normal  3.983376e-01  7.058980e-01  5.856921e-01
    outer loop
      vertex   1.084571e-02  2.095329e-02  1.341391e-02
      vertex   8.391500e-03  2.115329e-02  1.484201e-02
      vertex   8.489935e-03  2.095329e-02  1.501611e-02
    endloop
  endfacet
  facet normal  2.965029e-01  7.058980e-01  6.432682e-01
    outer loop
      vertex   8.489935e-03  2.095329e-02  1.501611e-02
      vertex   8.391500e-03  2.115329e-02  1.484201e-02
      vertex   5.834138e-03  2.115329e-02  1.602078e-02
    endloop
  endfacet
  facet normal  2.965039e-01  7.058945e-01  6.432716e-01
    outer loop
      vertex   8.489935e-03  2.095329e-02  1.501611e-02
      vertex   5.834138e-03  2.115329e-02  1.602078e-02
      vertex   5.902573e-03  2.095329e-02  1.620870e-02
    endloop
  endfacet
  facet normal  1.865812e-01  7.058947e-01  6.833010e-01
    outer loop
      vertex   5.902573e-03  2.095329e-02  1.620870e-02
      vertex   5.834138e-03  2.115329e-02  1.602078e-02
      vertex   3.117634e-03  2.115329e-02  1.676254e-02
    endloop
  endfacet
  facet normal  1.865809e-01  7.058972e-01  6.832985e-01
    outer loop
      vertex   5.902573e-03  2.095329e-02  1.620870e-02
      vertex   3.117634e-03  2.115329e-02  1.676254e-02
      vertex   3.154204e-03  2.095329e-02  1.695917e-02
    endloop
  endfacet
  facet normal  7.156867e-02  7.058971e-01  7.046894e-01
    outer loop
      vertex   3.154204e-03  2.095329e-02  1.695917e-02
      vertex   3.117634e-03  2.115329e-02  1.676254e-02
      vertex   3.160893e-04  2.115329e-02  1.704707e-02
    endloop
  endfacet
  facet normal  7.156856e-02  7.058944e-01  7.046922e-01
    outer loop
      vertex   3.154204e-03  2.095329e-02  1.695917e-02
      vertex   3.160893e-04  2.115329e-02  1.704707e-02
      vertex   3.197969e-04  2.095329e-02  1.724703e-02
    endloop
  endfacet
  facet normal -4.539578e-02  7.058943e-01  7.068610e-01
    outer loop
      vertex   3.197969e-04  2.095329e-02  1.724703e-02
      vertex   3.160893e-04  2.115329e-02  1.704707e-02
      vertex  -2.494077e-03  2.115329e-02  1.686660e-02
    endloop
  endfacet
  facet normal -4.539542e-02  7.058961e-01  7.068592e-01
    outer loop
      vertex   3.197969e-04  2.095329e-02  1.724703e-02
      vertex  -2.494077e-03  2.115329e-02  1.686660e-02
      vertex  -2.523333e-03  2.095329e-02  1.706444e-02
    endloop
  endfacet
  facet normal -1.611213e-01  7.058961e-01  6.897467e-01
    outer loop
      vertex  -2.523333e-03  2.095329e-02  1.706444e-02
      vertex  -2.494077e-03  2.115329e-02  1.686660e-02
      vertex  -5.236212e-03  2.115329e-02  1.622605e-02
    endloop
  endfacet
  facet normal -1.611227e-01  7.058924e-01  6.897503e-01
    outer loop
      vertex  -2.523333e-03  2.095329e-02  1.706444e-02
      vertex  -5.236212e-03  2.115329e-02  1.622605e-02
      vertex  -5.297633e-03  2.095329e-02  1.641638e-02
    endloop
  endfacet
  facet normal -2.724543e-01  7.058924e-01  6.538230e-01
    outer loop
      vertex  -5.297633e-03  2.095329e-02  1.641638e-02
      vertex  -5.236212e-03  2.115329e-02  1.622605e-02
      vertex  -7.835517e-03  2.115329e-02  1.514289e-02
    endloop
  endfacet
  facet normal -2.724532e-01  7.058946e-01  6.538211e-01
    outer loop
      vertex  -5.297633e-03  2.095329e-02  1.641638e-02
      vertex  -7.835517e-03  2.115329e-02  1.514289e-02
      vertex  -7.927428e-03  2.095329e-02  1.532052e-02
    endloop
  endfacet
  facet normal -3.763528e-01  7.058945e-01  6.000596e-01
    outer loop
      vertex  -7.927428e-03  2.095329e-02  1.532052e-02
      vertex  -7.835517e-03  2.115329e-02  1.514289e-02
      vertex  -1.022109e-02  2.115329e-02  1.364668e-02
    endloop
  endfacet
  facet normal -3.763520e-01  7.058957e-01  6.000587e-01
    outer loop
      vertex  -7.927428e-03  2.095329e-02  1.532052e-02
      vertex  -1.022109e-02  2.115329e-02  1.364668e-02
      vertex  -1.034098e-02  2.095329e-02  1.380676e-02
    endloop
  endfacet
  facet normal -4.699856e-01  7.058960e-01  5.299287e-01
    outer loop
      vertex  -1.034098e-02  2.095329e-02  1.380676e-02
      vertex  -1.022109e-02  2.115329e-02  1.364668e-02
      vertex  -1.232786e-02  2.115329e-02  1.177822e-02
    endloop
  endfacet
  facet normal -4.699852e-01  7.058965e-01  5.299283e-01
    outer loop
      vertex  -1.034098e-02  2.095329e-02  1.380676e-02
      vertex  -1.232786e-02  2.115329e-02  1.177822e-02
      vertex  -1.247246e-02  2.095329e-02  1.191638e-02
    endloop
  endfacet
  facet normal -5.507985e-01  7.058966e-01  4.453438e-01
    outer loop
      vertex  -1.247246e-02  2.095329e-02  1.191638e-02
      vertex  -1.232786e-02  2.115329e-02  1.177822e-02
      vertex  -1.409835e-02  2.115329e-02  9.588483e-03
    endloop
  endfacet
  facet normal -5.507979e-01  7.058972e-01  4.453434e-01
    outer loop
      vertex  -1.247246e-02  2.095329e-02  1.191638e-02
      vertex  -1.409835e-02  2.115329e-02  9.588483e-03
      vertex  -1.426373e-02  2.095329e-02  9.700958e-03
    endloop
  endfacet
  facet normal -6.165870e-01  7.058972e-01  3.486111e-01
    outer loop
      vertex  -1.426373e-02  2.095329e-02  9.700958e-03
      vertex  -1.409835e-02  2.115329e-02  9.588483e-03
      vertex  -1.548428e-02  2.115329e-02  7.137196e-03
    endloop
  endfacet
  facet normal -6.165884e-01  7.058957e-01  3.486116e-01
    outer loop
      vertex  -1.426373e-02  2.095329e-02  9.700958e-03
      vertex  -1.548428e-02  2.115329e-02  7.137196e-03
      vertex  -1.566591e-02  2.095329e-02  7.220916e-03
    endloop
  endfacet
  facet normal -6.655586e-01  7.058955e-01  2.423702e-01
    outer loop
      vertex  -1.566591e-02  2.095329e-02  7.220916e-03
      vertex  -1.548428e-02  2.115329e-02  7.137196e-03
      vertex  -1.644784e-02  2.115329e-02  4.491225e-03
    endloop
  endfacet
  facet normal -6.655576e-01  7.058964e-01  2.423700e-01
    outer loop
      vertex  -1.566591e-02  2.095329e-02  7.220916e-03
      vertex  -1.644784e-02  2.115329e-02  4.491225e-03
      vertex  -1.664077e-02  2.095329e-02  4.543907e-03
    endloop
  endfacet
  facet normal -6.963730e-01  7.058966e-01  1.295170e-01
    outer loop
      vertex  -1.664077e-02  2.095329e-02  4.543907e-03
      vertex  -1.644784e-02  2.115329e-02  4.491225e-03
      vertex  -1.696274e-02  2.115329e-02  1.722745e-03
    endloop
  endfacet
  facet normal -6.963717e-01  7.058979e-01  1.295170e-01
    outer loop
      vertex  -1.664077e-02  2.095329e-02  4.543907e-03
      vertex  -1.696274e-02  2.115329e-02  1.722745e-03
      vertex  -1.716172e-02  2.095329e-02  1.742953e-03
    endloop
  endfacet
  facet normal -7.081919e-01  7.058978e-01  1.313173e-02
    outer loop
      vertex  -1.716172e-02  2.095329e-02  1.742953e-03
      vertex  -1.696274e-02  2.115329e-02  1.722745e-03
      vertex  -1.701495e-02  2.115329e-02 -1.092726e-03
    endloop
  endfacet
  facet normal -7.081946e-01  7.058952e-01  1.313142e-02
    outer loop
      vertex  -1.716172e-02  2.095329e-02  1.742953e-03
      vertex  -1.701495e-02  2.115329e-02 -1.092726e-03
      vertex  -1.721454e-02  2.095329e-02 -1.105544e-03
    endloop
  endfacet
  facet normal -7.006969e-01  7.058953e-01 -1.036130e-01
    outer loop
      vertex  -1.721454e-02  2.095329e-02 -1.105544e-03
      vertex  -1.701495e-02  2.115329e-02 -1.092726e-03
      vertex  -1.660303e-02  2.115329e-02 -3.878391e-03
    endloop
  endfacet
  facet normal -7.006966e-01  7.058955e-01 -1.036130e-01
    outer loop
      vertex  -1.721454e-02  2.095329e-02 -1.105544e-03
      vertex  -1.660303e-02  2.115329e-02 -3.878391e-03
      vertex  -1.679778e-02  2.095329e-02 -3.923886e-03
    endloop
  endfacet
  facet normal -6.740860e-01  7.058955e-01 -2.175303e-01
    outer loop
      vertex  -1.679778e-02  2.095329e-02 -3.923886e-03
      vertex  -1.660303e-02  2.115329e-02 -3.878391e-03
      vertex  -1.573822e-02  2.115329e-02 -6.558264e-03
    endloop
  endfacet
  facet normal -6.740824e-01  7.058995e-01 -2.175285e-01
    outer loop
      vertex  -1.679778e-02  2.095329e-02 -3.923886e-03
      vertex  -1.573822e-02  2.115329e-02 -6.558264e-03
      vertex  -1.592284e-02  2.095329e-02 -6.635194e-03
    endloop
  endfacet
  facet normal -6.290846e-01  7.058995e-01 -3.255126e-01
    outer loop
      vertex  -1.592284e-02  2.095329e-02 -6.635194e-03
      vertex  -1.573822e-02  2.115329e-02 -6.558264e-03
      vertex  -1.444412e-02  2.115329e-02 -9.059244e-03
    endloop
  endfacet
  facet normal -6.290866e-01  7.058970e-01 -3.255140e-01
    outer loop
      vertex  -1.592284e-02  2.095329e-02 -6.635194e-03
      vertex  -1.444412e-02  2.115329e-02 -9.059244e-03
      vertex  -1.461355e-02  2.095329e-02 -9.165511e-03
    endloop
  endfacet
  facet normal -5.669292e-01  7.058969e-01 -4.246185e-01
    outer loop
      vertex  -1.461355e-02  2.095329e-02 -9.165511e-03
      vertex  -1.444412e-02  2.115329e-02 -9.059244e-03
      vertex  -1.275602e-02  2.115329e-02 -1.131311e-02
    endloop
  endfacet
  facet normal  6.290845e-01 -7.058994e-01  3.255129e-01
    outer loop
      vertex   1.461355e-02  1.035329e-02  9.165511e-03
      vertex   1.573822e-02  1.015329e-02  6.558264e-03
      vertex   1.592284e-02  1.035329e-02  6.635194e-03
    endloop
  endfacet
  facet normal  6.740822e-01 -7.058995e-01  2.175291e-01
    outer loop
      vertex   1.592284e-02  1.035329e-02  6.635194e-03
      vertex   1.573822e-02  1.015329e-02  6.558264e-03
      vertex   1.660303e-02  1.015329e-02  3.878391e-03
    endloop
  endfacet
  facet normal  6.740863e-01 -7.058955e-01  2.175298e-01
    outer loop
      vertex   1.592284e-02  1.035329e-02  6.635194e-03
      vertex   1.660303e-02  1.015329e-02  3.878391e-03
      vertex   1.679778e-02  1.035329e-02  3.923886e-03
    endloop
  endfacet
  facet normal  7.006966e-01 -7.058956e-01  1.036130e-01
    outer loop
      vertex   1.679778e-02  1.035329e-02  3.923886e-03
      vertex   1.660303e-02  1.015329e-02  3.878391e-03
      vertex   1.701495e-02  1.015329e-02  1.092726e-03
    endloop
  endfacet
  facet normal  7.006969e-01 -7.058953e-01  1.036130e-01
    outer loop
      vertex   1.679778e-02  1.035329e-02  3.923886e-03
      vertex   1.701495e-02  1.015329e-02  1.092726e-03
      vertex   1.721454e-02  1.035329e-02  1.105544e-03
    endloop
  endfacet
  facet normal  7.081945e-01 -7.058953e-01 -1.313178e-02
    outer loop
      vertex   1.721454e-02  1.035329e-02  1.105544e-03
      vertex   1.701495e-02  1.015329e-02  1.092726e-03
      vertex   1.696274e-02  1.015329e-02 -1.722745e-03
    endloop
  endfacet
  facet normal  7.081920e-01 -7.058978e-01 -1.313138e-02
    outer loop
      vertex   1.721454e-02  1.035329e-02  1.105544e-03
      vertex   1.696274e-02  1.015329e-02 -1.722745e-03
      vertex   1.716172e-02  1.035329e-02 -1.742953e-03
    endloop
  endfacet
  facet normal  6.963717e-01 -7.058979e-01 -1.295168e-01
    outer loop
      vertex   1.716172e-02  1.035329e-02 -1.742953e-03
      vertex   1.696274e-02  1.015329e-02 -1.722745e-03
      vertex   1.644784e-02  1.015329e-02 -4.491225e-03
    endloop
  endfacet
  facet normal  6.963729e-01 -7.058966e-01 -1.295172e-01
    outer loop
      vertex   1.716172e-02  1.035329e-02 -1.742953e-03
      vertex   1.644784e-02  1.015329e-02 -4.491225e-03
      vertex   1.664077e-02  1.035329e-02 -4.543907e-03
    endloop
  endfacet
  facet normal  6.655576e-01 -7.058964e-01 -2.423699e-01
    outer loop
      vertex   1.664077e-02  1.035329e-02 -4.543907e-03
      vertex   1.644784e-02  1.015329e-02 -4.491225e-03
      vertex   1.548428e-02  1.015329e-02 -7.137196e-03
    endloop
  endfacet
  facet normal  6.655585e-01 -7.058956e-01 -2.423704e-01
    outer loop
      vertex   1.664077e-02  1.035329e-02 -4.543907e-03
      vertex   1.548428e-02  1.015329e-02 -7.137196e-03
      vertex   1.566591e-02  1.035329e-02 -7.220916e-03
    endloop
  endfacet
  facet normal  6.165884e-01 -7.058955e-01 -3.486118e-01
    outer loop
      vertex   1.566591e-02  1.035329e-02 -7.220916e-03
      vertex   1.548428e-02  1.015329e-02 -7.137196e-03
      vertex   1.409835e-02  1.015329e-02 -9.588483e-03
    endloop
  endfacet
  facet normal  6.165870e-01 -7.058972e-01 -3.486108e-01
    outer loop
      vertex   1.566591e-02  1.035329e-02 -7.220916e-03
      vertex   1.409835e-02  1.015329e-02 -9.588483e-03
      vertex   1.426373e-02  1.035329e-02 -9.700958e-03
    endloop
  endfacet
  facet normal  5.507980e-01 -7.058971e-01 -4.453435e-01
    outer loop
      vertex   1.426373e-02  1.035329e-02 -9.700958e-03
      vertex   1.409835e-02  1.015329e-02 -9.588483e-03
      vertex   1.232786e-02  1.015329e-02 -1.177822e-02
    endloop
  endfacet
  facet normal  5.507984e-01 -7.058967e-01 -4.453438e-01
    outer loop
      vertex   1.426373e-02  1.035329e-02 -9.700958e-03
      vertex   1.232786e-02  1.015329e-02 -1.177822e-02
      vertex   1.247246e-02  1.035329e-02 -1.191638e-02
    endloop
  endfacet
  facet normal  4.699852e-01 -7.058966e-01 -5.299283e-01
    outer loop
      vertex   1.247246e-02  1.035329e-02 -1.191638e-02
      vertex   1.232786e-02  1.015329e-02 -1.177822e-02
      vertex   1.022109e-02  1.015329e-02 -1.364668e-02
    endloop
  endfacet
  facet normal  4.699855e-01 -7.058961e-01 -5.299287e-01
    outer loop
      vertex   1.247246e-02  1.035329e-02 -1.191638e-02
      vertex   1.022109e-02  1.015329e-02 -1.364668e-02
      vertex   1.034098e-02  1.035329e-02 -1.380676e-02
    endloop
  endfacet
  facet normal  3.763522e-01 -7.058958e-01 -6.000584e-01
    outer loop
      vertex   1.034098e-02  1.035329e-02 -1.380676e-02
      vertex   1.022109e-02  1.015329e-02 -1.364668e-02
      vertex   7.835517e-03  1.015329e-02 -1.514289e-02
    endloop
  endfacet
  facet normal  3.763526e-01 -7.058946e-01 -6.000596e-01
    outer loop
      vertex   1.034098e-02  1.035329e-02 -1.380676e-02
      vertex   7.835517e-03  1.015329e-02 -1.514289e-02
      vertex   7.927428e-03  1.035329e-02 -1.532052e-02
    endloop
  endfacet
  facet normal  2.724535e-01 -7.058947e-01 -6.538209e-01
    outer loop
      vertex   7.927428e-03  1.035329e-02 -1.532052e-02
      vertex   7.835517e-03  1.015329e-02 -1.514289e-02
      vertex   5.236212e-03  1.015329e-02 -1.622605e-02
    endloop
  endfacet
  facet normal  2.724540e-01 -7.058924e-01 -6.538231e-01
    outer loop
      vertex   7.927428e-03  1.035329e-02 -1.532052e-02
      vertex   5.236212e-03  1.015329e-02 -1.622605e-02
      vertex   5.297633e-03  1.035329e-02 -1.641638e-02
    endloop
  endfacet
  facet normal  1.611222e-01 -7.058924e-01 -6.897504e-01
    outer loop
      vertex   5.297633e-03  1.035329e-02 -1.641638e-02
      vertex   5.236212e-03  1.015329e-02 -1.622605e-02
      vertex   2.494077e-03  1.015329e-02 -1.686660e-02
    endloop
  endfacet
  facet normal  1.611218e-01 -7.058961e-01 -6.897466e-01
    outer loop
      vertex   5.297633e-03  1.035329e-02 -1.641638e-02
      vertex   2.494077e-03  1.015329e-02 -1.686660e-02
      vertex   2.523333e-03  1.035329e-02 -1.706444e-02
    endloop
  endfacet
  facet normal  4.539567e-02 -7.058962e-01 -7.068592e-01
    outer loop
      vertex   2.523333e-03  1.035329e-02 -1.706444e-02
      vertex   2.494077e-03  1.015329e-02 -1.686660e-02
      vertex  -3.160893e-04  1.015329e-02 -1.704707e-02
    endloop
  endfacet
  facet normal  4.539553e-02 -7.058944e-01 -7.068610e-01
    outer loop
      vertex   2.523333e-03  1.035329e-02 -1.706444e-02
      vertex  -3.160893e-04  1.015329e-02 -1.704707e-02
      vertex  -3.197969e-04  1.035329e-02 -1.724703e-02
    endloop
  endfacet
  facet normal -7.156895e-02 -7.058943e-01 -7.046922e-01
    outer loop
      vertex  -3.197969e-04  1.035329e-02 -1.724703e-02
      vertex  -3.160893e-04  1.015329e-02 -1.704707e-02
      vertex  -3.117634e-03  1.015329e-02 -1.676254e-02
    endloop
  endfacet
  facet normal -7.156827e-02 -7.058972e-01 -7.046894e-01
    outer loop
      vertex  -3.197969e-04  1.035329e-02 -1.724703e-02
      vertex  -3.117634e-03  1.015329e-02 -1.676254e-02
      vertex  -3.154204e-03  1.035329e-02 -1.695917e-02
    endloop
  endfacet
  facet normal -1.865806e-01 -7.058972e-01 -6.832986e-01
    outer loop
      vertex  -3.154204e-03  1.035329e-02 -1.695917e-02
      vertex  -3.117634e-03  1.015329e-02 -1.676254e-02
      vertex  -5.834138e-03  1.015329e-02 -1.602078e-02
    endloop
  endfacet
  facet normal -1.865816e-01 -7.058946e-01 -6.833008e-01
    outer loop
      vertex  -3.154204e-03  1.035329e-02 -1.695917e-02
      vertex  -5.834138e-03  1.015329e-02 -1.602078e-02
      vertex  -5.902573e-03  1.035329e-02 -1.620870e-02
    endloop
  endfacet
  facet normal -2.965043e-01 -7.058946e-01 -6.432714e-01
    outer loop
      vertex  -5.902573e-03  1.035329e-02 -1.620870e-02
      vertex  -5.834138e-03  1.015329e-02 -1.602078e-02
      vertex  -8.391500e-03  1.015329e-02 -1.484201e-02
    endloop
  endfacet
  facet normal -2.965025e-01 -7.058979e-01 -6.432685e-01
    outer loop
      vertex  -5.902573e-03  1.035329e-02 -1.620870e-02
      vertex  -8.391500e-03  1.015329e-02 -1.484201e-02
      vertex  -8.489935e-03  1.035329e-02 -1.501611e-02
    endloop
  endfacet
  facet normal -3.983373e-01 -7.058980e-01 -5.856922e-01
    outer loop
      vertex  -8.489935e-03  1.035329e-02 -1.501611e-02
      vertex  -8.391500e-03  1.015329e-02 -1.484201e-02
      vertex  -1.071997e-02  1.015329e-02 -1.325839e-02
    endloop
  endfacet
  facet normal -3.983386e-01 -7.058961e-01 -5.856937e-01
    outer loop
      vertex  -8.489935e-03  1.035329e-02 -1.501611e-02
      vertex  -1.071997e-02  1.015329e-02 -1.325839e-02
      vertex  -1.084571e-02  1.035329e-02 -1.341391e-02
    endloop
  endfacet
  facet normal -4.893076e-01 -7.058962e-01 -5.121413e-01
    outer loop
      vertex  -1.084571e-02  1.035329e-02 -1.341391e-02
      vertex  -1.071997e-02  1.015329e-02 -1.325839e-02
      vertex  -1.275602e-02  1.015329e-02 -1.131311e-02
    endloop
  endfacet
  facet normal -4.893060e-01 -7.058982e-01 -5.121400e-01
    outer loop
      vertex  -1.084571e-02  1.035329e-02 -1.341391e-02
      vertex  -1.275602e-02  1.015329e-02 -1.131311e-02
      vertex  -1.290565e-02  1.035329e-02 -1.144582e-02
    endloop
  endfacet
  facet normal -5.669283e-01 -7.058980e-01 -4.246179e-01
    outer loop
      vertex  -1.290565e-02  1.035329e-02 -1.144582e-02
      vertex  -1.275602e-02  1.015329e-02 -1.131311e-02
      vertex  -1.444412e-02  1.015329e-02 -9.059244e-03
    endloop
  endfacet
  facet normal -5.669293e-01 -7.058969e-01 -4.246184e-01
    outer loop
      vertex  -1.290565e-02  1.035329e-02 -1.144582e-02
      vertex  -1.444412e-02  1.015329e-02 -9.059244e-03
      vertex  -1.461355e-02  1.035329e-02 -9.165511e-03
    endloop
  endfacet
  facet normal -6.290868e-01 -7.058970e-01 -3.255137e-01
    outer loop
      vertex  -1.461355e-02  1.035329e-02 -9.165511e-03
      vertex  -1.444412e-02  1.015329e-02 -9.059244e-03
      vertex  -1.573822e-02  1.015329e-02 -6.558264e-03
    endloop
  endfacet
  facet normal -6.290845e-01 -7.058994e-01 -3.255129e-01
    outer loop
      vertex  -1.461355e-02  1.035329e-02 -9.165511e-03
      vertex  -1.573822e-02  1.015329e-02 -6.558264e-03
      vertex  -1.592284e-02  1.035329e-02 -6.635194e-03
    endloop
  endfacet
  facet normal -6.740822e-01 -7.058995e-01 -2.175291e-01
    outer loop
      vertex  -1.592284e-02  1.035329e-02 -6.635194e-03
      vertex  -1.573822e-02  1.015329e-02 -6.558264e-03
      vertex  -1.660303e-02  1.015329e-02 -3.878391e-03
    endloop
  endfacet
  facet normal -6.740863e-01 -7.058955e-01 -2.175298e-01
    outer loop
      vertex  -1.592284e-02  1.035329e-02 -6.635194e-03
      vertex  -1.660303e-02  1.015329e-02 -3.878391e-03
      vertex  -1.679778e-02  1.035329e-02 -3.923886e-03
    endloop
  endfacet
  facet normal -7.006966e-01 -7.058956e-01 -1.036130e-01
    outer loop
      vertex  -1.679778e-02  1.035329e-02 -3.923886e-03
      vertex  -1.660303e-02  1.015329e-02 -3.878391e-03
      vertex  -1.701495e-02  1.015329e-02 -1.092726e-03
    endloop
  endfacet
  facet normal -7.006969e-01 -7.058953e-01 -1.036130e-01
    outer loop
      vertex  -1.679778e-02  1.035329e-02 -3.923886e-03
      vertex  -1.701495e-02  1.015329e-02 -1.092726e-03
      vertex  -1.721454e-02  1.035329e-02 -1.105544e-03
    endloop
  endfacet
  facet normal -7.081945e-01 -7.058953e-01  1.313178e-02
    outer loop
      vertex  -1.721454e-02  1.035329e-02 -1.105544e-03
      vertex  -1.701495e-02  1.015329e-02 -1.092726e-03
      vertex  -1.696274e-02  1.015329e-02  1.722745e-03
    endloop
  endfacet
  facet normal -7.081920e-01 -7.058978e-01  1.313138e-02
    outer loop
      vertex  -1.721454e-02  1.035329e-02 -1.105544e-03
      vertex  -1.696274e-02  1.015329e-02  1.722745e-03
      vertex  -1.716172e-02  1.035329e-02  1.742953e-03
    endloop
  endfacet
  facet normal -6.963717e-01 -7.058979e-01  1.295168e-01
    outer loop
      vertex  -1.716172e-02  1.035329e-02  1.742953e-03
      vertex  -1.696274e-02  1.015329e-02  1.722745e-03
      vertex  -1.644784e-02  1.015329e-02  4.491225e-03
    endloop
  endfacet
  facet normal -6.963729e-01 -7.058966e-01  1.295172e-01
    outer loop
      vertex  -1.716172e-02  1.035329e-02  1.742953e-03
      vertex  -1.644784e-02  1.015329e-02  4.491225e-03
      vertex  -1.664077e-02  1.035329e-02  4.543907e-03
    endloop
  endfacet
  facet normal -6.655576e-01 -7.058964e-01  2.423699e-01
    outer loop
      vertex  -1.664077e-02  1.035329e-02  4.543907e-03
      vertex  -1.644784e-02  1.015329e-02  4.491225e-03
      vertex  -1.548428e-02  1.015329e-02  7.137196e-03
    endloop
  endfacet
  facet normal -6.655585e-01 -7.058956e-01  2.423704e-01
    outer loop
      vertex  -1.664077e-02  1.035329e-02  4.543907e-03
      vertex  -1.548428e-02  1.015329e-02  7.137196e-03
      vertex  -1.566591e-02  1.035329e-02  7.220916e-03
    endloop
  endfacet
  facet normal -6.165884e-01 -7.058955e-01  3.486118e-01
    outer loop
      vertex  -1.566591e-02  1.035329e-02  7.220916e-03
      vertex  -1.548428e-02  1.015329e-02  7.137196e-03
      vertex  -1.409835e-02  1.015329e-02  9.588483e-03
    endloop
  endfacet
  facet normal -6.165870e-01 -7.058972e-01  3.486108e-01
    outer loop
      vertex  -1.566591e-02  1.035329e-02  7.220916e-03
      vertex  -1.409835e-02  1.015329e-02  9.588483e-03
      vertex  -1.426373e-02  1.035329e-02  9.700958e-03
    endloop
  endfacet
  facet normal -5.507980e-01 -7.058971e-01  4.453435e-01
    outer loop
      vertex  -1.426373e-02  1.035329e-02  9.700958e-03
      vertex  -1.409835e-02  1.015329e-02  9.588483e-03
      vertex  -1.232786e-02  1.015329e-02  1.177822e-02
    endloop
  endfacet
  facet normal -5.507984e-01 -7.058967e-01  4.453438e-01
    outer loop
      vertex  -1.426373e-02  1.035329e-02  9.700958e-03
      vertex  -1.232786e-02  1.015329e-02  1.177822e-02
      vertex  -1.247246e-02  1.035329e-02  1.191638e-02
    endloop
  endfacet
  facet normal -4.699852e-01 -7.058966e-01  5.299283e-01
    outer loop
      vertex  -1.247246e-02  1.035329e-02  1.191638e-02
      vertex  -1.232786e-02  1.015329e-02  1.177822e-02
      vertex  -1.022109e-02  1.015329e-02  1.364668e-02
    endloop
  endfacet
  facet normal -4.699855e-01 -7.058961e-01  5.299287e-01
    outer loop
      vertex  -1.247246e-02  1.035329e-02  1.191638e-02
      vertex  -1.022109e-02  1.015329e-02  1.364668e-02
      vertex  -1.034098e-02  1.035329e-02  1.380676e-02
    endloop
  endfacet
  facet normal -3.763522e-01 -7.058958e-01  6.000584e-01
    outer loop
      vertex  -1.034098e-02  1.035329e-02  1.380676e-02
      vertex  -1.022109e-02  1.015329e-02  1.364668e-02
      vertex  -7.835517e-03  1.015329e-02  1.514289e-02
    endloop
  endfacet
  facet normal -3.763526e-01 -7.058946e-01  6.000596e-01
    outer loop
      vertex  -1.034098e-02  1.035329e-02  1.380676e-02
      vertex  -7.835517e-03  1.015329e-02  1.514289e-02
      vertex  -7.927428e-03  1.035329e-02  1.532052e-02
    endloop
  endfacet
  facet normal -2.724535e-01 -7.058947e-01  6.538209e-01
    outer loop
      vertex  -7.927428e-03  1.035329e-02  1.532052e-02
      vertex  -7.835517e-03  1.015329e-02  1.514289e-02
      vertex  -5.236212e-03  1.015329e-02  1.622605e-02
    endloop
  endfacet
  facet normal -2.724540e-01 -7.058924e-01  6.538231e-01
    outer loop
      vertex  -7.927428e-03  1.035329e-02  1.532052e-02
      vertex  -5.236212e-03  1.015329e-02  1.622605e-02
      vertex  -5.297633e-03  1.035329e-02  1.641638e-02
    endloop
  endfacet
  facet normal -1.611222e-01 -7.058924e-01  6.897504e-01
    outer loop
      vertex  -5.297633e-03  1.035329e-02  1.641638e-02
      vertex  -5.236212e-03  1.015329e-02  1.622605e-02
      vertex  -2.494077e-03  1.015329e-02  1.686660e-02
    endloop
  endfacet
  facet normal -1.611218e-01 -7.058961e-01  6.897466e-01
    outer loop
      vertex  -5.297633e-03  1.035329e-02  1.641638e-02
      vertex  -2.494077e-03  1.015329e-02  1.686660e-02
      vertex  -2.523333e-03  1.035329e-02  1.706444e-02
    endloop
  endfacet
  facet normal -4.539567e-02 -7.058962e-01  7.068592e-01
    outer loop
      vertex  -2.523333e-03  1.035329e-02  1.706444e-02
      vertex  -2.494077e-03  1.015329e-02  1.686660e-02
      vertex   3.160893e-04  1.015329e-02  1.704707e-02
    endloop
  endfacet
  facet normal -4.539553e-02 -7.058944e-01  7.068610e-01
    outer loop
      vertex  -2.523333e-03  1.035329e-02  1.706444e-02
      vertex   3.160893e-04  1.015329e-02  1.704707e-02
      vertex   3.197969e-04  1.035329e-02  1.724703e-02
    endloop
  endfacet
  facet normal  7.156895e-02 -7.058943e-01  7.046922e-01
    outer loop
      vertex   3.197969e-04  1.035329e-02  1.724703e-02
      vertex   3.160893e-04  1.015329e-02  1.704707e-02
      vertex   3.117634e-03  1.015329e-02  1.676254e-02
    endloop
  endfacet
  facet normal  7.156827e-02 -7.058972e-01  7.046894e-01
    outer loop
      vertex   3.197969e-04  1.035329e-02  1.724703e-02
      vertex   3.117634e-03  1.015329e-02  1.676254e-02
      vertex   3.154204e-03  1.035329e-02  1.695917e-02
    endloop
  endfacet
  facet normal  1.865806e-01 -7.058972e-01  6.832986e-01
    outer loop
      vertex   3.154204e-03  1.035329e-02  1.695917e-02
      vertex   3.117634e-03  1.015329e-02  1.676254e-02
      vertex   5.834138e-03  1.015329e-02  1.602078e-02
    endloop
  endfacet
  facet normal  1.865816e-01 -7.058946e-01  6.833008e-01
    outer loop
      vertex   3.154204e-03  1.035329e-02  1.695917e-02
      vertex   5.834138e-03  1.015329e-02  1.602078e-02
      vertex   5.902573e-03  1.035329e-02  1.620870e-02
    endloop
  endfacet
  facet normal  2.965043e-01 -7.058946e-01  6.432714e-01
    outer loop
      vertex   5.902573e-03  1.035329e-02  1.620870e-02
      vertex   5.834138e-03  1.015329e-02  1.602078e-02
      vertex   8.391500e-03  1.015329e-02  1.484201e-02
    endloop
  endfacet
  facet normal  2.965025e-01 -7.058979e-01  6.432685e-01
    outer loop
      vertex   5.902573e-03  1.035329e-02  1.620870e-02
      vertex   8.391500e-03  1.015329e-02  1.484201e-02
      vertex   8.489935e-03  1.035329e-02  1.501611e-02
    endloop
  endfacet
  facet normal  3.983373e-01 -7.058980e-01  5.856922e-01
    outer loop
      vertex   8.489935e-03  1.035329e-02  1.501611e-02
      vertex   8.391500e-03  1.015329e-02  1.484201e-02
      vertex   1.071997e-02  1.015329e-02  1.325839e-02
    endloop
  endfacet
  facet normal  3.983386e-01 -7.058961e-01  5.856937e-01
    outer loop
      vertex   8.489935e-03  1.035329e-02  1.501611e-02
      vertex   1.071997e-02  1.015329e-02  1.325839e-02
      vertex   1.084571e-02  1.035329e-02  1.341391e-02
    endloop
  endfacet
  facet normal  4.893076e-01 -7.058962e-01  5.121413e-01
    outer loop
      vertex   1.084571e-02  1.035329e-02  1.341391e-02
      vertex   1.071997e-02  1.015329e-02  1.325839e-02
      vertex   1.275602e-02  1.015329e-02  1.131311e-02
    endloop
  endfacet
  facet normal  4.893060e-01 -7.058982e-01  5.121400e-01
    outer loop
      vertex   1.084571e-02  1.035329e-02  1.341391e-02
      vertex   1.275602e-02  1.015329e-02  1.131311e-02
      vertex   1.290565e-02  1.035329e-02  1.144582e-02
    endloop
  endfacet
  facet normal  5.669283e-01 -7.058980e-01  4.246179e-01
    outer loop
      vertex   1.290565e-02  1.035329e-02  1.144582e-02
      vertex   1.275602e-02  1.015329e-02  1.131311e-02
      vertex   1.444412e-02  1.015329e-02  9.059244e-03
    endloop
  endfacet
  facet normal  5.669293e-01 -7.058969e-01  4.246184e-01
    outer loop
      vertex   1.290565e-02  1.035329e-02  1.144582e-02
      vertex   1.444412e-02  1.015329e-02  9.059244e-03
      vertex   1.461355e-02  1.035329e-02  9.165511e-03
    endloop
  endfacet
  facet normal  6.290868e-01 -7.058970e-01  3.255137e-01
    outer loop
      vertex   1.461355e-02  1.035329e-02  9.165511e-03
      vertex   1.444412e-02  1.015329e-02  9.059244e-03
      vertex   1.573822e-02  1.015329e-02  6.558264e-03
    endloop
  endfacet
  facet normal -3.869021e-01  8.491197e-01  3.595865e-01
    outer loop
      vertex   2.121578e-03  1.413741e-02  9.260049e-03
      vertex   3.027401e-03  1.475329e-02  8.780353e-03
      vertex   2.666195e-03  1.475329e-02  8.391708e-03
    endloop
  endfacet
  facet normal -5.148603e-01  8.491198e-01  1.179601e-01
    outer loop
      vertex   3.145892e-03  1.475329e-02  9.297531e-03
      vertex   3.027401e-03  1.475329e-02  8.780353e-03
      vertex   2.121578e-03  1.413741e-02  9.260049e-03
    endloop
  endfacet
  facet normal -5.048620e-01  8.491198e-01 -1.552734e-01
    outer loop
      vertex   2.989919e-03  1.475329e-02  9.804667e-03
      vertex   3.145892e-03  1.475329e-02  9.297531e-03
      vertex   2.121578e-03  1.413741e-02  9.260049e-03
    endloop
  endfacet
  facet normal  5.148602e-01  8.491198e-01 -1.179601e-01
    outer loop
      vertex   2.121578e-03  1.413741e-02  9.260049e-03
      vertex   1.097263e-03  1.475329e-02  9.222568e-03
      vertex   1.215755e-03  1.475329e-02  9.739746e-03
    endloop
  endfacet
  facet normal  5.048622e-01  8.491197e-01  1.552738e-01
    outer loop
      vertex   1.253237e-03  1.475329e-02  8.715432e-03
      vertex   1.097263e-03  1.475329e-02  9.222568e-03
      vertex   2.121578e-03  1.413741e-02  9.260049e-03
    endloop
  endfacet
  facet normal -1.179600e-01  8.491200e-01 -5.148599e-01
    outer loop
      vertex   2.121578e-03  1.413741e-02  9.260049e-03
      vertex   2.084096e-03  1.475329e-02  1.028436e-02
      vertex   2.601275e-03  1.475329e-02  1.016587e-02
    endloop
  endfacet
  facet normal  1.552738e-01  8.491199e-01 -5.048618e-01
    outer loop
      vertex   1.576960e-03  1.475329e-02  1.012839e-02
      vertex   2.084096e-03  1.475329e-02  1.028436e-02
      vertex   2.121578e-03  1.413741e-02  9.260049e-03
    endloop
  endfacet
  facet normal  3.869022e-01  8.491199e-01 -3.595862e-01
    outer loop
      vertex   1.215755e-03  1.475329e-02  9.739746e-03
      vertex   1.576960e-03  1.475329e-02  1.012839e-02
      vertex   2.121578e-03  1.413741e-02  9.260049e-03
    endloop
  endfacet
  facet normal -3.595863e-01  8.491199e-01 -3.869019e-01
    outer loop
      vertex   2.601275e-03  1.475329e-02  1.016587e-02
      vertex   2.989919e-03  1.475329e-02  9.804667e-03
      vertex   2.121578e-03  1.413741e-02  9.260049e-03
    endloop
  endfacet
  facet normal -7.693848e-02  8.557153e-01  5.116950e-01
    outer loop
      vertex   2.271443e-03  1.448516e-02  8.701030e-03
      vertex   2.139870e-03  1.443798e-02  8.760150e-03
      vertex   2.121578e-03  1.413741e-02  9.260049e-03
    endloop
  endfacet
  facet normal  2.903688e-01  8.558097e-01  4.281072e-01
    outer loop
      vertex   2.121578e-03  1.413741e-02  9.260049e-03
      vertex   1.887470e-03  1.443798e-02  8.817977e-03
      vertex   1.749114e-03  1.448277e-02  8.822268e-03
    endloop
  endfacet
  facet normal  3.747715e-01  8.558925e-01  3.563627e-01
    outer loop
      vertex   1.498060e-03  1.460968e-02  8.781504e-03
      vertex   2.121578e-03  1.413741e-02  9.260049e-03
      vertex   1.749114e-03  1.448277e-02  8.822268e-03
    endloop
  endfacet
  facet normal  1.179602e-01  8.491194e-01  5.148609e-01
    outer loop
      vertex   2.139870e-03  1.443798e-02  8.760150e-03
      vertex   1.887470e-03  1.443798e-02  8.817977e-03
      vertex   2.121578e-03  1.413741e-02  9.260049e-03
    endloop
  endfacet
  facet normal  4.285693e-01  8.591936e-01  2.794901e-01
    outer loop
      vertex   1.273062e-03  1.475329e-02  8.685032e-03
      vertex   1.253237e-03  1.475329e-02  8.715432e-03
      vertex   1.498060e-03  1.460968e-02  8.781504e-03
    endloop
  endfacet
  facet normal  4.232661e-01  8.569137e-01  2.941849e-01
    outer loop
      vertex   1.498060e-03  1.460968e-02  8.781504e-03
      vertex   1.253237e-03  1.475329e-02  8.715432e-03
      vertex   2.121578e-03  1.413741e-02  9.260049e-03
    endloop
  endfacet
  facet normal -2.641404e-01  8.591891e-01  4.382055e-01
    outer loop
      vertex   2.666195e-03  1.475329e-02  8.391708e-03
      vertex   2.635112e-03  1.475329e-02  8.372972e-03
      vertex   2.474799e-03  1.460986e-02  8.557559e-03
    endloop
  endfacet
  facet normal -1.840253e-01  8.559790e-01  4.831507e-01
    outer loop
      vertex   2.474799e-03  1.460986e-02  8.557559e-03
      vertex   2.271443e-03  1.448516e-02  8.701030e-03
      vertex   2.121578e-03  1.413741e-02  9.260049e-03
    endloop
  endfacet
  facet normal -2.529942e-01  8.569143e-01  4.491011e-01
    outer loop
      vertex   2.666195e-03  1.475329e-02  8.391708e-03
      vertex   2.474799e-03  1.460986e-02  8.557559e-03
      vertex   2.121578e-03  1.413741e-02  9.260049e-03
    endloop
  endfacet
  facet normal -5.162438e-01  0.000000e+00  8.564417e-01
    outer loop
      vertex   2.635112e-03  1.655329e-02  8.372972e-03
      vertex   2.635112e-03  1.475329e-02  8.372972e-03
      vertex   2.666195e-03  1.475329e-02  8.391708e-03
    endloop
  endfacet
  facet normal -2.939663e-01  0.000000e+00  9.558157e-01
    outer loop
      vertex   2.159059e-03  2.115329e-02  8.235736e-03
      vertex   2.159059e-03  1.682380e-02  8.235736e-03
      vertex   2.666195e-03  2.115329e-02  8.391708e-03
    endloop
  endfacet
  facet normal -1.680379e-01 -1.582559e-02  9.856535e-01
    outer loop
      vertex   2.666195e-03  2.115329e-02  8.391708e-03
      vertex   2.159059e-03  1.682380e-02  8.235736e-03
      vertex   2.410113e-03  1.669690e-02  8.276499e-03
    endloop
  endfacet
  facet normal  4.098269e-01  9.103284e-05  9.121633e-01
    outer loop
      vertex   1.641881e-03  2.115329e-02  8.354226e-03
      vertex   1.636730e-03  1.682142e-02  8.356973e-03
      vertex   1.768303e-03  1.686860e-02  8.297853e-03
    endloop
  endfacet
  facet normal  2.233185e-01 -6.235145e-03  9.747255e-01
    outer loop
      vertex   1.641881e-03  2.115329e-02  8.354226e-03
      vertex   1.768303e-03  1.686860e-02  8.297853e-03
      vertex   2.159059e-03  2.115329e-02  8.235736e-03
    endloop
  endfacet
  facet normal  2.233200e-01 -6.235279e-03  9.747252e-01
    outer loop
      vertex   2.159059e-03  2.115329e-02  8.235736e-03
      vertex   1.768303e-03  1.686860e-02  8.297853e-03
      vertex   2.020704e-03  1.686860e-02  8.240025e-03
    endloop
  endfacet
  facet normal  3.098989e-02  0.000000e+00  9.995197e-01
    outer loop
      vertex   2.159059e-03  2.115329e-02  8.235736e-03
      vertex   2.020704e-03  1.686860e-02  8.240025e-03
      vertex   2.159059e-03  1.682380e-02  8.235736e-03
    endloop
  endfacet
  facet normal  5.765546e-01 -1.675076e-04  8.170585e-01
    outer loop
      vertex   1.636730e-03  1.682142e-02  8.356973e-03
      vertex   1.641881e-03  2.115329e-02  8.354226e-03
      vertex   1.433374e-03  1.669672e-02  8.500445e-03
    endloop
  endfacet
  facet normal  6.807562e-01 -7.818095e-03  7.324684e-01
    outer loop
      vertex   1.433374e-03  1.669672e-02  8.500445e-03
      vertex   1.641881e-03  2.115329e-02  8.354226e-03
      vertex   1.253237e-03  2.115329e-02  8.715432e-03
    endloop
  endfacet
  facet normal  7.554206e-01 -1.074544e-03  6.552394e-01
    outer loop
      vertex   1.433374e-03  1.669672e-02  8.500445e-03
      vertex   1.253237e-03  2.115329e-02  8.715432e-03
      vertex   1.273062e-03  1.655329e-02  8.685032e-03
    endloop
  endfacet
  facet normal  8.376210e-01 -0.000000e+00  5.462518e-01
    outer loop
      vertex   1.273062e-03  1.475329e-02  8.685032e-03
      vertex   1.273062e-03  1.655329e-02  8.685032e-03
      vertex   1.253237e-03  1.475329e-02  8.715432e-03
    endloop
  endfacet
  facet normal  8.376210e-01 -0.000000e+00  5.462518e-01
    outer loop
      vertex   1.253237e-03  1.475329e-02  8.715432e-03
      vertex   1.273062e-03  1.655329e-02  8.685032e-03
      vertex   1.253237e-03  2.115329e-02  8.715432e-03
    endloop
  endfacet
  facet normal  9.558154e-01 -0.000000e+00  2.939676e-01
    outer loop
      vertex   1.253237e-03  1.475329e-02  8.715432e-03
      vertex   1.253237e-03  2.115329e-02  8.715432e-03
      vertex   1.097263e-03  1.475329e-02  9.222568e-03
    endloop
  endfacet
  facet normal  9.558154e-01 -0.000000e+00  2.939676e-01
    outer loop
      vertex   1.097263e-03  1.475329e-02  9.222568e-03
      vertex   1.253237e-03  2.115329e-02  8.715432e-03
      vertex   1.097263e-03  2.115329e-02  9.222568e-03
    endloop
  endfacet
  facet normal  9.747442e-01  0.000000e+00 -2.233246e-01
    outer loop
      vertex   1.097263e-03  1.475329e-02  9.222568e-03
      vertex   1.097263e-03  2.115329e-02  9.222568e-03
      vertex   1.215755e-03  1.475329e-02  9.739746e-03
    endloop
  endfacet
  facet normal  9.747442e-01  0.000000e+00 -2.233246e-01
    outer loop
      vertex   1.215755e-03  1.475329e-02  9.739746e-03
      vertex   1.097263e-03  2.115329e-02  9.222568e-03
      vertex   1.215755e-03  2.115329e-02  9.739746e-03
    endloop
  endfacet
  facet normal  7.324914e-01  0.000000e+00 -6.807762e-01
    outer loop
      vertex   1.215755e-03  1.475329e-02  9.739746e-03
      vertex   1.215755e-03  2.115329e-02  9.739746e-03
      vertex   1.576960e-03  1.475329e-02  1.012839e-02
    endloop
  endfacet
  facet normal  7.324914e-01  0.000000e+00 -6.807762e-01
    outer loop
      vertex   1.576960e-03  1.475329e-02  1.012839e-02
      vertex   1.215755e-03  2.115329e-02  9.739746e-03
      vertex   1.576960e-03  2.115329e-02  1.012839e-02
    endloop
  endfacet
  facet normal  2.939678e-01  0.000000e+00 -9.558153e-01
    outer loop
      vertex   1.576960e-03  1.475329e-02  1.012839e-02
      vertex   1.576960e-03  2.115329e-02  1.012839e-02
      vertex   2.084096e-03  1.475329e-02  1.028436e-02
    endloop
  endfacet
  facet normal  2.939678e-01  0.000000e+00 -9.558153e-01
    outer loop
      vertex   2.084096e-03  1.475329e-02  1.028436e-02
      vertex   1.576960e-03  2.115329e-02  1.012839e-02
      vertex   2.084096e-03  2.115329e-02  1.028436e-02
    endloop
  endfacet
  facet normal -2.233245e-01  0.000000e+00 -9.747442e-01
    outer loop
      vertex   2.084096e-03  1.475329e-02  1.028436e-02
      vertex   2.084096e-03  2.115329e-02  1.028436e-02
      vertex   2.601275e-03  1.475329e-02  1.016587e-02
    endloop
  endfacet
  facet normal -2.233245e-01  0.000000e+00 -9.747442e-01
    outer loop
      vertex   2.601275e-03  1.475329e-02  1.016587e-02
      vertex   2.084096e-03  2.115329e-02  1.028436e-02
      vertex   2.601275e-03  2.115329e-02  1.016587e-02
    endloop
  endfacet
  facet normal -6.807766e-01  0.000000e+00 -7.324911e-01
    outer loop
      vertex   2.601275e-03  1.475329e-02  1.016587e-02
      vertex   2.601275e-03  2.115329e-02  1.016587e-02
      vertex   2.989919e-03  1.475329e-02  9.804667e-03
    endloop
  endfacet
  facet normal -6.807766e-01  0.000000e+00 -7.324911e-01
    outer loop
      vertex   2.989919e-03  1.475329e-02  9.804667e-03
      vertex   2.601275e-03  2.115329e-02  1.016587e-02
      vertex   2.989919e-03  2.115329e-02  9.804667e-03
    endloop
  endfacet
  facet normal -9.558156e-01  0.000000e+00 -2.939670e-01
    outer loop
      vertex   2.989919e-03  1.475329e-02  9.804667e-03
      vertex   2.989919e-03  2.115329e-02  9.804667e-03
      vertex   3.145892e-03  1.475329e-02  9.297531e-03
    endloop
  endfacet
  facet normal -9.558156e-01  0.000000e+00 -2.939670e-01
    outer loop
      vertex   3.145892e-03  1.475329e-02  9.297531e-03
      vertex   2.989919e-03  2.115329e-02  9.804667e-03
      vertex   3.145892e-03  2.115329e-02  9.297531e-03
    endloop
  endfacet
  facet normal -9.747442e-01  0.000000e+00  2.233246e-01
    outer loop
      vertex   3.145892e-03  1.475329e-02  9.297531e-03
      vertex   3.145892e-03  2.115329e-02  9.297531e-03
      vertex   3.027401e-03  1.475329e-02  8.780353e-03
    endloop
  endfacet
  facet normal -9.747442e-01  0.000000e+00  2.233246e-01
    outer loop
      vertex   3.027401e-03  1.475329e-02  8.780353e-03
      vertex   3.145892e-03  2.115329e-02  9.297531e-03
      vertex   3.027401e-03  2.115329e-02  8.780353e-03
    endloop
  endfacet
  facet normal -7.324911e-01  0.000000e+00  6.807766e-01
    outer loop
      vertex   3.027401e-03  1.475329e-02  8.780353e-03
      vertex   3.027401e-03  2.115329e-02  8.780353e-03
      vertex   2.666195e-03  1.475329e-02  8.391708e-03
    endloop
  endfacet
  facet normal -7.324911e-01  0.000000e+00  6.807766e-01
    outer loop
      vertex   2.666195e-03  1.475329e-02  8.391708e-03
      vertex   3.027401e-03  2.115329e-02  8.780353e-03
      vertex   2.666195e-03  2.115329e-02  8.391708e-03
    endloop
  endfacet
  facet normal -5.162438e-01  0.000000e+00  8.564417e-01
    outer loop
      vertex   2.666195e-03  1.475329e-02  8.391708e-03
      vertex   2.666195e-03  2.115329e-02  8.391708e-03
      vertex   2.635112e-03  1.655329e-02  8.372972e-03
    endloop
  endfacet
  facet normal -3.946543e-01 -1.075722e-03  9.188291e-01
    outer loop
      vertex   2.635112e-03  1.655329e-02  8.372972e-03
      vertex   2.666195e-03  2.115329e-02  8.391708e-03
      vertex   2.410113e-03  1.669690e-02  8.276499e-03
    endloop
  endfacet
  facet normal -3.869019e-01  8.491199e-01  3.595863e-01
    outer loop
      vertex   9.260049e-03  1.413741e-02 -2.121578e-03
      vertex   1.016587e-02  1.475329e-02 -2.601275e-03
      vertex   9.804667e-03  1.475329e-02 -2.989919e-03
    endloop
  endfacet
  facet normal -5.148599e-01  8.491200e-01  1.179600e-01
    outer loop
      vertex   1.028436e-02  1.475329e-02 -2.084096e-03
      vertex   1.016587e-02  1.475329e-02 -2.601275e-03
      vertex   9.260049e-03  1.413741e-02 -2.121578e-03
    endloop
  endfacet
  facet normal -5.048618e-01  8.491199e-01 -1.552738e-01
    outer loop
      vertex   1.012839e-02  1.475329e-02 -1.576960e-03
      vertex   1.028436e-02  1.475329e-02 -2.084096e-03
      vertex   9.260049e-03  1.413741e-02 -2.121578e-03
    endloop
  endfacet
  facet normal  3.595865e-01  8.491197e-01  3.869021e-01
    outer loop
      vertex   9.260049e-03  1.413741e-02 -2.121578e-03
      vertex   8.780353e-03  1.475329e-02 -3.027401e-03
      vertex   8.391708e-03  1.475329e-02 -2.666195e-03
    endloop
  endfacet
  facet normal  1.179601e-01  8.491198e-01  5.148603e-01
    outer loop
      vertex   9.297531e-03  1.475329e-02 -3.145892e-03
      vertex   8.780353e-03  1.475329e-02 -3.027401e-03
      vertex   9.260049e-03  1.413741e-02 -2.121578e-03
    endloop
  endfacet
  facet normal -1.552734e-01  8.491198e-01  5.048620e-01
    outer loop
      vertex   9.804667e-03  1.475329e-02 -2.989919e-03
      vertex   9.297531e-03  1.475329e-02 -3.145892e-03
      vertex   9.260049e-03  1.413741e-02 -2.121578e-03
    endloop
  endfacet
  facet normal -1.179601e-01  8.491198e-01 -5.148602e-01
    outer loop
      vertex   9.260049e-03  1.413741e-02 -2.121578e-03
      vertex   9.222568e-03  1.475329e-02 -1.097263e-03
      vertex   9.739746e-03  1.475329e-02 -1.215755e-03
    endloop
  endfacet
  facet normal  1.552738e-01  8.491197e-01 -5.048622e-01
    outer loop
      vertex   8.715432e-03  1.475329e-02 -1.253237e-03
      vertex   9.222568e-03  1.475329e-02 -1.097263e-03
      vertex   9.260049e-03  1.413741e-02 -2.121578e-03
    endloop
  endfacet
  facet normal -3.595862e-01  8.491199e-01 -3.869022e-01
    outer loop
      vertex   9.739746e-03  1.475329e-02 -1.215755e-03
      vertex   1.012839e-02  1.475329e-02 -1.576960e-03
      vertex   9.260049e-03  1.413741e-02 -2.121578e-03
    endloop
  endfacet
  facet normal  5.116950e-01  8.557153e-01  7.693848e-02
    outer loop
      vertex   8.701030e-03  1.448516e-02 -2.271443e-03
      vertex   8.760150e-03  1.443798e-02 -2.139870e-03
      vertex   9.260049e-03  1.413741e-02 -2.121578e-03
    endloop
  endfacet
  facet normal  4.281072e-01  8.558097e-01 -2.903688e-01
    outer loop
      vertex   9.260049e-03  1.413741e-02 -2.121578e-03
      vertex   8.817977e-03  1.443798e-02 -1.887470e-03
      vertex   8.822268e-03  1.448277e-02 -1.749114e-03
    endloop
  endfacet
  facet normal  3.563627e-01  8.558925e-01 -3.747715e-01
    outer loop
      vertex   8.781504e-03  1.460968e-02 -1.498060e-03
      vertex   9.260049e-03  1.413741e-02 -2.121578e-03
      vertex   8.822268e-03  1.448277e-02 -1.749114e-03
    endloop
  endfacet
  facet normal  5.148609e-01  8.491194e-01 -1.179602e-01
    outer loop
      vertex   8.760150e-03  1.443798e-02 -2.139870e-03
      vertex   8.817977e-03  1.443798e-02 -1.887470e-03
      vertex   9.260049e-03  1.413741e-02 -2.121578e-03
    endloop
  endfacet
  facet normal  2.794901e-01  8.591936e-01 -4.285693e-01
    outer loop
      vertex   8.685032e-03  1.475329e-02 -1.273062e-03
      vertex   8.715432e-03  1.475329e-02 -1.253237e-03
      vertex   8.781504e-03  1.460968e-02 -1.498060e-03
    endloop
  endfacet
  facet normal  2.941849e-01  8.569137e-01 -4.232661e-01
    outer loop
      vertex   8.781504e-03  1.460968e-02 -1.498060e-03
      vertex   8.715432e-03  1.475329e-02 -1.253237e-03
      vertex   9.260049e-03  1.413741e-02 -2.121578e-03
    endloop
  endfacet
  facet normal  4.382055e-01  8.591891e-01  2.641404e-01
    outer loop
      vertex   8.391708e-03  1.475329e-02 -2.666195e-03
      vertex   8.372972e-03  1.475329e-02 -2.635112e-03
      vertex   8.557559e-03  1.460986e-02 -2.474799e-03
    endloop
  endfacet
  facet normal  4.831507e-01  8.559790e-01  1.840253e-01
    outer loop
      vertex   8.557559e-03  1.460986e-02 -2.474799e-03
      vertex   8.701030e-03  1.448516e-02 -2.271443e-03
      vertex   9.260049e-03  1.413741e-02 -2.121578e-03
    endloop
  endfacet
  facet normal  4.491011e-01  8.569143e-01  2.529942e-01
    outer loop
      vertex   8.391708e-03  1.475329e-02 -2.666195e-03
      vertex   8.557559e-03  1.460986e-02 -2.474799e-03
      vertex   9.260049e-03  1.413741e-02 -2.121578e-03
    endloop
  endfacet
  facet normal  8.564417e-01  0.000000e+00  5.162438e-01
    outer loop
      vertex   8.372972e-03  1.655329e-02 -2.635112e-03
      vertex   8.372972e-03  1.475329e-02 -2.635112e-03
      vertex   8.391708e-03  1.475329e-02 -2.666195e-03
    endloop
  endfacet
  facet normal  9.558157e-01  0.000000e+00  2.939663e-01
    outer loop
      vertex   8.235736e-03  2.115329e-02 -2.159059e-03
      vertex   8.235736e-03  1.682380e-02 -2.159059e-03
      vertex   8.391708e-03  2.115329e-02 -2.666195e-03
    endloop
  endfacet
  facet normal  9.856535e-01 -1.582559e-02  1.680379e-01
    outer loop
      vertex   8.391708e-03  2.115329e-02 -2.666195e-03
      vertex   8.235736e-03  1.682380e-02 -2.159059e-03
      vertex   8.276499e-03  1.669690e-02 -2.410113e-03
    endloop
  endfacet
  facet normal  9.121633e-01  9.103284e-05 -4.098269e-01
    outer loop
      vertex   8.354226e-03  2.115329e-02 -1.641881e-03
      vertex   8.356973e-03  1.682142e-02 -1.636730e-03
      vertex   8.297853e-03  1.686860e-02 -1.768303e-03
    endloop
  endfacet
  facet normal  9.747255e-01 -6.235145e-03 -2.233185e-01
    outer loop
      vertex   8.354226e-03  2.115329e-02 -1.641881e-03
      vertex   8.297853e-03  1.686860e-02 -1.768303e-03
      vertex   8.235736e-03  2.115329e-02 -2.159059e-03
    endloop
  endfacet
  facet normal  9.747252e-01 -6.235279e-03 -2.233200e-01
    outer loop
      vertex   8.235736e-03  2.115329e-02 -2.159059e-03
      vertex   8.297853e-03  1.686860e-02 -1.768303e-03
      vertex   8.240025e-03  1.686860e-02 -2.020704e-03
    endloop
  endfacet
  facet normal  9.995197e-01  0.000000e+00 -3.098989e-02
    outer loop
      vertex   8.235736e-03  2.115329e-02 -2.159059e-03
      vertex   8.240025e-03  1.686860e-02 -2.020704e-03
      vertex   8.235736e-03  1.682380e-02 -2.159059e-03
    endloop
  endfacet
  facet normal  8.170585e-01 -1.675076e-04 -5.765546e-01
    outer loop
      vertex   8.356973e-03  1.682142e-02 -1.636730e-03
      vertex   8.354226e-03  2.115329e-02 -1.641881e-03
      vertex   8.500445e-03  1.669672e-02 -1.433374e-03
    endloop
  endfacet
  facet normal  7.324684e-01 -7.818095e-03 -6.807562e-01
    outer loop
      vertex   8.500445e-03  1.669672e-02 -1.433374e-03
      vertex   8.354226e-03  2.115329e-02 -1.641881e-03
      vertex   8.715432e-03  2.115329e-02 -1.253237e-03
    endloop
  endfacet
  facet normal  6.552394e-01 -1.074544e-03 -7.554206e-01
    outer loop
      vertex   8.500445e-03  1.669672e-02 -1.433374e-03
      vertex   8.715432e-03  2.115329e-02 -1.253237e-03
      vertex   8.685032e-03  1.655329e-02 -1.273062e-03
    endloop
  endfacet
  facet normal  5.462518e-01  0.000000e+00 -8.376210e-01
    outer loop
      vertex   8.685032e-03  1.475329e-02 -1.273062e-03
      vertex   8.685032e-03  1.655329e-02 -1.273062e-03
      vertex   8.715432e-03  1.475329e-02 -1.253237e-03
    endloop
  endfacet
  facet normal  5.462518e-01  0.000000e+00 -8.376210e-01
    outer loop
      vertex   8.715432e-03  1.475329e-02 -1.253237e-03
      vertex   8.685032e-03  1.655329e-02 -1.273062e-03
      vertex   8.715432e-03  2.115329e-02 -1.253237e-03
    endloop
  endfacet
  facet normal  2.939676e-01  0.000000e+00 -9.558154e-01
    outer loop
      vertex   8.715432e-03  1.475329e-02 -1.253237e-03
      vertex   8.715432e-03  2.115329e-02 -1.253237e-03
      vertex   9.222568e-03  1.475329e-02 -1.097263e-03
    endloop
  endfacet
  facet normal  2.939676e-01  0.000000e+00 -9.558154e-01
    outer loop
      vertex   9.222568e-03  1.475329e-02 -1.097263e-03
      vertex   8.715432e-03  2.115329e-02 -1.253237e-03
      vertex   9.222568e-03  2.115329e-02 -1.097263e-03
    endloop
  endfacet
  facet normal -2.233246e-01  0.000000e+00 -9.747442e-01
    outer loop
      vertex   9.222568e-03  1.475329e-02 -1.097263e-03
      vertex   9.222568e-03  2.115329e-02 -1.097263e-03
      vertex   9.739746e-03  1.475329e-02 -1.215755e-03
    endloop
  endfacet
  facet normal -2.233246e-01  0.000000e+00 -9.747442e-01
    outer loop
      vertex   9.739746e-03  1.475329e-02 -1.215755e-03
      vertex   9.222568e-03  2.115329e-02 -1.097263e-03
      vertex   9.739746e-03  2.115329e-02 -1.215755e-03
    endloop
  endfacet
  facet normal -6.807762e-01  0.000000e+00 -7.324914e-01
    outer loop
      vertex   9.739746e-03  1.475329e-02 -1.215755e-03
      vertex   9.739746e-03  2.115329e-02 -1.215755e-03
      vertex   1.012839e-02  1.475329e-02 -1.576960e-03
    endloop
  endfacet
  facet normal -6.807762e-01  0.000000e+00 -7.324914e-01
    outer loop
      vertex   1.012839e-02  1.475329e-02 -1.576960e-03
      vertex   9.739746e-03  2.115329e-02 -1.215755e-03
      vertex   1.012839e-02  2.115329e-02 -1.576960e-03
    endloop
  endfacet
  facet normal -9.558153e-01  0.000000e+00 -2.939678e-01
    outer loop
      vertex   1.012839e-02  1.475329e-02 -1.576960e-03
      vertex   1.012839e-02  2.115329e-02 -1.576960e-03
      vertex   1.028436e-02  1.475329e-02 -2.084096e-03
    endloop
  endfacet
  facet normal -9.558153e-01  0.000000e+00 -2.939678e-01
    outer loop
      vertex   1.028436e-02  1.475329e-02 -2.084096e-03
      vertex   1.012839e-02  2.115329e-02 -1.576960e-03
      vertex   1.028436e-02  2.115329e-02 -2.084096e-03
    endloop
  endfacet
  facet normal -9.747442e-01  0.000000e+00  2.233245e-01
    outer loop
      vertex   1.028436e-02  1.475329e-02 -2.084096e-03
      vertex   1.028436e-02  2.115329e-02 -2.084096e-03
      vertex   1.016587e-02  1.475329e-02 -2.601275e-03
    endloop
  endfacet
  facet normal -9.747442e-01  0.000000e+00  2.233245e-01
    outer loop
      vertex   1.016587e-02  1.475329e-02 -2.601275e-03
      vertex   1.028436e-02  2.115329e-02 -2.084096e-03
      vertex   1.016587e-02  2.115329e-02 -2.601275e-03
    endloop
  endfacet
  facet normal -7.324911e-01  0.000000e+00  6.807766e-01
    outer loop
      vertex   1.016587e-02  1.475329e-02 -2.601275e-03
      vertex   1.016587e-02  2.115329e-02 -2.601275e-03
      vertex   9.804667e-03  1.475329e-02 -2.989919e-03
    endloop
  endfacet
  facet normal -7.324911e-01  0.000000e+00  6.807766e-01
    outer loop
      vertex   9.804667e-03  1.475329e-02 -2.989919e-03
      vertex   1.016587e-02  2.115329e-02 -2.601275e-03
      vertex   9.804667e-03  2.115329e-02 -2.989919e-03
    endloop
  endfacet
  facet normal -2.939670e-01  0.000000e+00  9.558156e-01
    outer loop
      vertex   9.804667e-03  1.475329e-02 -2.989919e-03
      vertex   9.804667e-03  2.115329e-02 -2.989919e-03
      vertex   9.297531e-03  1.475329e-02 -3.145892e-03
    endloop
  endfacet
  facet normal -2.939670e-01  0.000000e+00  9.558156e-01
    outer loop
      vertex   9.297531e-03  1.475329e-02 -3.145892e-03
      vertex   9.804667e-03  2.115329e-02 -2.989919e-03
      vertex   9.297531e-03  2.115329e-02 -3.145892e-03
    endloop
  endfacet
  facet normal  2.233246e-01 -0.000000e+00  9.747442e-01
    outer loop
      vertex   9.297531e-03  1.475329e-02 -3.145892e-03
      vertex   9.297531e-03  2.115329e-02 -3.145892e-03
      vertex   8.780353e-03  1.475329e-02 -3.027401e-03
    endloop
  endfacet
  facet normal  2.233246e-01 -0.000000e+00  9.747442e-01
    outer loop
      vertex   8.780353e-03  1.475329e-02 -3.027401e-03
      vertex   9.297531e-03  2.115329e-02 -3.145892e-03
      vertex   8.780353e-03  2.115329e-02 -3.027401e-03
    endloop
  endfacet
  facet normal  6.807766e-01 -0.000000e+00  7.324911e-01
    outer loop
      vertex   8.780353e-03  1.475329e-02 -3.027401e-03
      vertex   8.780353e-03  2.115329e-02 -3.027401e-03
      vertex   8.391708e-03  1.475329e-02 -2.666195e-03
    endloop
  endfacet
  facet normal  6.807766e-01 -0.000000e+00  7.324911e-01
    outer loop
      vertex   8.391708e-03  1.475329e-02 -2.666195e-03
      vertex   8.780353e-03  2.115329e-02 -3.027401e-03
      vertex   8.391708e-03  2.115329e-02 -2.666195e-03
    endloop
  endfacet
  facet normal  8.564417e-01 -0.000000e+00  5.162438e-01
    outer loop
      vertex   8.391708e-03  1.475329e-02 -2.666195e-03
      vertex   8.391708e-03  2.115329e-02 -2.666195e-03
      vertex   8.372972e-03  1.655329e-02 -2.635112e-03
    endloop
  endfacet
  facet normal  9.188291e-01 -1.075722e-03  3.946543e-01
    outer loop
      vertex   8.372972e-03  1.655329e-02 -2.635112e-03
      vertex   8.391708e-03  2.115329e-02 -2.666195e-03
      vertex   8.276499e-03  1.669690e-02 -2.410113e-03
    endloop
  endfacet
  facet normal -3.869021e-01  8.491199e-01  3.595862e-01
    outer loop
      vertex  -2.121578e-03  1.413741e-02 -9.260049e-03
      vertex  -1.215755e-03  1.475329e-02 -9.739746e-03
      vertex  -1.576960e-03  1.475329e-02 -1.012839e-02
    endloop
  endfacet
  facet normal -5.148602e-01  8.491198e-01  1.179601e-01
    outer loop
      vertex  -1.097263e-03  1.475329e-02 -9.222568e-03
      vertex  -1.215755e-03  1.475329e-02 -9.739746e-03
      vertex  -2.121578e-03  1.413741e-02 -9.260049e-03
    endloop
  endfacet
  facet normal -5.048622e-01  8.491197e-01 -1.552738e-01
    outer loop
      vertex  -1.253237e-03  1.475329e-02 -8.715432e-03
      vertex  -1.097263e-03  1.475329e-02 -9.222568e-03
      vertex  -2.121578e-03  1.413741e-02 -9.260049e-03
    endloop
  endfacet
  facet normal  3.595863e-01  8.491199e-01  3.869019e-01
    outer loop
      vertex  -2.121578e-03  1.413741e-02 -9.260049e-03
      vertex  -2.601275e-03  1.475329e-02 -1.016587e-02
      vertex  -2.989919e-03  1.475329e-02 -9.804667e-03
    endloop
  endfacet
  facet normal  1.179600e-01  8.491200e-01  5.148599e-01
    outer loop
      vertex  -2.084096e-03  1.475329e-02 -1.028436e-02
      vertex  -2.601275e-03  1.475329e-02 -1.016587e-02
      vertex  -2.121578e-03  1.413741e-02 -9.260049e-03
    endloop
  endfacet
  facet normal -1.552738e-01  8.491199e-01  5.048618e-01
    outer loop
      vertex  -1.576960e-03  1.475329e-02 -1.012839e-02
      vertex  -2.084096e-03  1.475329e-02 -1.028436e-02
      vertex  -2.121578e-03  1.413741e-02 -9.260049e-03
    endloop
  endfacet
  facet normal  3.869021e-01  8.491197e-01 -3.595865e-01
    outer loop
      vertex  -2.121578e-03  1.413741e-02 -9.260049e-03
      vertex  -3.027401e-03  1.475329e-02 -8.780353e-03
      vertex  -2.666195e-03  1.475329e-02 -8.391708e-03
    endloop
  endfacet
  facet normal  5.148603e-01  8.491198e-01 -1.179601e-01
    outer loop
      vertex  -3.145892e-03  1.475329e-02 -9.297531e-03
      vertex  -3.027401e-03  1.475329e-02 -8.780353e-03
      vertex  -2.121578e-03  1.413741e-02 -9.260049e-03
    endloop
  endfacet
  facet normal  5.048620e-01  8.491198e-01  1.552734e-01
    outer loop
      vertex  -2.989919e-03  1.475329e-02 -9.804667e-03
      vertex  -3.145892e-03  1.475329e-02 -9.297531e-03
      vertex  -2.121578e-03  1.413741e-02 -9.260049e-03
    endloop
  endfacet
  facet normal  7.693848e-02  8.557153e-01 -5.116950e-01
    outer loop
      vertex  -2.271443e-03  1.448516e-02 -8.701030e-03
      vertex  -2.139870e-03  1.443798e-02 -8.760150e-03
      vertex  -2.121578e-03  1.413741e-02 -9.260049e-03
    endloop
  endfacet
  facet normal -2.903688e-01  8.558097e-01 -4.281072e-01
    outer loop
      vertex  -2.121578e-03  1.413741e-02 -9.260049e-03
      vertex  -1.887470e-03  1.443798e-02 -8.817977e-03
      vertex  -1.749114e-03  1.448277e-02 -8.822268e-03
    endloop
  endfacet
  facet normal -3.747715e-01  8.558925e-01 -3.563627e-01
    outer loop
      vertex  -1.498060e-03  1.460968e-02 -8.781504e-03
      vertex  -2.121578e-03  1.413741e-02 -9.260049e-03
      vertex  -1.749114e-03  1.448277e-02 -8.822268e-03
    endloop
  endfacet
  facet normal -1.179602e-01  8.491194e-01 -5.148609e-01
    outer loop
      vertex  -2.139870e-03  1.443798e-02 -8.760150e-03
      vertex  -1.887470e-03  1.443798e-02 -8.817977e-03
      vertex  -2.121578e-03  1.413741e-02 -9.260049e-03
    endloop
  endfacet
  facet normal -4.285693e-01  8.591936e-01 -2.794901e-01
    outer loop
      vertex  -1.273062e-03  1.475329e-02 -8.685032e-03
      vertex  -1.253237e-03  1.475329e-02 -8.715432e-03
      vertex  -1.498060e-03  1.460968e-02 -8.781504e-03
    endloop
  endfacet
  facet normal -4.232661e-01  8.569137e-01 -2.941849e-01
    outer loop
      vertex  -1.498060e-03  1.460968e-02 -8.781504e-03
      vertex  -1.253237e-03  1.475329e-02 -8.715432e-03
      vertex  -2.121578e-03  1.413741e-02 -9.260049e-03
    endloop
  endfacet
  facet normal  2.641404e-01  8.591891e-01 -4.382055e-01
    outer loop
      vertex  -2.666195e-03  1.475329e-02 -8.391708e-03
      vertex  -2.635112e-03  1.475329e-02 -8.372972e-03
      vertex  -2.474799e-03  1.460986e-02 -8.557559e-03
    endloop
  endfacet
  facet normal  1.840253e-01  8.559790e-01 -4.831507e-01
    outer loop
      vertex  -2.474799e-03  1.460986e-02 -8.557559e-03
      vertex  -2.271443e-03  1.448516e-02 -8.701030e-03
      vertex  -2.121578e-03  1.413741e-02 -9.260049e-03
    endloop
  endfacet
  facet normal  2.529942e-01  8.569143e-01 -4.491011e-01
    outer loop
      vertex  -2.666195e-03  1.475329e-02 -8.391708e-03
      vertex  -2.474799e-03  1.460986e-02 -8.557559e-03
      vertex  -2.121578e-03  1.413741e-02 -9.260049e-03
    endloop
  endfacet
  facet normal  5.162438e-01  0.000000e+00 -8.564417e-01
    outer loop
      vertex  -2.635112e-03  1.655329e-02 -8.372972e-03
      vertex  -2.635112e-03  1.475329e-02 -8.372972e-03
      vertex  -2.666195e-03  1.475329e-02 -8.391708e-03
    endloop
  endfacet
  facet normal  2.939663e-01  0.000000e+00 -9.558157e-01
    outer loop
      vertex  -2.159059e-03  2.115329e-02 -8.235736e-03
      vertex  -2.159059e-03  1.682380e-02 -8.235736e-03
      vertex  -2.666195e-03  2.115329e-02 -8.391708e-03
    endloop
  endfacet
  facet normal  1.680379e-01 -1.582559e-02 -9.856535e-01
    outer loop
      vertex  -2.666195e-03  2.115329e-02 -8.391708e-03
      vertex  -2.159059e-03  1.682380e-02 -8.235736e-03
      vertex  -2.410113e-03  1.669690e-02 -8.276499e-03
    endloop
  endfacet
  facet normal -4.098269e-01  9.103284e-05 -9.121633e-01
    outer loop
      vertex  -1.641881e-03  2.115329e-02 -8.354226e-03
      vertex  -1.636730e-03  1.682142e-02 -8.356973e-03
      vertex  -1.768303e-03  1.686860e-02 -8.297853e-03
    endloop
  endfacet
  facet normal -2.233185e-01 -6.235145e-03 -9.747255e-01
    outer loop
      vertex  -1.641881e-03  2.115329e-02 -8.354226e-03
      vertex  -1.768303e-03  1.686860e-02 -8.297853e-03
      vertex  -2.159059e-03  2.115329e-02 -8.235736e-03
    endloop
  endfacet
  facet normal -2.233200e-01 -6.235279e-03 -9.747252e-01
    outer loop
      vertex  -2.159059e-03  2.115329e-02 -8.235736e-03
      vertex  -1.768303e-03  1.686860e-02 -8.297853e-03
      vertex  -2.020704e-03  1.686860e-02 -8.240025e-03
    endloop
  endfacet
  facet normal -3.098989e-02 -0.000000e+00 -9.995197e-01
    outer loop
      vertex  -2.159059e-03  2.115329e-02 -8.235736e-03
      vertex  -2.020704e-03  1.686860e-02 -8.240025e-03
      vertex  -2.159059e-03  1.682380e-02 -8.235736e-03
    endloop
  endfacet
  facet normal -5.765546e-01 -1.675076e-04 -8.170585e-01
    outer loop
      vertex  -1.636730e-03  1.682142e-02 -8.356973e-03
      vertex  -1.641881e-03  2.115329e-02 -8.354226e-03
      vertex  -1.433374e-03  1.669672e-02 -8.500445e-03
    endloop
  endfacet
  facet normal -6.807562e-01 -7.818095e-03 -7.324684e-01
    outer loop
      vertex  -1.433374e-03  1.669672e-02 -8.500445e-03
      vertex  -1.641881e-03  2.115329e-02 -8.354226e-03
      vertex  -1.253237e-03  2.115329e-02 -8.715432e-03
    endloop
  endfacet
  facet normal -7.554206e-01 -1.074544e-03 -6.552394e-01
    outer loop
      vertex  -1.433374e-03  1.669672e-02 -8.500445e-03
      vertex  -1.253237e-03  2.115329e-02 -8.715432e-03
      vertex  -1.273062e-03  1.655329e-02 -8.685032e-03
    endloop
  endfacet
  facet normal -8.376210e-01  0.000000e+00 -5.462518e-01
    outer loop
      vertex  -1.273062e-03  1.475329e-02 -8.685032e-03
      vertex  -1.273062e-03  1.655329e-02 -8.685032e-03
      vertex  -1.253237e-03  1.475329e-02 -8.715432e-03
    endloop
  endfacet
  facet normal -8.376210e-01  0.000000e+00 -5.462518e-01
    outer loop
      vertex  -1.253237e-03  1.475329e-02 -8.715432e-03
      vertex  -1.273062e-03  1.655329e-02 -8.685032e-03
      vertex  -1.253237e-03  2.115329e-02 -8.715432e-03
    endloop
  endfacet
  facet normal -9.558154e-01  0.000000e+00 -2.939676e-01
    outer loop
      vertex  -1.253237e-03  1.475329e-02 -8.715432e-03
      vertex  -1.253237e-03  2.115329e-02 -8.715432e-03
      vertex  -1.097263e-03  1.475329e-02 -9.222568e-03
    endloop
  endfacet
  facet normal -9.558154e-01  0.000000e+00 -2.939676e-01
    outer loop
      vertex  -1.097263e-03  1.475329e-02 -9.222568e-03
      vertex  -1.253237e-03  2.115329e-02 -8.715432e-03
      vertex  -1.097263e-03  2.115329e-02 -9.222568e-03
    endloop
  endfacet
  facet normal -9.747442e-01  0.000000e+00  2.233246e-01
    outer loop
      vertex  -1.097263e-03  1.475329e-02 -9.222568e-03
      vertex  -1.097263e-03  2.115329e-02 -9.222568e-03
      vertex  -1.215755e-03  1.475329e-02 -9.739746e-03
    endloop
  endfacet
  facet normal -9.747442e-01  0.000000e+00  2.233246e-01
    outer loop
      vertex  -1.215755e-03  1.475329e-02 -9.739746e-03
      vertex  -1.097263e-03  2.115329e-02 -9.222568e-03
      vertex  -1.215755e-03  2.115329e-02 -9.739746e-03
    endloop
  endfacet
  facet normal -7.324914e-01  0.000000e+00  6.807762e-01
    outer loop
      vertex  -1.215755e-03  1.475329e-02 -9.739746e-03
      vertex  -1.215755e-03  2.115329e-02 -9.739746e-03
      vertex  -1.576960e-03  1.475329e-02 -1.012839e-02
    endloop
  endfacet
  facet normal -7.324914e-01  0.000000e+00  6.807762e-01
    outer loop
      vertex  -1.576960e-03  1.475329e-02 -1.012839e-02
      vertex  -1.215755e-03  2.115329e-02 -9.739746e-03
      vertex  -1.576960e-03  2.115329e-02 -1.012839e-02
    endloop
  endfacet
  facet normal -2.939678e-01  0.000000e+00  9.558153e-01
    outer loop
      vertex  -1.576960e-03  1.475329e-02 -1.012839e-02
      vertex  -1.576960e-03  2.115329e-02 -1.012839e-02
      vertex  -2.084096e-03  1.475329e-02 -1.028436e-02
    endloop
  endfacet
  facet normal -2.939678e-01  0.000000e+00  9.558153e-01
    outer loop
      vertex  -2.084096e-03  1.475329e-02 -1.028436e-02
      vertex  -1.576960e-03  2.115329e-02 -1.012839e-02
      vertex  -2.084096e-03  2.115329e-02 -1.028436e-02
    endloop
  endfacet
  facet normal  2.233245e-01 -0.000000e+00  9.747442e-01
    outer loop
      vertex  -2.084096e-03  1.475329e-02 -1.028436e-02
      vertex  -2.084096e-03  2.115329e-02 -1.028436e-02
      vertex  -2.601275e-03  1.475329e-02 -1.016587e-02
    endloop
  endfacet
  facet normal  2.233245e-01 -0.000000e+00  9.747442e-01
    outer loop
      vertex  -2.601275e-03  1.475329e-02 -1.016587e-02
      vertex  -2.084096e-03  2.115329e-02 -1.028436e-02
      vertex  -2.601275e-03  2.115329e-02 -1.016587e-02
    endloop
  endfacet
  facet normal  6.807766e-01 -0.000000e+00  7.324911e-01
    outer loop
      vertex  -2.601275e-03  1.475329e-02 -1.016587e-02
      vertex  -2.601275e-03  2.115329e-02 -1.016587e-02
      vertex  -2.989919e-03  1.475329e-02 -9.804667e-03
    endloop
  endfacet
  facet normal  6.807766e-01 -0.000000e+00  7.324911e-01
    outer loop
      vertex  -2.989919e-03  1.475329e-02 -9.804667e-03
      vertex  -2.601275e-03  2.115329e-02 -1.016587e-02
      vertex  -2.989919e-03  2.115329e-02 -9.804667e-03
    endloop
  endfacet
  facet normal  9.558156e-01 -0.000000e+00  2.939670e-01
    outer loop
      vertex  -2.989919e-03  1.475329e-02 -9.804667e-03
      vertex  -2.989919e-03  2.115329e-02 -9.804667e-03
      vertex  -3.145892e-03  1.475329e-02 -9.297531e-03
    endloop
  endfacet
  facet normal  9.558156e-01 -0.000000e+00  2.939670e-01
    outer loop
      vertex  -3.145892e-03  1.475329e-02 -9.297531e-03
      vertex  -2.989919e-03  2.115329e-02 -9.804667e-03
      vertex  -3.145892e-03  2.115329e-02 -9.297531e-03
    endloop
  endfacet
  facet normal  9.747442e-01  0.000000e+00 -2.233246e-01
    outer loop
      vertex  -3.145892e-03  1.475329e-02 -9.297531e-03
      vertex  -3.145892e-03  2.115329e-02 -9.297531e-03
      vertex  -3.027401e-03  1.475329e-02 -8.780353e-03
    endloop
  endfacet
  facet normal  9.747442e-01  0.000000e+00 -2.233246e-01
    outer loop
      vertex  -3.027401e-03  1.475329e-02 -8.780353e-03
      vertex  -3.145892e-03  2.115329e-02 -9.297531e-03
      vertex  -3.027401e-03  2.115329e-02 -8.780353e-03
    endloop
  endfacet
  facet normal  7.324911e-01  0.000000e+00 -6.807766e-01
    outer loop
      vertex  -3.027401e-03  1.475329e-02 -8.780353e-03
      vertex  -3.027401e-03  2.115329e-02 -8.780353e-03
      vertex  -2.666195e-03  1.475329e-02 -8.391708e-03
    endloop
  endfacet
  facet normal  7.324911e-01  0.000000e+00 -6.807766e-01
    outer loop
      vertex  -2.666195e-03  1.475329e-02 -8.391708e-03
      vertex  -3.027401e-03  2.115329e-02 -8.780353e-03
      vertex  -2.666195e-03  2.115329e-02 -8.391708e-03
    endloop
  endfacet
  facet normal  5.162438e-01  0.000000e+00 -8.564417e-01
    outer loop
      vertex  -2.666195e-03  1.475329e-02 -8.391708e-03
      vertex  -2.666195e-03  2.115329e-02 -8.391708e-03
      vertex  -2.635112e-03  1.655329e-02 -8.372972e-03
    endloop
  endfacet
  facet normal  3.946543e-01 -1.075722e-03 -9.188291e-01
    outer loop
      vertex  -2.635112e-03  1.655329e-02 -8.372972e-03
      vertex  -2.666195e-03  2.115329e-02 -8.391708e-03
      vertex  -2.410113e-03  1.669690e-02 -8.276499e-03
    endloop
  endfacet
  facet normal  3.595862e-01  8.491199e-01  3.869021e-01
    outer loop
      vertex  -9.260049e-03  1.413741e-02  2.121578e-03
      vertex  -9.739746e-03  1.475329e-02  1.215755e-03
      vertex  -1.012839e-02  1.475329e-02  1.576960e-03
    endloop
  endfacet
  facet normal  1.179601e-01  8.491198e-01  5.148602e-01
    outer loop
      vertex  -9.222568e-03  1.475329e-02  1.097263e-03
      vertex  -9.739746e-03  1.475329e-02  1.215755e-03
      vertex  -9.260049e-03  1.413741e-02  2.121578e-03
    endloop
  endfacet
  facet normal -1.552738e-01  8.491197e-01  5.048622e-01
    outer loop
      vertex  -8.715432e-03  1.475329e-02  1.253237e-03
      vertex  -9.222568e-03  1.475329e-02  1.097263e-03
      vertex  -9.260049e-03  1.413741e-02  2.121578e-03
    endloop
  endfacet
  facet normal  3.869019e-01  8.491199e-01 -3.595863e-01
    outer loop
      vertex  -9.260049e-03  1.413741e-02  2.121578e-03
      vertex  -1.016587e-02  1.475329e-02  2.601275e-03
      vertex  -9.804667e-03  1.475329e-02  2.989919e-03
    endloop
  endfacet
  facet normal  5.148599e-01  8.491200e-01 -1.179600e-01
    outer loop
      vertex  -1.028436e-02  1.475329e-02  2.084096e-03
      vertex  -1.016587e-02  1.475329e-02  2.601275e-03
      vertex  -9.260049e-03  1.413741e-02  2.121578e-03
    endloop
  endfacet
  facet normal  5.048618e-01  8.491199e-01  1.552738e-01
    outer loop
      vertex  -1.012839e-02  1.475329e-02  1.576960e-03
      vertex  -1.028436e-02  1.475329e-02  2.084096e-03
      vertex  -9.260049e-03  1.413741e-02  2.121578e-03
    endloop
  endfacet
  facet normal -3.595865e-01  8.491197e-01 -3.869021e-01
    outer loop
      vertex  -9.260049e-03  1.413741e-02  2.121578e-03
      vertex  -8.780353e-03  1.475329e-02  3.027401e-03
      vertex  -8.391708e-03  1.475329e-02  2.666195e-03
    endloop
  endfacet
  facet normal -1.179601e-01  8.491198e-01 -5.148603e-01
    outer loop
      vertex  -9.297531e-03  1.475329e-02  3.145892e-03
      vertex  -8.780353e-03  1.475329e-02  3.027401e-03
      vertex  -9.260049e-03  1.413741e-02  2.121578e-03
    endloop
  endfacet
  facet normal  1.552734e-01  8.491198e-01 -5.048620e-01
    outer loop
      vertex  -9.804667e-03  1.475329e-02  2.989919e-03
      vertex  -9.297531e-03  1.475329e-02  3.145892e-03
      vertex  -9.260049e-03  1.413741e-02  2.121578e-03
    endloop
  endfacet
  facet normal -5.116950e-01  8.557153e-01 -7.693848e-02
    outer loop
      vertex  -8.701030e-03  1.448516e-02  2.271443e-03
      vertex  -8.760150e-03  1.443798e-02  2.139870e-03
      vertex  -9.260049e-03  1.413741e-02  2.121578e-03
    endloop
  endfacet
  facet normal -4.281072e-01  8.558097e-01  2.903688e-01
    outer loop
      vertex  -9.260049e-03  1.413741e-02  2.121578e-03
      vertex  -8.817977e-03  1.443798e-02  1.887470e-03
      vertex  -8.822268e-03  1.448277e-02  1.749114e-03
    endloop
  endfacet
  facet normal -3.563627e-01  8.558925e-01  3.747715e-01
    outer loop
      vertex  -8.781504e-03  1.460968e-02  1.498060e-03
      vertex  -9.260049e-03  1.413741e-02  2.121578e-03
      vertex  -8.822268e-03  1.448277e-02  1.749114e-03
    endloop
  endfacet
  facet normal -5.148609e-01  8.491194e-01  1.179602e-01
    outer loop
      vertex  -8.760150e-03  1.443798e-02  2.139870e-03
      vertex  -8.817977e-03  1.443798e-02  1.887470e-03
      vertex  -9.260049e-03  1.413741e-02  2.121578e-03
    endloop
  endfacet
  facet normal -2.794901e-01  8.591936e-01  4.285693e-01
    outer loop
      vertex  -8.685032e-03  1.475329e-02  1.273062e-03
      vertex  -8.715432e-03  1.475329e-02  1.253237e-03
      vertex  -8.781504e-03  1.460968e-02  1.498060e-03
    endloop
  endfacet
  facet normal -2.941849e-01  8.569137e-01  4.232661e-01
    outer loop
      vertex  -8.781504e-03  1.460968e-02  1.498060e-03
      vertex  -8.715432e-03  1.475329e-02  1.253237e-03
      vertex  -9.260049e-03  1.413741e-02  2.121578e-03
    endloop
  endfacet
  facet normal -4.382055e-01  8.591891e-01 -2.641404e-01
    outer loop
      vertex  -8.391708e-03  1.475329e-02  2.666195e-03
      vertex  -8.372972e-03  1.475329e-02  2.635112e-03
      vertex  -8.557559e-03  1.460986e-02  2.474799e-03
    endloop
  endfacet
  facet normal -4.831507e-01  8.559790e-01 -1.840253e-01
    outer loop
      vertex  -8.557559e-03  1.460986e-02  2.474799e-03
      vertex  -8.701030e-03  1.448516e-02  2.271443e-03
      vertex  -9.260049e-03  1.413741e-02  2.121578e-03
    endloop
  endfacet
  facet normal -4.491011e-01  8.569143e-01 -2.529942e-01
    outer loop
      vertex  -8.391708e-03  1.475329e-02  2.666195e-03
      vertex  -8.557559e-03  1.460986e-02  2.474799e-03
      vertex  -9.260049e-03  1.413741e-02  2.121578e-03
    endloop
  endfacet
  facet normal -8.564417e-01 -0.000000e+00 -5.162438e-01
    outer loop
      vertex  -8.372972e-03  1.655329e-02  2.635112e-03
      vertex  -8.372972e-03  1.475329e-02  2.635112e-03
      vertex  -8.391708e-03  1.475329e-02  2.666195e-03
    endloop
  endfacet
  facet normal -9.558157e-01 -0.000000e+00 -2.939663e-01
    outer loop
      vertex  -8.235736e-03  2.115329e-02  2.159059e-03
      vertex  -8.235736e-03  1.682380e-02  2.159059e-03
      vertex  -8.391708e-03  2.115329e-02  2.666195e-03
    endloop
  endfacet
  facet normal -9.856535e-01 -1.582559e-02 -1.680379e-01
    outer loop
      vertex  -8.391708e-03  2.115329e-02  2.666195e-03
      vertex  -8.235736e-03  1.682380e-02  2.159059e-03
      vertex  -8.276499e-03  1.669690e-02  2.410113e-03
    endloop
  endfacet
  facet normal -9.121633e-01  9.103284e-05  4.098269e-01
    outer loop
      vertex  -8.354226e-03  2.115329e-02  1.641881e-03
      vertex  -8.356973e-03  1.682142e-02  1.636730e-03
      vertex  -8.297853e-03  1.686860e-02  1.768303e-03
    endloop
  endfacet
  facet normal -9.747255e-01 -6.235145e-03  2.233185e-01
    outer loop
      vertex  -8.354226e-03  2.115329e-02  1.641881e-03
      vertex  -8.297853e-03  1.686860e-02  1.768303e-03
      vertex  -8.235736e-03  2.115329e-02  2.159059e-03
    endloop
  endfacet
  facet normal -9.747252e-01 -6.235279e-03  2.233200e-01
    outer loop
      vertex  -8.235736e-03  2.115329e-02  2.159059e-03
      vertex  -8.297853e-03  1.686860e-02  1.768303e-03
      vertex  -8.240025e-03  1.686860e-02  2.020704e-03
    endloop
  endfacet
  facet normal -9.995197e-01  0.000000e+00  3.098989e-02
    outer loop
      vertex  -8.235736e-03  2.115329e-02  2.159059e-03
      vertex  -8.240025e-03  1.686860e-02  2.020704e-03
      vertex  -8.235736e-03  1.682380e-02  2.159059e-03
    endloop
  endfacet
  facet normal -8.170585e-01 -1.675076e-04  5.765546e-01
    outer loop
      vertex  -8.356973e-03  1.682142e-02  1.636730e-03
      vertex  -8.354226e-03  2.115329e-02  1.641881e-03
      vertex  -8.500445e-03  1.669672e-02  1.433374e-03
    endloop
  endfacet
  facet normal -7.324684e-01 -7.818095e-03  6.807562e-01
    outer loop
      vertex  -8.500445e-03  1.669672e-02  1.433374e-03
      vertex  -8.354226e-03  2.115329e-02  1.641881e-03
      vertex  -8.715432e-03  2.115329e-02  1.253237e-03
    endloop
  endfacet
  facet normal -6.552394e-01 -1.074544e-03  7.554206e-01
    outer loop
      vertex  -8.500445e-03  1.669672e-02  1.433374e-03
      vertex  -8.715432e-03  2.115329e-02  1.253237e-03
      vertex  -8.685032e-03  1.655329e-02  1.273062e-03
    endloop
  endfacet
  facet normal -5.462518e-01  0.000000e+00  8.376210e-01
    outer loop
      vertex  -8.685032e-03  1.475329e-02  1.273062e-03
      vertex  -8.685032e-03  1.655329e-02  1.273062e-03
      vertex  -8.715432e-03  1.475329e-02  1.253237e-03
    endloop
  endfacet
  facet normal -5.462518e-01  0.000000e+00  8.376210e-01
    outer loop
      vertex  -8.715432e-03  1.475329e-02  1.253237e-03
      vertex  -8.685032e-03  1.655329e-02  1.273062e-03
      vertex  -8.715432e-03  2.115329e-02  1.253237e-03
    endloop
  endfacet
  facet normal -2.939676e-01  0.000000e+00  9.558154e-01
    outer loop
      vertex  -8.715432e-03  1.475329e-02  1.253237e-03
      vertex  -8.715432e-03  2.115329e-02  1.253237e-03
      vertex  -9.222568e-03  1.475329e-02  1.097263e-03
    endloop
  endfacet
  facet normal -2.939676e-01  0.000000e+00  9.558154e-01
    outer loop
      vertex  -9.222568e-03  1.475329e-02  1.097263e-03
      vertex  -8.715432e-03  2.115329e-02  1.253237e-03
      vertex  -9.222568e-03  2.115329e-02  1.097263e-03
    endloop
  endfacet
  facet normal  2.233246e-01 -0.000000e+00  9.747442e-01
    outer loop
      vertex  -9.222568e-03  1.475329e-02  1.097263e-03
      vertex  -9.222568e-03  2.115329e-02  1.097263e-03
      vertex  -9.739746e-03  1.475329e-02  1.215755e-03
    endloop
  endfacet
  facet normal  2.233246e-01 -0.000000e+00  9.747442e-01
    outer loop
      vertex  -9.739746e-03  1.475329e-02  1.215755e-03
      vertex  -9.222568e-03  2.115329e-02  1.097263e-03
      vertex  -9.739746e-03  2.115329e-02  1.215755e-03
    endloop
  endfacet
  facet normal  6.807762e-01 -0.000000e+00  7.324914e-01
    outer loop
      vertex  -9.739746e-03  1.475329e-02  1.215755e-03
      vertex  -9.739746e-03  2.115329e-02  1.215755e-03
      vertex  -1.012839e-02  1.475329e-02  1.576960e-03
    endloop
  endfacet
  facet normal  6.807762e-01 -0.000000e+00  7.324914e-01
    outer loop
      vertex  -1.012839e-02  1.475329e-02  1.576960e-03
      vertex  -9.739746e-03  2.115329e-02  1.215755e-03
      vertex  -1.012839e-02  2.115329e-02  1.576960e-03
    endloop
  endfacet
  facet normal  9.558153e-01 -0.000000e+00  2.939678e-01
    outer loop
      vertex  -1.012839e-02  1.475329e-02  1.576960e-03
      vertex  -1.012839e-02  2.115329e-02  1.576960e-03
      vertex  -1.028436e-02  1.475329e-02  2.084096e-03
    endloop
  endfacet
  facet normal  9.558153e-01 -0.000000e+00  2.939678e-01
    outer loop
      vertex  -1.028436e-02  1.475329e-02  2.084096e-03
      vertex  -1.012839e-02  2.115329e-02  1.576960e-03
      vertex  -1.028436e-02  2.115329e-02  2.084096e-03
    endloop
  endfacet
  facet normal  9.747442e-01  0.000000e+00 -2.233245e-01
    outer loop
      vertex  -1.028436e-02  1.475329e-02  2.084096e-03
      vertex  -1.028436e-02  2.115329e-02  2.084096e-03
      vertex  -1.016587e-02  1.475329e-02  2.601275e-03
    endloop
  endfacet
  facet normal  9.747442e-01  0.000000e+00 -2.233245e-01
    outer loop
      vertex  -1.016587e-02  1.475329e-02  2.601275e-03
      vertex  -1.028436e-02  2.115329e-02  2.084096e-03
      vertex  -1.016587e-02  2.115329e-02  2.601275e-03
    endloop
  endfacet
  facet normal  7.324911e-01  0.000000e+00 -6.807766e-01
    outer loop
      vertex  -1.016587e-02  1.475329e-02  2.601275e-03
      vertex  -1.016587e-02  2.115329e-02  2.601275e-03
      vertex  -9.804667e-03  1.475329e-02  2.989919e-03
    endloop
  endfacet
  facet normal  7.324911e-01  0.000000e+00 -6.807766e-01
    outer loop
      vertex  -9.804667e-03  1.475329e-02  2.989919e-03
      vertex  -1.016587e-02  2.115329e-02  2.601275e-03
      vertex  -9.804667e-03  2.115329e-02  2.989919e-03
    endloop
  endfacet
  facet normal  2.939670e-01  0.000000e+00 -9.558156e-01
    outer loop
      vertex  -9.804667e-03  1.475329e-02  2.989919e-03
      vertex  -9.804667e-03  2.115329e-02  2.989919e-03
      vertex  -9.297531e-03  1.475329e-02  3.145892e-03
    endloop
  endfacet
  facet normal  2.939670e-01  0.000000e+00 -9.558156e-01
    outer loop
      vertex  -9.297531e-03  1.475329e-02  3.145892e-03
      vertex  -9.804667e-03  2.115329e-02  2.989919e-03
      vertex  -9.297531e-03  2.115329e-02  3.145892e-03
    endloop
  endfacet
  facet normal -2.233246e-01  0.000000e+00 -9.747442e-01
    outer loop
      vertex  -9.297531e-03  1.475329e-02  3.145892e-03
      vertex  -9.297531e-03  2.115329e-02  3.145892e-03
      vertex  -8.780353e-03  1.475329e-02  3.027401e-03
    endloop
  endfacet
  facet normal -2.233246e-01  0.000000e+00 -9.747442e-01
    outer loop
      vertex  -8.780353e-03  1.475329e-02  3.027401e-03
      vertex  -9.297531e-03  2.115329e-02  3.145892e-03
      vertex  -8.780353e-03  2.115329e-02  3.027401e-03
    endloop
  endfacet
  facet normal -6.807766e-01  0.000000e+00 -7.324911e-01
    outer loop
      vertex  -8.780353e-03  1.475329e-02  3.027401e-03
      vertex  -8.780353e-03  2.115329e-02  3.027401e-03
      vertex  -8.391708e-03  1.475329e-02  2.666195e-03
    endloop
  endfacet
  facet normal -6.807766e-01  0.000000e+00 -7.324911e-01
    outer loop
      vertex  -8.391708e-03  1.475329e-02  2.666195e-03
      vertex  -8.780353e-03  2.115329e-02  3.027401e-03
      vertex  -8.391708e-03  2.115329e-02  2.666195e-03
    endloop
  endfacet
  facet normal -8.564417e-01  0.000000e+00 -5.162438e-01
    outer loop
      vertex  -8.391708e-03  1.475329e-02  2.666195e-03
      vertex  -8.391708e-03  2.115329e-02  2.666195e-03
      vertex  -8.372972e-03  1.655329e-02  2.635112e-03
    endloop
  endfacet
  facet normal -9.188291e-01 -1.075722e-03 -3.946543e-01
    outer loop
      vertex  -8.372972e-03  1.655329e-02  2.635112e-03
      vertex  -8.391708e-03  2.115329e-02  2.666195e-03
      vertex  -8.276499e-03  1.669690e-02  2.410113e-03
    endloop
  endfacet
  facet normal  3.141867e-01 -7.010095e-01  6.402128e-01
    outer loop
      vertex  -1.943550e-03  1.025329e-02 -2.604825e-03
      vertex  -2.003352e-03  1.015329e-02 -2.684973e-03
      vertex  -8.713355e-04  1.025329e-02 -3.131018e-03
    endloop
  endfacet
  facet normal  3.141864e-01 -7.010106e-01  6.402118e-01
    outer loop
      vertex  -8.713355e-04  1.025329e-02 -3.131018e-03
      vertex  -2.003352e-03  1.015329e-02 -2.684973e-03
      vertex  -8.981457e-04  1.015329e-02 -3.227357e-03
    endloop
  endfacet
  facet normal  6.169884e-02 -7.010108e-01  7.104767e-01
    outer loop
      vertex  -8.713355e-04  1.025329e-02 -3.131018e-03
      vertex  -8.981457e-04  1.015329e-02 -3.227357e-03
      vertex   3.185580e-04  1.025329e-02 -3.234350e-03
    endloop
  endfacet
  facet normal  6.169874e-02 -7.010095e-01  7.104780e-01
    outer loop
      vertex   3.185580e-04  1.025329e-02 -3.234350e-03
      vertex  -8.981457e-04  1.015329e-02 -3.227357e-03
      vertex   3.283599e-04  1.015329e-02 -3.333868e-03
    endloop
  endfacet
  facet normal -1.991216e-01 -7.010096e-01  6.847892e-01
    outer loop
      vertex   3.185580e-04  1.025329e-02 -3.234350e-03
      vertex   3.283599e-04  1.015329e-02 -3.333868e-03
      vertex   1.465429e-03  1.025329e-02 -2.900865e-03
    endloop
  endfacet
  facet normal -1.991217e-01 -7.010095e-01  6.847893e-01
    outer loop
      vertex   1.465429e-03  1.025329e-02 -2.900865e-03
      vertex   3.283599e-04  1.015329e-02 -3.333868e-03
      vertex   1.510519e-03  1.015329e-02 -2.990123e-03
    endloop
  endfacet
  facet normal -4.330499e-01 -7.010095e-01  5.666158e-01
    outer loop
      vertex   1.465429e-03  1.025329e-02 -2.900865e-03
      vertex   1.510519e-03  1.015329e-02 -2.990123e-03
      vertex   2.414385e-03  1.025329e-02 -2.175602e-03
    endloop
  endfacet
  facet normal -4.330496e-01 -7.010100e-01  5.666153e-01
    outer loop
      vertex   2.414385e-03  1.025329e-02 -2.175602e-03
      vertex   1.510519e-03  1.015329e-02 -2.990123e-03
      vertex   2.488674e-03  1.015329e-02 -2.242544e-03
    endloop
  endfacet
  facet normal -6.084918e-01 -7.010100e-01  3.719175e-01
    outer loop
      vertex   2.414385e-03  1.025329e-02 -2.175602e-03
      vertex   2.488674e-03  1.015329e-02 -2.242544e-03
      vertex   3.037265e-03  1.025329e-02 -1.156512e-03
    endloop
  endfacet
  facet normal -6.084913e-01 -7.010106e-01  3.719174e-01
    outer loop
      vertex   3.037265e-03  1.025329e-02 -1.156512e-03
      vertex   2.488674e-03  1.015329e-02 -2.242544e-03
      vertex   3.130720e-03  1.015329e-02 -1.192097e-03
    endloop
  endfacet
  facet normal -7.017532e-01 -7.010106e-01  1.269902e-01
    outer loop
      vertex   3.037265e-03  1.025329e-02 -1.156512e-03
      vertex   3.130720e-03  1.015329e-02 -1.192097e-03
      vertex   3.249946e-03  1.025329e-02  1.877098e-05
    endloop
  endfacet
  facet normal -7.017536e-01 -7.010103e-01  1.269902e-01
    outer loop
      vertex   3.249946e-03  1.025329e-02  1.877098e-05
      vertex   3.130720e-03  1.015329e-02 -1.192097e-03
      vertex   3.349944e-03  1.015329e-02  1.934859e-05
    endloop
  endfacet
  facet normal -7.002398e-01 -7.010103e-01 -1.350878e-01
    outer loop
      vertex   3.249946e-03  1.025329e-02  1.877098e-05
      vertex   3.349944e-03  1.015329e-02  1.934859e-05
      vertex   3.023703e-03  1.025329e-02  1.191519e-03
    endloop
  endfacet
  facet normal -7.002400e-01 -7.010100e-01 -1.350879e-01
    outer loop
      vertex   3.023703e-03  1.025329e-02  1.191519e-03
      vertex   3.349944e-03  1.015329e-02  1.934859e-05
      vertex   3.116740e-03  1.015329e-02  1.228181e-03
    endloop
  endfacet
  facet normal -6.324920e-01 -7.055944e-01 -3.195156e-01
    outer loop
      vertex   3.023703e-03  1.025329e-02  1.191519e-03
      vertex   3.116740e-03  1.015329e-02  1.228181e-03
      vertex   2.753278e-03  1.025329e-02  1.726835e-03
    endloop
  endfacet
  facet normal -6.324925e-01 -7.055939e-01 -3.195161e-01
    outer loop
      vertex   2.753278e-03  1.025329e-02  1.726835e-03
      vertex   3.116740e-03  1.015329e-02  1.228181e-03
      vertex   2.837994e-03  1.015329e-02  1.779969e-03
    endloop
  endfacet
  facet normal -5.630122e-01 -7.055939e-01 -4.302959e-01
    outer loop
      vertex   2.753278e-03  1.025329e-02  1.726835e-03
      vertex   2.837994e-03  1.015329e-02  1.779969e-03
      vertex   2.389093e-03  1.025329e-02  2.203346e-03
    endloop
  endfacet
  facet normal -5.630118e-01 -7.055945e-01 -4.302953e-01
    outer loop
      vertex   2.389093e-03  1.025329e-02  2.203346e-03
      vertex   2.837994e-03  1.015329e-02  1.779969e-03
      vertex   2.462604e-03  1.015329e-02  2.271141e-03
    endloop
  endfacet
  facet normal -4.264757e-01 -7.010099e-01 -5.715799e-01
    outer loop
      vertex   2.389093e-03  1.025329e-02  2.203346e-03
      vertex   2.462604e-03  1.015329e-02  2.271141e-03
      vertex   1.431822e-03  1.025329e-02  2.917599e-03
    endloop
  endfacet
  facet normal -4.264756e-01 -7.010100e-01 -5.715798e-01
    outer loop
      vertex   1.431822e-03  1.025329e-02  2.917599e-03
      vertex   2.462604e-03  1.015329e-02  2.271141e-03
      vertex   1.475879e-03  1.015329e-02  3.007371e-03
    endloop
  endfacet
  facet normal -1.911981e-01 -7.010100e-01 -6.870432e-01
    outer loop
      vertex   1.431822e-03  1.025329e-02  2.917599e-03
      vertex   1.475879e-03  1.015329e-02  3.007371e-03
      vertex   2.811762e-04  1.025329e-02  3.237814e-03
    endloop
  endfacet
  facet normal -1.911981e-01 -7.010106e-01 -6.870426e-01
    outer loop
      vertex   2.811762e-04  1.025329e-02  3.237814e-03
      vertex   1.475879e-03  1.015329e-02  3.007371e-03
      vertex   2.898279e-04  1.015329e-02  3.337439e-03
    endloop
  endfacet
  facet normal  6.990156e-02 -7.010105e-01 -7.097169e-01
    outer loop
      vertex   2.811762e-04  1.025329e-02  3.237814e-03
      vertex   2.898279e-04  1.015329e-02  3.337439e-03
      vertex  -9.074442e-04  1.025329e-02  3.120744e-03
    endloop
  endfacet
  facet normal  6.990173e-02 -7.010098e-01 -7.097175e-01
    outer loop
      vertex  -9.074442e-04  1.025329e-02  3.120744e-03
      vertex   2.898279e-04  1.015329e-02  3.337439e-03
      vertex  -9.353656e-04  1.015329e-02  3.216767e-03
    endloop
  endfacet
  facet normal  3.215607e-01 -7.010098e-01 -6.365406e-01
    outer loop
      vertex  -9.074442e-04  1.025329e-02  3.120744e-03
      vertex  -9.353656e-04  1.015329e-02  3.216767e-03
      vertex  -1.973510e-03  1.025329e-02  2.582201e-03
    endloop
  endfacet
  facet normal  3.215613e-01 -7.010087e-01 -6.365414e-01
    outer loop
      vertex  -1.973510e-03  1.025329e-02  2.582201e-03
      vertex  -9.353656e-04  1.015329e-02  3.216767e-03
      vertex  -2.034233e-03  1.015329e-02  2.661653e-03
    endloop
  endfacet
  facet normal  5.297925e-01 -7.010087e-01 -4.773958e-01
    outer loop
      vertex  -1.973510e-03  1.025329e-02  2.582201e-03
      vertex  -2.034233e-03  1.015329e-02  2.661653e-03
      vertex  -2.773041e-03  1.025329e-02  1.694917e-03
    endloop
  endfacet
  facet normal  5.297911e-01 -7.010104e-01 -4.773949e-01
    outer loop
      vertex  -2.773041e-03  1.025329e-02  1.694917e-03
      vertex  -2.034233e-03  1.015329e-02  2.661653e-03
      vertex  -2.858366e-03  1.015329e-02  1.747068e-03
    endloop
  endfacet
  facet normal  6.664703e-01 -7.010105e-01 -2.537747e-01
    outer loop
      vertex  -2.773041e-03  1.025329e-02  1.694917e-03
      vertex  -2.858366e-03  1.015329e-02  1.747068e-03
      vertex  -3.198058e-03  1.025329e-02  5.787245e-04
    endloop
  endfacet
  facet normal  6.664702e-01 -7.010105e-01 -2.537748e-01
    outer loop
      vertex  -3.198058e-03  1.025329e-02  5.787245e-04
      vertex  -2.858366e-03  1.015329e-02  1.747068e-03
      vertex  -3.296460e-03  1.015329e-02  5.965316e-04
    endloop
  endfacet
  facet normal  7.131391e-01 -7.010103e-01  4.118791e-03
    outer loop
      vertex  -3.198058e-03  1.025329e-02  5.787245e-04
      vertex  -3.296460e-03  1.015329e-02  5.965316e-04
      vertex  -3.191160e-03  1.025329e-02 -6.156274e-04
    endloop
  endfacet
  facet normal  7.131404e-01 -7.010093e-01  4.118985e-03
    outer loop
      vertex  -3.191160e-03  1.025329e-02 -6.156274e-04
      vertex  -3.296460e-03  1.015329e-02  5.965316e-04
      vertex  -3.289350e-03  1.015329e-02 -6.345696e-04
    endloop
  endfacet
  facet normal  6.634958e-01 -7.010090e-01  2.614570e-01
    outer loop
      vertex  -3.191160e-03  1.025329e-02 -6.156274e-04
      vertex  -3.289350e-03  1.015329e-02 -6.345696e-04
      vertex  -2.753278e-03  1.025329e-02 -1.726835e-03
    endloop
  endfacet
  facet normal  6.634954e-01 -7.010095e-01  2.614567e-01
    outer loop
      vertex  -2.753278e-03  1.025329e-02 -1.726835e-03
      vertex  -3.289350e-03  1.015329e-02 -6.345696e-04
      vertex  -2.837994e-03  1.015329e-02 -1.779969e-03
    endloop
  endfacet
  facet normal  5.242419e-01 -7.010095e-01  4.834833e-01
    outer loop
      vertex  -2.753278e-03  1.025329e-02 -1.726835e-03
      vertex  -2.837994e-03  1.015329e-02 -1.779969e-03
      vertex  -1.943550e-03  1.025329e-02 -2.604825e-03
    endloop
  endfacet
  facet normal  5.242421e-01 -7.010092e-01  4.834835e-01
    outer loop
      vertex  -1.943550e-03  1.025329e-02 -2.604825e-03
      vertex  -2.837994e-03  1.015329e-02 -1.779969e-03
      vertex  -2.003352e-03  1.015329e-02 -2.684973e-03
    endloop
  endfacet
  facet normal -1.552736e-01 -8.491198e-01  5.048621e-01
    outer loop
      vertex   1.786596e-03  1.716917e-02  7.797953e-03
      vertex   1.824078e-03  1.655329e-02  6.773639e-03
      vertex   2.331213e-03  1.655329e-02  6.929612e-03
    endloop
  endfacet
  facet normal  1.179599e-01 -8.491198e-01  5.148603e-01
    outer loop
      vertex   1.306898e-03  1.655329e-02  6.892130e-03
      vertex   1.824078e-03  1.655329e-02  6.773639e-03
      vertex   1.786596e-03  1.716917e-02  7.797953e-03
    endloop
  endfacet
  facet normal  3.595863e-01 -8.491198e-01  3.869020e-01
    outer loop
      vertex   9.182540e-04  1.655329e-02  7.253336e-03
      vertex   1.306898e-03  1.655329e-02  6.892130e-03
      vertex   1.786596e-03  1.716917e-02  7.797953e-03
    endloop
  endfacet
  facet normal -5.048621e-01 -8.491198e-01 -1.552734e-01
    outer loop
      vertex   1.786596e-03  1.716917e-02  7.797953e-03
      vertex   2.810910e-03  1.655329e-02  7.835435e-03
      vertex   2.654937e-03  1.655329e-02  8.342571e-03
    endloop
  endfacet
  facet normal -5.148602e-01 -8.491198e-01  1.179603e-01
    outer loop
      vertex   2.692419e-03  1.655329e-02  7.318256e-03
      vertex   2.810910e-03  1.655329e-02  7.835435e-03
      vertex   1.786596e-03  1.716917e-02  7.797953e-03
    endloop
  endfacet
  facet normal -3.869021e-01 -8.491197e-01  3.595864e-01
    outer loop
      vertex   2.331213e-03  1.655329e-02  6.929612e-03
      vertex   2.692419e-03  1.655329e-02  7.318256e-03
      vertex   1.786596e-03  1.716917e-02  7.797953e-03
    endloop
  endfacet
  facet normal  5.148602e-01 -8.491198e-01 -1.179599e-01
    outer loop
      vertex   1.786596e-03  1.716917e-02  7.797953e-03
      vertex   8.807725e-04  1.655329e-02  8.277651e-03
      vertex   7.622812e-04  1.655329e-02  7.760472e-03
    endloop
  endfacet
  facet normal  3.869017e-01 -8.491198e-01 -3.595867e-01
    outer loop
      vertex   1.241978e-03  1.655329e-02  8.666295e-03
      vertex   8.807725e-04  1.655329e-02  8.277651e-03
      vertex   1.786596e-03  1.716917e-02  7.797953e-03
    endloop
  endfacet
  facet normal  5.048621e-01 -8.491198e-01  1.552735e-01
    outer loop
      vertex   7.622812e-04  1.655329e-02  7.760472e-03
      vertex   9.182540e-04  1.655329e-02  7.253336e-03
      vertex   1.786596e-03  1.716917e-02  7.797953e-03
    endloop
  endfacet
  facet normal -2.903788e-01 -8.558106e-01 -4.280983e-01
    outer loop
      vertex   2.159059e-03  1.682380e-02  8.235736e-03
      vertex   2.020704e-03  1.686860e-02  8.240025e-03
      vertex   1.786596e-03  1.716917e-02  7.797953e-03
    endloop
  endfacet
  facet normal  7.694607e-02 -8.557165e-01 -5.116918e-01
    outer loop
      vertex   1.786596e-03  1.716917e-02  7.797953e-03
      vertex   1.768303e-03  1.686860e-02  8.297853e-03
      vertex   1.636730e-03  1.682142e-02  8.356973e-03
    endloop
  endfacet
  facet normal  1.840245e-01 -8.559799e-01 -4.831494e-01
    outer loop
      vertex   1.433374e-03  1.669672e-02  8.500445e-03
      vertex   1.786596e-03  1.716917e-02  7.797953e-03
      vertex   1.636730e-03  1.682142e-02  8.356973e-03
    endloop
  endfacet
  facet normal -1.179595e-01 -8.491210e-01 -5.148582e-01
    outer loop
      vertex   2.020704e-03  1.686860e-02  8.240025e-03
      vertex   1.768303e-03  1.686860e-02  8.297853e-03
      vertex   1.786596e-03  1.716917e-02  7.797953e-03
    endloop
  endfacet
  facet normal  2.641487e-01 -8.591881e-01 -4.382024e-01
    outer loop
      vertex   1.273062e-03  1.655329e-02  8.685032e-03
      vertex   1.241978e-03  1.655329e-02  8.666295e-03
      vertex   1.433374e-03  1.669672e-02  8.500445e-03
    endloop
  endfacet
  facet normal  2.530088e-01 -8.569148e-01 -4.490919e-01
    outer loop
      vertex   1.433374e-03  1.669672e-02  8.500445e-03
      vertex   1.241978e-03  1.655329e-02  8.666295e-03
      vertex   1.786596e-03  1.716917e-02  7.797953e-03
    endloop
  endfacet
  facet normal -4.285699e-01 -8.591944e-01 -2.794868e-01
    outer loop
      vertex   2.654937e-03  1.655329e-02  8.342571e-03
      vertex   2.635112e-03  1.655329e-02  8.372972e-03
      vertex   2.410113e-03  1.669690e-02  8.276499e-03
    endloop
  endfacet
  facet normal -3.747727e-01 -8.558926e-01 -3.563610e-01
    outer loop
      vertex   2.410113e-03  1.669690e-02  8.276499e-03
      vertex   2.159059e-03  1.682380e-02  8.235736e-03
      vertex   1.786596e-03  1.716917e-02  7.797953e-03
    endloop
  endfacet
  facet normal -4.232651e-01 -8.569137e-01 -2.941860e-01
    outer loop
      vertex   2.654937e-03  1.655329e-02  8.342571e-03
      vertex   2.410113e-03  1.669690e-02  8.276499e-03
      vertex   1.786596e-03  1.716917e-02  7.797953e-03
    endloop
  endfacet
  facet normal -8.376243e-01  0.000000e+00 -5.462468e-01
    outer loop
      vertex   2.635112e-03  1.475329e-02  8.372972e-03
      vertex   2.635112e-03  1.655329e-02  8.372972e-03
      vertex   2.654937e-03  1.655329e-02  8.342571e-03
    endloop
  endfacet
  facet normal  3.946513e-01  1.075903e-03 -9.188303e-01
    outer loop
      vertex   1.241978e-03  1.015329e-02  8.666295e-03
      vertex   1.273062e-03  1.475329e-02  8.685032e-03
      vertex   1.498060e-03  1.460968e-02  8.781504e-03
    endloop
  endfacet
  facet normal  2.939590e-01  7.817492e-03 -9.557860e-01
    outer loop
      vertex   1.241978e-03  1.015329e-02  8.666295e-03
      vertex   1.498060e-03  1.460968e-02  8.781504e-03
      vertex   1.749114e-03  1.015329e-02  8.822268e-03
    endloop
  endfacet
  facet normal -6.807768e-01  3.449372e-04 -7.324908e-01
    outer loop
      vertex   2.266293e-03  1.015329e-02  8.703777e-03
      vertex   2.271443e-03  1.448516e-02  8.701030e-03
      vertex   2.654937e-03  1.015329e-02  8.342571e-03
    endloop
  endfacet
  facet normal -5.827973e-01  1.563691e-02 -8.124671e-01
    outer loop
      vertex   2.654937e-03  1.015329e-02  8.342571e-03
      vertex   2.271443e-03  1.448516e-02  8.701030e-03
      vertex   2.474799e-03  1.460986e-02  8.557559e-03
    endloop
  endfacet
  facet normal  1.602727e-01  0.000000e+00 -9.870728e-01
    outer loop
      vertex   1.498060e-03  1.460968e-02  8.781504e-03
      vertex   1.749114e-03  1.448277e-02  8.822268e-03
      vertex   1.749114e-03  1.015329e-02  8.822268e-03
    endloop
  endfacet
  facet normal -3.099648e-02  0.000000e+00 -9.995195e-01
    outer loop
      vertex   1.749114e-03  1.015329e-02  8.822268e-03
      vertex   1.749114e-03  1.448277e-02  8.822268e-03
      vertex   1.887470e-03  1.443798e-02  8.817977e-03
    endloop
  endfacet
  facet normal -2.233199e-01  6.235094e-03 -9.747253e-01
    outer loop
      vertex   1.749114e-03  1.015329e-02  8.822268e-03
      vertex   1.887470e-03  1.443798e-02  8.817977e-03
      vertex   2.266293e-03  1.015329e-02  8.703777e-03
    endloop
  endfacet
  facet normal -2.233201e-01  6.235082e-03 -9.747252e-01
    outer loop
      vertex   2.266293e-03  1.015329e-02  8.703777e-03
      vertex   1.887470e-03  1.443798e-02  8.817977e-03
      vertex   2.139870e-03  1.443798e-02  8.760150e-03
    endloop
  endfacet
  facet normal -4.098281e-01 -9.109712e-05 -9.121628e-01
    outer loop
      vertex   2.266293e-03  1.015329e-02  8.703777e-03
      vertex   2.139870e-03  1.443798e-02  8.760150e-03
      vertex   2.271443e-03  1.448516e-02  8.701030e-03
    endloop
  endfacet
  facet normal  5.162584e-01  0.000000e+00 -8.564329e-01
    outer loop
      vertex   1.273062e-03  1.655329e-02  8.685032e-03
      vertex   1.273062e-03  1.475329e-02  8.685032e-03
      vertex   1.241978e-03  1.655329e-02  8.666295e-03
    endloop
  endfacet
  facet normal  5.162583e-01  0.000000e+00 -8.564329e-01
    outer loop
      vertex   1.241978e-03  1.655329e-02  8.666295e-03
      vertex   1.273062e-03  1.475329e-02  8.685032e-03
      vertex   1.241978e-03  1.015329e-02  8.666295e-03
    endloop
  endfacet
  facet normal  7.324905e-01  0.000000e+00 -6.807772e-01
    outer loop
      vertex   1.241978e-03  1.655329e-02  8.666295e-03
      vertex   1.241978e-03  1.015329e-02  8.666295e-03
      vertex   8.807725e-04  1.655329e-02  8.277651e-03
    endloop
  endfacet
  facet normal  7.324905e-01  0.000000e+00 -6.807772e-01
    outer loop
      vertex   8.807725e-04  1.655329e-02  8.277651e-03
      vertex   1.241978e-03  1.015329e-02  8.666295e-03
      vertex   8.807725e-04  1.015329e-02  8.277651e-03
    endloop
  endfacet
  facet normal  9.747441e-01  0.000000e+00 -2.233244e-01
    outer loop
      vertex   8.807725e-04  1.655329e-02  8.277651e-03
      vertex   8.807725e-04  1.015329e-02  8.277651e-03
      vertex   7.622812e-04  1.655329e-02  7.760472e-03
    endloop
  endfacet
  facet normal  9.747441e-01  0.000000e+00 -2.233244e-01
    outer loop
      vertex   7.622812e-04  1.655329e-02  7.760472e-03
      vertex   8.807725e-04  1.015329e-02  8.277651e-03
      vertex   7.622812e-04  1.015329e-02  7.760472e-03
    endloop
  endfacet
  facet normal  9.558155e-01  0.000000e+00  2.939671e-01
    outer loop
      vertex   7.622812e-04  1.655329e-02  7.760472e-03
      vertex   7.622812e-04  1.015329e-02  7.760472e-03
      vertex   9.182540e-04  1.655329e-02  7.253336e-03
    endloop
  endfacet
  facet normal  9.558155e-01  0.000000e+00  2.939671e-01
    outer loop
      vertex   9.182540e-04  1.655329e-02  7.253336e-03
      vertex   7.622812e-04  1.015329e-02  7.760472e-03
      vertex   9.182540e-04  1.015329e-02  7.253336e-03
    endloop
  endfacet
  facet normal  6.807765e-01  0.000000e+00  7.324912e-01
    outer loop
      vertex   9.182540e-04  1.655329e-02  7.253336e-03
      vertex   9.182540e-04  1.015329e-02  7.253336e-03
      vertex   1.306898e-03  1.655329e-02  6.892130e-03
    endloop
  endfacet
  facet normal  6.807765e-01  0.000000e+00  7.324912e-01
    outer loop
      vertex   1.306898e-03  1.655329e-02  6.892130e-03
      vertex   9.182540e-04  1.015329e-02  7.253336e-03
      vertex   1.306898e-03  1.015329e-02  6.892130e-03
    endloop
  endfacet
  facet normal  2.233242e-01  0.000000e+00  9.747442e-01
    outer loop
      vertex   1.306898e-03  1.655329e-02  6.892130e-03
      vertex   1.306898e-03  1.015329e-02  6.892130e-03
      vertex   1.824078e-03  1.655329e-02  6.773639e-03
    endloop
  endfacet
  facet normal  2.233242e-01  0.000000e+00  9.747442e-01
    outer loop
      vertex   1.824078e-03  1.655329e-02  6.773639e-03
      vertex   1.306898e-03  1.015329e-02  6.892130e-03
      vertex   1.824078e-03  1.015329e-02  6.773639e-03
    endloop
  endfacet
  facet normal -2.939672e-01  0.000000e+00  9.558155e-01
    outer loop
      vertex   1.824078e-03  1.655329e-02  6.773639e-03
      vertex   1.824078e-03  1.015329e-02  6.773639e-03
      vertex   2.331213e-03  1.655329e-02  6.929612e-03
    endloop
  endfacet
  facet normal -2.939672e-01  0.000000e+00  9.558155e-01
    outer loop
      vertex   2.331213e-03  1.655329e-02  6.929612e-03
      vertex   1.824078e-03  1.015329e-02  6.773639e-03
      vertex   2.331213e-03  1.015329e-02  6.929612e-03
    endloop
  endfacet
  facet normal -7.324911e-01  0.000000e+00  6.807765e-01
    outer loop
      vertex   2.331213e-03  1.655329e-02  6.929612e-03
      vertex   2.331213e-03  1.015329e-02  6.929612e-03
      vertex   2.692419e-03  1.655329e-02  7.318256e-03
    endloop
  endfacet
  facet normal -7.324911e-01  0.000000e+00  6.807765e-01
    outer loop
      vertex   2.692419e-03  1.655329e-02  7.318256e-03
      vertex   2.331213e-03  1.015329e-02  6.929612e-03
      vertex   2.692419e-03  1.015329e-02  7.318256e-03
    endloop
  endfacet
  facet normal -9.747441e-01  0.000000e+00  2.233248e-01
    outer loop
      vertex   2.692419e-03  1.655329e-02  7.318256e-03
      vertex   2.692419e-03  1.015329e-02  7.318256e-03
      vertex   2.810910e-03  1.655329e-02  7.835435e-03
    endloop
  endfacet
  facet normal -9.747441e-01  0.000000e+00  2.233248e-01
    outer loop
      vertex   2.810910e-03  1.655329e-02  7.835435e-03
      vertex   2.692419e-03  1.015329e-02  7.318256e-03
      vertex   2.810910e-03  1.015329e-02  7.835435e-03
    endloop
  endfacet
  facet normal -9.558156e-01 -0.000000e+00 -2.939670e-01
    outer loop
      vertex   2.810910e-03  1.655329e-02  7.835435e-03
      vertex   2.810910e-03  1.015329e-02  7.835435e-03
      vertex   2.654937e-03  1.655329e-02  8.342571e-03
    endloop
  endfacet
  facet normal -9.558156e-01 -0.000000e+00 -2.939670e-01
    outer loop
      vertex   2.654937e-03  1.655329e-02  8.342571e-03
      vertex   2.810910e-03  1.015329e-02  7.835435e-03
      vertex   2.654937e-03  1.015329e-02  8.342571e-03
    endloop
  endfacet
  facet normal -8.376243e-01 -0.000000e+00 -5.462469e-01
    outer loop
      vertex   2.654937e-03  1.655329e-02  8.342571e-03
      vertex   2.654937e-03  1.015329e-02  8.342571e-03
      vertex   2.635112e-03  1.475329e-02  8.372972e-03
    endloop
  endfacet
  facet normal -7.554199e-01  1.074628e-03 -6.552401e-01
    outer loop
      vertex   2.635112e-03  1.475329e-02  8.372972e-03
      vertex   2.654937e-03  1.015329e-02  8.342571e-03
      vertex   2.474799e-03  1.460986e-02  8.557559e-03
    endloop
  endfacet
  facet normal -1.552734e-01 -8.491198e-01  5.048621e-01
    outer loop
      vertex   7.797953e-03  1.716917e-02 -1.786596e-03
      vertex   7.835435e-03  1.655329e-02 -2.810910e-03
      vertex   8.342571e-03  1.655329e-02 -2.654937e-03
    endloop
  endfacet
  facet normal  1.179603e-01 -8.491198e-01  5.148602e-01
    outer loop
      vertex   7.318256e-03  1.655329e-02 -2.692419e-03
      vertex   7.835435e-03  1.655329e-02 -2.810910e-03
      vertex   7.797953e-03  1.716917e-02 -1.786596e-03
    endloop
  endfacet
  facet normal  3.595864e-01 -8.491197e-01  3.869021e-01
    outer loop
      vertex   6.929612e-03  1.655329e-02 -2.331213e-03
      vertex   7.318256e-03  1.655329e-02 -2.692419e-03
      vertex   7.797953e-03  1.716917e-02 -1.786596e-03
    endloop
  endfacet
  facet normal -1.179599e-01 -8.491198e-01 -5.148602e-01
    outer loop
      vertex   7.797953e-03  1.716917e-02 -1.786596e-03
      vertex   8.277651e-03  1.655329e-02 -8.807725e-04
      vertex   7.760472e-03  1.655329e-02 -7.622812e-04
    endloop
  endfacet
  facet normal -3.595867e-01 -8.491198e-01 -3.869017e-01
    outer loop
      vertex   8.666295e-03  1.655329e-02 -1.241978e-03
      vertex   8.277651e-03  1.655329e-02 -8.807725e-04
      vertex   7.797953e-03  1.716917e-02 -1.786596e-03
    endloop
  endfacet
  facet normal  5.148603e-01 -8.491198e-01 -1.179600e-01
    outer loop
      vertex   7.797953e-03  1.716917e-02 -1.786596e-03
      vertex   6.892130e-03  1.655329e-02 -1.306898e-03
      vertex   6.773639e-03  1.655329e-02 -1.824078e-03
    endloop
  endfacet
  facet normal  3.869020e-01 -8.491198e-01 -3.595863e-01
    outer loop
      vertex   7.253336e-03  1.655329e-02 -9.182540e-04
      vertex   6.892130e-03  1.655329e-02 -1.306898e-03
      vertex   7.797953e-03  1.716917e-02 -1.786596e-03
    endloop
  endfacet
  facet normal  1.552735e-01 -8.491198e-01 -5.048621e-01
    outer loop
      vertex   7.760472e-03  1.655329e-02 -7.622812e-04
      vertex   7.253336e-03  1.655329e-02 -9.182540e-04
      vertex   7.797953e-03  1.716917e-02 -1.786596e-03
    endloop
  endfacet
  facet normal  5.048621e-01 -8.491198e-01  1.552736e-01
    outer loop
      vertex   6.773639e-03  1.655329e-02 -1.824078e-03
      vertex   6.929612e-03  1.655329e-02 -2.331213e-03
      vertex   7.797953e-03  1.716917e-02 -1.786596e-03
    endloop
  endfacet
  facet normal -4.280983e-01 -8.558106e-01  2.903788e-01
    outer loop
      vertex   8.235736e-03  1.682380e-02 -2.159059e-03
      vertex   8.240025e-03  1.686860e-02 -2.020704e-03
      vertex   7.797953e-03  1.716917e-02 -1.786596e-03
    endloop
  endfacet
  facet normal -5.116918e-01 -8.557165e-01 -7.694607e-02
    outer loop
      vertex   7.797953e-03  1.716917e-02 -1.786596e-03
      vertex   8.297853e-03  1.686860e-02 -1.768303e-03
      vertex   8.356973e-03  1.682142e-02 -1.636730e-03
    endloop
  endfacet
  facet normal -4.831494e-01 -8.559799e-01 -1.840245e-01
    outer loop
      vertex   8.500445e-03  1.669672e-02 -1.433374e-03
      vertex   7.797953e-03  1.716917e-02 -1.786596e-03
      vertex   8.356973e-03  1.682142e-02 -1.636730e-03
    endloop
  endfacet
  facet normal -5.148582e-01 -8.491210e-01  1.179595e-01
    outer loop
      vertex   8.240025e-03  1.686860e-02 -2.020704e-03
      vertex   8.297853e-03  1.686860e-02 -1.768303e-03
      vertex   7.797953e-03  1.716917e-02 -1.786596e-03
    endloop
  endfacet
  facet normal -4.382024e-01 -8.591881e-01 -2.641487e-01
    outer loop
      vertex   8.685032e-03  1.655329e-02 -1.273062e-03
      vertex   8.666295e-03  1.655329e-02 -1.241978e-03
      vertex   8.500445e-03  1.669672e-02 -1.433374e-03
    endloop
  endfacet
  facet normal -4.490919e-01 -8.569148e-01 -2.530088e-01
    outer loop
      vertex   8.500445e-03  1.669672e-02 -1.433374e-03
      vertex   8.666295e-03  1.655329e-02 -1.241978e-03
      vertex   7.797953e-03  1.716917e-02 -1.786596e-03
    endloop
  endfacet
  facet normal -2.794868e-01 -8.591944e-01  4.285699e-01
    outer loop
      vertex   8.342571e-03  1.655329e-02 -2.654937e-03
      vertex   8.372972e-03  1.655329e-02 -2.635112e-03
      vertex   8.276499e-03  1.669690e-02 -2.410113e-03
    endloop
  endfacet
  facet normal -3.563610e-01 -8.558926e-01  3.747727e-01
    outer loop
      vertex   8.276499e-03  1.669690e-02 -2.410113e-03
      vertex   8.235736e-03  1.682380e-02 -2.159059e-03
      vertex   7.797953e-03  1.716917e-02 -1.786596e-03
    endloop
  endfacet
  facet normal -2.941860e-01 -8.569137e-01  4.232651e-01
    outer loop
      vertex   8.342571e-03  1.655329e-02 -2.654937e-03
      vertex   8.276499e-03  1.669690e-02 -2.410113e-03
      vertex   7.797953e-03  1.716917e-02 -1.786596e-03
    endloop
  endfacet
  facet normal -5.462468e-01  0.000000e+00  8.376243e-01
    outer loop
      vertex   8.372972e-03  1.475329e-02 -2.635112e-03
      vertex   8.372972e-03  1.655329e-02 -2.635112e-03
      vertex   8.342571e-03  1.655329e-02 -2.654937e-03
    endloop
  endfacet
  facet normal -9.188303e-01  1.075903e-03 -3.946513e-01
    outer loop
      vertex   8.666295e-03  1.015329e-02 -1.241978e-03
      vertex   8.685032e-03  1.475329e-02 -1.273062e-03
      vertex   8.781504e-03  1.460968e-02 -1.498060e-03
    endloop
  endfacet
  facet normal -9.557860e-01  7.817491e-03 -2.939590e-01
    outer loop
      vertex   8.666295e-03  1.015329e-02 -1.241978e-03
      vertex   8.781504e-03  1.460968e-02 -1.498060e-03
      vertex   8.822268e-03  1.015329e-02 -1.749114e-03
    endloop
  endfacet
  facet normal -7.324908e-01  3.449372e-04  6.807768e-01
    outer loop
      vertex   8.703777e-03  1.015329e-02 -2.266293e-03
      vertex   8.701030e-03  1.448516e-02 -2.271443e-03
      vertex   8.342571e-03  1.015329e-02 -2.654937e-03
    endloop
  endfacet
  facet normal -8.124671e-01  1.563691e-02  5.827973e-01
    outer loop
      vertex   8.342571e-03  1.015329e-02 -2.654937e-03
      vertex   8.701030e-03  1.448516e-02 -2.271443e-03
      vertex   8.557559e-03  1.460986e-02 -2.474799e-03
    endloop
  endfacet
  facet normal -9.870728e-01  0.000000e+00 -1.602727e-01
    outer loop
      vertex   8.781504e-03  1.460968e-02 -1.498060e-03
      vertex   8.822268e-03  1.448277e-02 -1.749114e-03
      vertex   8.822268e-03  1.015329e-02 -1.749114e-03
    endloop
  endfacet
  facet normal -9.995195e-01  0.000000e+00  3.099648e-02
    outer loop
      vertex   8.822268e-03  1.015329e-02 -1.749114e-03
      vertex   8.822268e-03  1.448277e-02 -1.749114e-03
      vertex   8.817977e-03  1.443798e-02 -1.887470e-03
    endloop
  endfacet
  facet normal -9.747253e-01  6.235094e-03  2.233199e-01
    outer loop
      vertex   8.822268e-03  1.015329e-02 -1.749114e-03
      vertex   8.817977e-03  1.443798e-02 -1.887470e-03
      vertex   8.703777e-03  1.015329e-02 -2.266293e-03
    endloop
  endfacet
  facet normal -9.747252e-01  6.235082e-03  2.233201e-01
    outer loop
      vertex   8.703777e-03  1.015329e-02 -2.266293e-03
      vertex   8.817977e-03  1.443798e-02 -1.887470e-03
      vertex   8.760150e-03  1.443798e-02 -2.139870e-03
    endloop
  endfacet
  facet normal -9.121628e-01 -9.109712e-05  4.098281e-01
    outer loop
      vertex   8.703777e-03  1.015329e-02 -2.266293e-03
      vertex   8.760150e-03  1.443798e-02 -2.139870e-03
      vertex   8.701030e-03  1.448516e-02 -2.271443e-03
    endloop
  endfacet
  facet normal -8.564329e-01 -0.000000e+00 -5.162584e-01
    outer loop
      vertex   8.685032e-03  1.655329e-02 -1.273062e-03
      vertex   8.685032e-03  1.475329e-02 -1.273062e-03
      vertex   8.666295e-03  1.655329e-02 -1.241978e-03
    endloop
  endfacet
  facet normal -8.564329e-01 -0.000000e+00 -5.162583e-01
    outer loop
      vertex   8.666295e-03  1.655329e-02 -1.241978e-03
      vertex   8.685032e-03  1.475329e-02 -1.273062e-03
      vertex   8.666295e-03  1.015329e-02 -1.241978e-03
    endloop
  endfacet
  facet normal -6.807772e-01 -0.000000e+00 -7.324905e-01
    outer loop
      vertex   8.666295e-03  1.655329e-02 -1.241978e-03
      vertex   8.666295e-03  1.015329e-02 -1.241978e-03
      vertex   8.277651e-03  1.655329e-02 -8.807725e-04
    endloop
  endfacet
  facet normal -6.807772e-01 -0.000000e+00 -7.324905e-01
    outer loop
      vertex   8.277651e-03  1.655329e-02 -8.807725e-04
      vertex   8.666295e-03  1.015329e-02 -1.241978e-03
      vertex   8.277651e-03  1.015329e-02 -8.807725e-04
    endloop
  endfacet
  facet normal -2.233244e-01 -0.000000e+00 -9.747441e-01
    outer loop
      vertex   8.277651e-03  1.655329e-02 -8.807725e-04
      vertex   8.277651e-03  1.015329e-02 -8.807725e-04
      vertex   7.760472e-03  1.655329e-02 -7.622812e-04
    endloop
  endfacet
  facet normal -2.233244e-01 -0.000000e+00 -9.747441e-01
    outer loop
      vertex   7.760472e-03  1.655329e-02 -7.622812e-04
      vertex   8.277651e-03  1.015329e-02 -8.807725e-04
      vertex   7.760472e-03  1.015329e-02 -7.622812e-04
    endloop
  endfacet
  facet normal  2.939671e-01  0.000000e+00 -9.558155e-01
    outer loop
      vertex   7.760472e-03  1.655329e-02 -7.622812e-04
      vertex   7.760472e-03  1.015329e-02 -7.622812e-04
      vertex   7.253336e-03  1.655329e-02 -9.182540e-04
    endloop
  endfacet
  facet normal  2.939671e-01  0.000000e+00 -9.558155e-01
    outer loop
      vertex   7.253336e-03  1.655329e-02 -9.182540e-04
      vertex   7.760472e-03  1.015329e-02 -7.622812e-04
      vertex   7.253336e-03  1.015329e-02 -9.182540e-04
    endloop
  endfacet
  facet normal  7.324912e-01  0.000000e+00 -6.807765e-01
    outer loop
      vertex   7.253336e-03  1.655329e-02 -9.182540e-04
      vertex   7.253336e-03  1.015329e-02 -9.182540e-04
      vertex   6.892130e-03  1.655329e-02 -1.306898e-03
    endloop
  endfacet
  facet normal  7.324912e-01  0.000000e+00 -6.807765e-01
    outer loop
      vertex   6.892130e-03  1.655329e-02 -1.306898e-03
      vertex   7.253336e-03  1.015329e-02 -9.182540e-04
      vertex   6.892130e-03  1.015329e-02 -1.306898e-03
    endloop
  endfacet
  facet normal  9.747442e-01  0.000000e+00 -2.233242e-01
    outer loop
      vertex   6.892130e-03  1.655329e-02 -1.306898e-03
      vertex   6.892130e-03  1.015329e-02 -1.306898e-03
      vertex   6.773639e-03  1.655329e-02 -1.824078e-03
    endloop
  endfacet
  facet normal  9.747442e-01  0.000000e+00 -2.233242e-01
    outer loop
      vertex   6.773639e-03  1.655329e-02 -1.824078e-03
      vertex   6.892130e-03  1.015329e-02 -1.306898e-03
      vertex   6.773639e-03  1.015329e-02 -1.824078e-03
    endloop
  endfacet
  facet normal  9.558155e-01  0.000000e+00  2.939672e-01
    outer loop
      vertex   6.773639e-03  1.655329e-02 -1.824078e-03
      vertex   6.773639e-03  1.015329e-02 -1.824078e-03
      vertex   6.929612e-03  1.655329e-02 -2.331213e-03
    endloop
  endfacet
  facet normal  9.558155e-01  0.000000e+00  2.939672e-01
    outer loop
      vertex   6.929612e-03  1.655329e-02 -2.331213e-03
      vertex   6.773639e-03  1.015329e-02 -1.824078e-03
      vertex   6.929612e-03  1.015329e-02 -2.331213e-03
    endloop
  endfacet
  facet normal  6.807765e-01  0.000000e+00  7.324911e-01
    outer loop
      vertex   6.929612e-03  1.655329e-02 -2.331213e-03
      vertex   6.929612e-03  1.015329e-02 -2.331213e-03
      vertex   7.318256e-03  1.655329e-02 -2.692419e-03
    endloop
  endfacet
  facet normal  6.807765e-01  0.000000e+00  7.324911e-01
    outer loop
      vertex   7.318256e-03  1.655329e-02 -2.692419e-03
      vertex   6.929612e-03  1.015329e-02 -2.331213e-03
      vertex   7.318256e-03  1.015329e-02 -2.692419e-03
    endloop
  endfacet
  facet normal  2.233248e-01  0.000000e+00  9.747441e-01
    outer loop
      vertex   7.318256e-03  1.655329e-02 -2.692419e-03
      vertex   7.318256e-03  1.015329e-02 -2.692419e-03
      vertex   7.835435e-03  1.655329e-02 -2.810910e-03
    endloop
  endfacet
  facet normal  2.233248e-01  0.000000e+00  9.747441e-01
    outer loop
      vertex   7.835435e-03  1.655329e-02 -2.810910e-03
      vertex   7.318256e-03  1.015329e-02 -2.692419e-03
      vertex   7.835435e-03  1.015329e-02 -2.810910e-03
    endloop
  endfacet
  facet normal -2.939670e-01  0.000000e+00  9.558156e-01
    outer loop
      vertex   7.835435e-03  1.655329e-02 -2.810910e-03
      vertex   7.835435e-03  1.015329e-02 -2.810910e-03
      vertex   8.342571e-03  1.655329e-02 -2.654937e-03
    endloop
  endfacet
  facet normal -2.939670e-01  0.000000e+00  9.558156e-01
    outer loop
      vertex   8.342571e-03  1.655329e-02 -2.654937e-03
      vertex   7.835435e-03  1.015329e-02 -2.810910e-03
      vertex   8.342571e-03  1.015329e-02 -2.654937e-03
    endloop
  endfacet
  facet normal -5.462469e-01  0.000000e+00  8.376243e-01
    outer loop
      vertex   8.342571e-03  1.655329e-02 -2.654937e-03
      vertex   8.342571e-03  1.015329e-02 -2.654937e-03
      vertex   8.372972e-03  1.475329e-02 -2.635112e-03
    endloop
  endfacet
  facet normal -6.552401e-01  1.074628e-03  7.554199e-01
    outer loop
      vertex   8.372972e-03  1.475329e-02 -2.635112e-03
      vertex   8.342571e-03  1.015329e-02 -2.654937e-03
      vertex   8.557559e-03  1.460986e-02 -2.474799e-03
    endloop
  endfacet
  facet normal -5.048621e-01 -8.491198e-01 -1.552734e-01
    outer loop
      vertex  -1.786596e-03  1.716917e-02 -7.797953e-03
      vertex  -7.622812e-04  1.655329e-02 -7.760472e-03
      vertex  -9.182540e-04  1.655329e-02 -7.253336e-03
    endloop
  endfacet
  facet normal -5.148602e-01 -8.491198e-01  1.179600e-01
    outer loop
      vertex  -8.807725e-04  1.655329e-02 -8.277651e-03
      vertex  -7.622812e-04  1.655329e-02 -7.760472e-03
      vertex  -1.786596e-03  1.716917e-02 -7.797953e-03
    endloop
  endfacet
  facet normal -3.869017e-01 -8.491198e-01  3.595867e-01
    outer loop
      vertex  -1.241978e-03  1.655329e-02 -8.666295e-03
      vertex  -8.807725e-04  1.655329e-02 -8.277651e-03
      vertex  -1.786596e-03  1.716917e-02 -7.797953e-03
    endloop
  endfacet
  facet normal  1.552736e-01 -8.491198e-01 -5.048621e-01
    outer loop
      vertex  -1.786596e-03  1.716917e-02 -7.797953e-03
      vertex  -1.824078e-03  1.655329e-02 -6.773639e-03
      vertex  -2.331213e-03  1.655329e-02 -6.929612e-03
    endloop
  endfacet
  facet normal -1.179599e-01 -8.491198e-01 -5.148603e-01
    outer loop
      vertex  -1.306898e-03  1.655329e-02 -6.892130e-03
      vertex  -1.824078e-03  1.655329e-02 -6.773639e-03
      vertex  -1.786596e-03  1.716917e-02 -7.797953e-03
    endloop
  endfacet
  facet normal -3.595863e-01 -8.491198e-01 -3.869020e-01
    outer loop
      vertex  -9.182540e-04  1.655329e-02 -7.253336e-03
      vertex  -1.306898e-03  1.655329e-02 -6.892130e-03
      vertex  -1.786596e-03  1.716917e-02 -7.797953e-03
    endloop
  endfacet
  facet normal  5.048621e-01 -8.491198e-01  1.552734e-01
    outer loop
      vertex  -1.786596e-03  1.716917e-02 -7.797953e-03
      vertex  -2.810910e-03  1.655329e-02 -7.835435e-03
      vertex  -2.654937e-03  1.655329e-02 -8.342571e-03
    endloop
  endfacet
  facet normal  5.148602e-01 -8.491198e-01 -1.179603e-01
    outer loop
      vertex  -2.692419e-03  1.655329e-02 -7.318256e-03
      vertex  -2.810910e-03  1.655329e-02 -7.835435e-03
      vertex  -1.786596e-03  1.716917e-02 -7.797953e-03
    endloop
  endfacet
  facet normal  3.869021e-01 -8.491197e-01 -3.595864e-01
    outer loop
      vertex  -2.331213e-03  1.655329e-02 -6.929612e-03
      vertex  -2.692419e-03  1.655329e-02 -7.318256e-03
      vertex  -1.786596e-03  1.716917e-02 -7.797953e-03
    endloop
  endfacet
  facet normal  2.903788e-01 -8.558106e-01  4.280983e-01
    outer loop
      vertex  -2.159059e-03  1.682380e-02 -8.235736e-03
      vertex  -2.020704e-03  1.686860e-02 -8.240025e-03
      vertex  -1.786596e-03  1.716917e-02 -7.797953e-03
    endloop
  endfacet
  facet normal -7.694607e-02 -8.557165e-01  5.116918e-01
    outer loop
      vertex  -1.786596e-03  1.716917e-02 -7.797953e-03
      vertex  -1.768303e-03  1.686860e-02 -8.297853e-03
      vertex  -1.636730e-03  1.682142e-02 -8.356973e-03
    endloop
  endfacet
  facet normal -1.840245e-01 -8.559799e-01  4.831494e-01
    outer loop
      vertex  -1.433374e-03  1.669672e-02 -8.500445e-03
      vertex  -1.786596e-03  1.716917e-02 -7.797953e-03
      vertex  -1.636730e-03  1.682142e-02 -8.356973e-03
    endloop
  endfacet
  facet normal  1.179595e-01 -8.491210e-01  5.148582e-01
    outer loop
      vertex  -2.020704e-03  1.686860e-02 -8.240025e-03
      vertex  -1.768303e-03  1.686860e-02 -8.297853e-03
      vertex  -1.786596e-03  1.716917e-02 -7.797953e-03
    endloop
  endfacet
  facet normal -2.641487e-01 -8.591881e-01  4.382024e-01
    outer loop
      vertex  -1.273062e-03  1.655329e-02 -8.685032e-03
      vertex  -1.241978e-03  1.655329e-02 -8.666295e-03
      vertex  -1.433374e-03  1.669672e-02 -8.500445e-03
    endloop
  endfacet
  facet normal -2.530088e-01 -8.569148e-01  4.490919e-01
    outer loop
      vertex  -1.433374e-03  1.669672e-02 -8.500445e-03
      vertex  -1.241978e-03  1.655329e-02 -8.666295e-03
      vertex  -1.786596e-03  1.716917e-02 -7.797953e-03
    endloop
  endfacet
  facet normal  4.285699e-01 -8.591944e-01  2.794868e-01
    outer loop
      vertex  -2.654937e-03  1.655329e-02 -8.342571e-03
      vertex  -2.635112e-03  1.655329e-02 -8.372972e-03
      vertex  -2.410113e-03  1.669690e-02 -8.276499e-03
    endloop
  endfacet
  facet normal  3.747727e-01 -8.558926e-01  3.563610e-01
    outer loop
      vertex  -2.410113e-03  1.669690e-02 -8.276499e-03
      vertex  -2.159059e-03  1.682380e-02 -8.235736e-03
      vertex  -1.786596e-03  1.716917e-02 -7.797953e-03
    endloop
  endfacet
  facet normal  4.232651e-01 -8.569137e-01  2.941860e-01
    outer loop
      vertex  -2.654937e-03  1.655329e-02 -8.342571e-03
      vertex  -2.410113e-03  1.669690e-02 -8.276499e-03
      vertex  -1.786596e-03  1.716917e-02 -7.797953e-03
    endloop
  endfacet
  facet normal  8.376243e-01 -0.000000e+00  5.462468e-01
    outer loop
      vertex  -2.635112e-03  1.475329e-02 -8.372972e-03
      vertex  -2.635112e-03  1.655329e-02 -8.372972e-03
      vertex  -2.654937e-03  1.655329e-02 -8.342571e-03
    endloop
  endfacet
  facet normal -3.946513e-01  1.075903e-03  9.188303e-01
    outer loop
      vertex  -1.241978e-03  1.015329e-02 -8.666295e-03
      vertex  -1.273062e-03  1.475329e-02 -8.685032e-03
      vertex  -1.498060e-03  1.460968e-02 -8.781504e-03
    endloop
  endfacet
  facet normal -2.939590e-01  7.817492e-03  9.557860e-01
    outer loop
      vertex  -1.241978e-03  1.015329e-02 -8.666295e-03
      vertex  -1.498060e-03  1.460968e-02 -8.781504e-03
      vertex  -1.749114e-03  1.015329e-02 -8.822268e-03
    endloop
  endfacet
  facet normal  6.807768e-01  3.449372e-04  7.324908e-01
    outer loop
      vertex  -2.266293e-03  1.015329e-02 -8.703777e-03
      vertex  -2.271443e-03  1.448516e-02 -8.701030e-03
      vertex  -2.654937e-03  1.015329e-02 -8.342571e-03
    endloop
  endfacet
  facet normal  5.827973e-01  1.563691e-02  8.124671e-01
    outer loop
      vertex  -2.654937e-03  1.015329e-02 -8.342571e-03
      vertex  -2.271443e-03  1.448516e-02 -8.701030e-03
      vertex  -2.474799e-03  1.460986e-02 -8.557559e-03
    endloop
  endfacet
  facet normal -1.602727e-01  0.000000e+00  9.870728e-01
    outer loop
      vertex  -1.498060e-03  1.460968e-02 -8.781504e-03
      vertex  -1.749114e-03  1.448277e-02 -8.822268e-03
      vertex  -1.749114e-03  1.015329e-02 -8.822268e-03
    endloop
  endfacet
  facet normal  3.099648e-02 -0.000000e+00  9.995195e-01
    outer loop
      vertex  -1.749114e-03  1.015329e-02 -8.822268e-03
      vertex  -1.749114e-03  1.448277e-02 -8.822268e-03
      vertex  -1.887470e-03  1.443798e-02 -8.817977e-03
    endloop
  endfacet
  facet normal  2.233199e-01  6.235094e-03  9.747253e-01
    outer loop
      vertex  -1.749114e-03  1.015329e-02 -8.822268e-03
      vertex  -1.887470e-03  1.443798e-02 -8.817977e-03
      vertex  -2.266293e-03  1.015329e-02 -8.703777e-03
    endloop
  endfacet
  facet normal  2.233201e-01  6.235082e-03  9.747252e-01
    outer loop
      vertex  -2.266293e-03  1.015329e-02 -8.703777e-03
      vertex  -1.887470e-03  1.443798e-02 -8.817977e-03
      vertex  -2.139870e-03  1.443798e-02 -8.760150e-03
    endloop
  endfacet
  facet normal  4.098281e-01 -9.109712e-05  9.121628e-01
    outer loop
      vertex  -2.266293e-03  1.015329e-02 -8.703777e-03
      vertex  -2.139870e-03  1.443798e-02 -8.760150e-03
      vertex  -2.271443e-03  1.448516e-02 -8.701030e-03
    endloop
  endfacet
  facet normal -5.162584e-01  0.000000e+00  8.564329e-01
    outer loop
      vertex  -1.273062e-03  1.655329e-02 -8.685032e-03
      vertex  -1.273062e-03  1.475329e-02 -8.685032e-03
      vertex  -1.241978e-03  1.655329e-02 -8.666295e-03
    endloop
  endfacet
  facet normal -5.162583e-01  0.000000e+00  8.564329e-01
    outer loop
      vertex  -1.241978e-03  1.655329e-02 -8.666295e-03
      vertex  -1.273062e-03  1.475329e-02 -8.685032e-03
      vertex  -1.241978e-03  1.015329e-02 -8.666295e-03
    endloop
  endfacet
  facet normal -7.324905e-01  0.000000e+00  6.807772e-01
    outer loop
      vertex  -1.241978e-03  1.655329e-02 -8.666295e-03
      vertex  -1.241978e-03  1.015329e-02 -8.666295e-03
      vertex  -8.807725e-04  1.655329e-02 -8.277651e-03
    endloop
  endfacet
  facet normal -7.324905e-01  0.000000e+00  6.807772e-01
    outer loop
      vertex  -8.807725e-04  1.655329e-02 -8.277651e-03
      vertex  -1.241978e-03  1.015329e-02 -8.666295e-03
      vertex  -8.807725e-04  1.015329e-02 -8.277651e-03
    endloop
  endfacet
  facet normal -9.747441e-01  0.000000e+00  2.233244e-01
    outer loop
      vertex  -8.807725e-04  1.655329e-02 -8.277651e-03
      vertex  -8.807725e-04  1.015329e-02 -8.277651e-03
      vertex  -7.622812e-04  1.655329e-02 -7.760472e-03
    endloop
  endfacet
  facet normal -9.747441e-01  0.000000e+00  2.233244e-01
    outer loop
      vertex  -7.622812e-04  1.655329e-02 -7.760472e-03
      vertex  -8.807725e-04  1.015329e-02 -8.277651e-03
      vertex  -7.622812e-04  1.015329e-02 -7.760472e-03
    endloop
  endfacet
  facet normal -9.558155e-01 -0.000000e+00 -2.939671e-01
    outer loop
      vertex  -7.622812e-04  1.655329e-02 -7.760472e-03
      vertex  -7.622812e-04  1.015329e-02 -7.760472e-03
      vertex  -9.182540e-04  1.655329e-02 -7.253336e-03
    endloop
  endfacet
  facet normal -9.558155e-01 -0.000000e+00 -2.939671e-01
    outer loop
      vertex  -9.182540e-04  1.655329e-02 -7.253336e-03
      vertex  -7.622812e-04  1.015329e-02 -7.760472e-03
      vertex  -9.182540e-04  1.015329e-02 -7.253336e-03
    endloop
  endfacet
  facet normal -6.807765e-01 -0.000000e+00 -7.324912e-01
    outer loop
      vertex  -9.182540e-04  1.655329e-02 -7.253336e-03
      vertex  -9.182540e-04  1.015329e-02 -7.253336e-03
      vertex  -1.306898e-03  1.655329e-02 -6.892130e-03
    endloop
  endfacet
  facet normal -6.807765e-01 -0.000000e+00 -7.324912e-01
    outer loop
      vertex  -1.306898e-03  1.655329e-02 -6.892130e-03
      vertex  -9.182540e-04  1.015329e-02 -7.253336e-03
      vertex  -1.306898e-03  1.015329e-02 -6.892130e-03
    endloop
  endfacet
  facet normal -2.233242e-01 -0.000000e+00 -9.747442e-01
    outer loop
      vertex  -1.306898e-03  1.655329e-02 -6.892130e-03
      vertex  -1.306898e-03  1.015329e-02 -6.892130e-03
      vertex  -1.824078e-03  1.655329e-02 -6.773639e-03
    endloop
  endfacet
  facet normal -2.233242e-01 -0.000000e+00 -9.747442e-01
    outer loop
      vertex  -1.824078e-03  1.655329e-02 -6.773639e-03
      vertex  -1.306898e-03  1.015329e-02 -6.892130e-03
      vertex  -1.824078e-03  1.015329e-02 -6.773639e-03
    endloop
  endfacet
  facet normal  2.939672e-01  0.000000e+00 -9.558155e-01
    outer loop
      vertex  -1.824078e-03  1.655329e-02 -6.773639e-03
      vertex  -1.824078e-03  1.015329e-02 -6.773639e-03
      vertex  -2.331213e-03  1.655329e-02 -6.929612e-03
    endloop
  endfacet
  facet normal  2.939672e-01  0.000000e+00 -9.558155e-01
    outer loop
      vertex  -2.331213e-03  1.655329e-02 -6.929612e-03
      vertex  -1.824078e-03  1.015329e-02 -6.773639e-03
      vertex  -2.331213e-03  1.015329e-02 -6.929612e-03
    endloop
  endfacet
  facet normal  7.324911e-01  0.000000e+00 -6.807765e-01
    outer loop
      vertex  -2.331213e-03  1.655329e-02 -6.929612e-03
      vertex  -2.331213e-03  1.015329e-02 -6.929612e-03
      vertex  -2.692419e-03  1.655329e-02 -7.318256e-03
    endloop
  endfacet
  facet normal  7.324911e-01  0.000000e+00 -6.807765e-01
    outer loop
      vertex  -2.692419e-03  1.655329e-02 -7.318256e-03
      vertex  -2.331213e-03  1.015329e-02 -6.929612e-03
      vertex  -2.692419e-03  1.015329e-02 -7.318256e-03
    endloop
  endfacet
  facet normal  9.747441e-01  0.000000e+00 -2.233248e-01
    outer loop
      vertex  -2.692419e-03  1.655329e-02 -7.318256e-03
      vertex  -2.692419e-03  1.015329e-02 -7.318256e-03
      vertex  -2.810910e-03  1.655329e-02 -7.835435e-03
    endloop
  endfacet
  facet normal  9.747441e-01  0.000000e+00 -2.233248e-01
    outer loop
      vertex  -2.810910e-03  1.655329e-02 -7.835435e-03
      vertex  -2.692419e-03  1.015329e-02 -7.318256e-03
      vertex  -2.810910e-03  1.015329e-02 -7.835435e-03
    endloop
  endfacet
  facet normal  9.558156e-01  0.000000e+00  2.939670e-01
    outer loop
      vertex  -2.810910e-03  1.655329e-02 -7.835435e-03
      vertex  -2.810910e-03  1.015329e-02 -7.835435e-03
      vertex  -2.654937e-03  1.655329e-02 -8.342571e-03
    endloop
  endfacet
  facet normal  9.558156e-01  0.000000e+00  2.939670e-01
    outer loop
      vertex  -2.654937e-03  1.655329e-02 -8.342571e-03
      vertex  -2.810910e-03  1.015329e-02 -7.835435e-03
      vertex  -2.654937e-03  1.015329e-02 -8.342571e-03
    endloop
  endfacet
  facet normal  8.376243e-01  0.000000e+00  5.462469e-01
    outer loop
      vertex  -2.654937e-03  1.655329e-02 -8.342571e-03
      vertex  -2.654937e-03  1.015329e-02 -8.342571e-03
      vertex  -2.635112e-03  1.475329e-02 -8.372972e-03
    endloop
  endfacet
  facet normal  7.554199e-01  1.074628e-03  6.552401e-01
    outer loop
      vertex  -2.635112e-03  1.475329e-02 -8.372972e-03
      vertex  -2.654937e-03  1.015329e-02 -8.342571e-03
      vertex  -2.474799e-03  1.460986e-02 -8.557559e-03
    endloop
  endfacet
  facet normal -1.552734e-01 -8.491198e-01  5.048621e-01
    outer loop
      vertex  -7.797953e-03  1.716917e-02  1.786596e-03
      vertex  -7.760472e-03  1.655329e-02  7.622812e-04
      vertex  -7.253336e-03  1.655329e-02  9.182540e-04
    endloop
  endfacet
  facet normal  1.179600e-01 -8.491198e-01  5.148602e-01
    outer loop
      vertex  -8.277651e-03  1.655329e-02  8.807725e-04
      vertex  -7.760472e-03  1.655329e-02  7.622812e-04
      vertex  -7.797953e-03  1.716917e-02  1.786596e-03
    endloop
  endfacet
  facet normal  3.595867e-01 -8.491198e-01  3.869017e-01
    outer loop
      vertex  -8.666295e-03  1.655329e-02  1.241978e-03
      vertex  -8.277651e-03  1.655329e-02  8.807725e-04
      vertex  -7.797953e-03  1.716917e-02  1.786596e-03
    endloop
  endfacet
  facet normal -5.048621e-01 -8.491198e-01 -1.552736e-01
    outer loop
      vertex  -7.797953e-03  1.716917e-02  1.786596e-03
      vertex  -6.773639e-03  1.655329e-02  1.824078e-03
      vertex  -6.929612e-03  1.655329e-02  2.331213e-03
    endloop
  endfacet
  facet normal -5.148603e-01 -8.491198e-01  1.179599e-01
    outer loop
      vertex  -6.892130e-03  1.655329e-02  1.306898e-03
      vertex  -6.773639e-03  1.655329e-02  1.824078e-03
      vertex  -7.797953e-03  1.716917e-02  1.786596e-03
    endloop
  endfacet
  facet normal -3.869020e-01 -8.491198e-01  3.595863e-01
    outer loop
      vertex  -7.253336e-03  1.655329e-02  9.182540e-04
      vertex  -6.892130e-03  1.655329e-02  1.306898e-03
      vertex  -7.797953e-03  1.716917e-02  1.786596e-03
    endloop
  endfacet
  facet normal  1.552734e-01 -8.491198e-01 -5.048621e-01
    outer loop
      vertex  -7.797953e-03  1.716917e-02  1.786596e-03
      vertex  -7.835435e-03  1.655329e-02  2.810910e-03
      vertex  -8.342571e-03  1.655329e-02  2.654937e-03
    endloop
  endfacet
  facet normal -1.179603e-01 -8.491198e-01 -5.148602e-01
    outer loop
      vertex  -7.318256e-03  1.655329e-02  2.692419e-03
      vertex  -7.835435e-03  1.655329e-02  2.810910e-03
      vertex  -7.797953e-03  1.716917e-02  1.786596e-03
    endloop
  endfacet
  facet normal -3.595864e-01 -8.491197e-01 -3.869021e-01
    outer loop
      vertex  -6.929612e-03  1.655329e-02  2.331213e-03
      vertex  -7.318256e-03  1.655329e-02  2.692419e-03
      vertex  -7.797953e-03  1.716917e-02  1.786596e-03
    endloop
  endfacet
  facet normal  4.280983e-01 -8.558106e-01 -2.903788e-01
    outer loop
      vertex  -8.235736e-03  1.682380e-02  2.159059e-03
      vertex  -8.240025e-03  1.686860e-02  2.020704e-03
      vertex  -7.797953e-03  1.716917e-02  1.786596e-03
    endloop
  endfacet
  facet normal  5.116918e-01 -8.557165e-01  7.694607e-02
    outer loop
      vertex  -7.797953e-03  1.716917e-02  1.786596e-03
      vertex  -8.297853e-03  1.686860e-02  1.768303e-03
      vertex  -8.356973e-03  1.682142e-02  1.636730e-03
    endloop
  endfacet
  facet normal  4.831494e-01 -8.559799e-01  1.840245e-01
    outer loop
      vertex  -8.500445e-03  1.669672e-02  1.433374e-03
      vertex  -7.797953e-03  1.716917e-02  1.786596e-03
      vertex  -8.356973e-03  1.682142e-02  1.636730e-03
    endloop
  endfacet
  facet normal  5.148582e-01 -8.491210e-01 -1.179595e-01
    outer loop
      vertex  -8.240025e-03  1.686860e-02  2.020704e-03
      vertex  -8.297853e-03  1.686860e-02  1.768303e-03
      vertex  -7.797953e-03  1.716917e-02  1.786596e-03
    endloop
  endfacet
  facet normal  4.382024e-01 -8.591881e-01  2.641487e-01
    outer loop
      vertex  -8.685032e-03  1.655329e-02  1.273062e-03
      vertex  -8.666295e-03  1.655329e-02  1.241978e-03
      vertex  -8.500445e-03  1.669672e-02  1.433374e-03
    endloop
  endfacet
  facet normal  4.490919e-01 -8.569148e-01  2.530088e-01
    outer loop
      vertex  -8.500445e-03  1.669672e-02  1.433374e-03
      vertex  -8.666295e-03  1.655329e-02  1.241978e-03
      vertex  -7.797953e-03  1.716917e-02  1.786596e-03
    endloop
  endfacet
  facet normal  2.794868e-01 -8.591944e-01 -4.285699e-01
    outer loop
      vertex  -8.342571e-03  1.655329e-02  2.654937e-03
      vertex  -8.372972e-03  1.655329e-02  2.635112e-03
      vertex  -8.276499e-03  1.669690e-02  2.410113e-03
    endloop
  endfacet
  facet normal  3.563610e-01 -8.558926e-01 -3.747727e-01
    outer loop
      vertex  -8.276499e-03  1.669690e-02  2.410113e-03
      vertex  -8.235736e-03  1.682380e-02  2.159059e-03
      vertex  -7.797953e-03  1.716917e-02  1.786596e-03
    endloop
  endfacet
  facet normal  2.941860e-01 -8.569137e-01 -4.232651e-01
    outer loop
      vertex  -8.342571e-03  1.655329e-02  2.654937e-03
      vertex  -8.276499e-03  1.669690e-02  2.410113e-03
      vertex  -7.797953e-03  1.716917e-02  1.786596e-03
    endloop
  endfacet
  facet normal  5.462468e-01  0.000000e+00 -8.376243e-01
    outer loop
      vertex  -8.372972e-03  1.475329e-02  2.635112e-03
      vertex  -8.372972e-03  1.655329e-02  2.635112e-03
      vertex  -8.342571e-03  1.655329e-02  2.654937e-03
    endloop
  endfacet
  facet normal  9.188303e-01  1.075903e-03  3.946513e-01
    outer loop
      vertex  -8.666295e-03  1.015329e-02  1.241978e-03
      vertex  -8.685032e-03  1.475329e-02  1.273062e-03
      vertex  -8.781504e-03  1.460968e-02  1.498060e-03
    endloop
  endfacet
  facet normal  9.557860e-01  7.817491e-03  2.939590e-01
    outer loop
      vertex  -8.666295e-03  1.015329e-02  1.241978e-03
      vertex  -8.781504e-03  1.460968e-02  1.498060e-03
      vertex  -8.822268e-03  1.015329e-02  1.749114e-03
    endloop
  endfacet
  facet normal  7.324908e-01  3.449372e-04 -6.807768e-01
    outer loop
      vertex  -8.703777e-03  1.015329e-02  2.266293e-03
      vertex  -8.701030e-03  1.448516e-02  2.271443e-03
      vertex  -8.342571e-03  1.015329e-02  2.654937e-03
    endloop
  endfacet
  facet normal  8.124671e-01  1.563691e-02 -5.827973e-01
    outer loop
      vertex  -8.342571e-03  1.015329e-02  2.654937e-03
      vertex  -8.701030e-03  1.448516e-02  2.271443e-03
      vertex  -8.557559e-03  1.460986e-02  2.474799e-03
    endloop
  endfacet
  facet normal  9.870728e-01  0.000000e+00  1.602727e-01
    outer loop
      vertex  -8.781504e-03  1.460968e-02  1.498060e-03
      vertex  -8.822268e-03  1.448277e-02  1.749114e-03
      vertex  -8.822268e-03  1.015329e-02  1.749114e-03
    endloop
  endfacet
  facet normal  9.995195e-01  0.000000e+00 -3.099648e-02
    outer loop
      vertex  -8.822268e-03  1.015329e-02  1.749114e-03
      vertex  -8.822268e-03  1.448277e-02  1.749114e-03
      vertex  -8.817977e-03  1.443798e-02  1.887470e-03
    endloop
  endfacet
  facet normal  9.747253e-01  6.235094e-03 -2.233199e-01
    outer loop
      vertex  -8.822268e-03  1.015329e-02  1.749114e-03
      vertex  -8.817977e-03  1.443798e-02  1.887470e-03
      vertex  -8.703777e-03  1.015329e-02  2.266293e-03
    endloop
  endfacet
  facet normal  9.747252e-01  6.235082e-03 -2.233201e-01
    outer loop
      vertex  -8.703777e-03  1.015329e-02  2.266293e-03
      vertex  -8.817977e-03  1.443798e-02  1.887470e-03
      vertex  -8.760150e-03  1.443798e-02  2.139870e-03
    endloop
  endfacet
  facet normal  9.121628e-01 -9.109712e-05 -4.098281e-01
    outer loop
      vertex  -8.703777e-03  1.015329e-02  2.266293e-03
      vertex  -8.760150e-03  1.443798e-02  2.139870e-03
      vertex  -8.701030e-03  1.448516e-02  2.271443e-03
    endloop
  endfacet
  facet normal  8.564329e-01  0.000000e+00  5.162584e-01
    outer loop
      vertex  -8.685032e-03  1.655329e-02  1.273062e-03
      vertex  -8.685032e-03  1.475329e-02  1.273062e-03
      vertex  -8.666295e-03  1.655329e-02  1.241978e-03
    endloop
  endfacet
  facet normal  8.564329e-01  0.000000e+00  5.162583e-01
    outer loop
      vertex  -8.666295e-03  1.655329e-02  1.241978e-03
      vertex  -8.685032e-03  1.475329e-02  1.273062e-03
      vertex  -8.666295e-03  1.015329e-02  1.241978e-03
    endloop
  endfacet
  facet normal  6.807772e-01  0.000000e+00  7.324905e-01
    outer loop
      vertex  -8.666295e-03  1.655329e-02  1.241978e-03
      vertex  -8.666295e-03  1.015329e-02  1.241978e-03
      vertex  -8.277651e-03  1.655329e-02  8.807725e-04
    endloop
  endfacet
  facet normal  6.807772e-01  0.000000e+00  7.324905e-01
    outer loop
      vertex  -8.277651e-03  1.655329e-02  8.807725e-04
      vertex  -8.666295e-03  1.015329e-02  1.241978e-03
      vertex  -8.277651e-03  1.015329e-02  8.807725e-04
    endloop
  endfacet
  facet normal  2.233244e-01  0.000000e+00  9.747441e-01
    outer loop
      vertex  -8.277651e-03  1.655329e-02  8.807725e-04
      vertex  -8.277651e-03  1.015329e-02  8.807725e-04
      vertex  -7.760472e-03  1.655329e-02  7.622812e-04
    endloop
  endfacet
  facet normal  2.233244e-01  0.000000e+00  9.747441e-01
    outer loop
      vertex  -7.760472e-03  1.655329e-02  7.622812e-04
      vertex  -8.277651e-03  1.015329e-02  8.807725e-04
      vertex  -7.760472e-03  1.015329e-02  7.622812e-04
    endloop
  endfacet
  facet normal -2.939671e-01  0.000000e+00  9.558155e-01
    outer loop
      vertex  -7.760472e-03  1.655329e-02  7.622812e-04
      vertex  -7.760472e-03  1.015329e-02  7.622812e-04
      vertex  -7.253336e-03  1.655329e-02  9.182540e-04
    endloop
  endfacet
  facet normal -2.939671e-01  0.000000e+00  9.558155e-01
    outer loop
      vertex  -7.253336e-03  1.655329e-02  9.182540e-04
      vertex  -7.760472e-03  1.015329e-02  7.622812e-04
      vertex  -7.253336e-03  1.015329e-02  9.182540e-04
    endloop
  endfacet
  facet normal -7.324912e-01  0.000000e+00  6.807765e-01
    outer loop
      vertex  -7.253336e-03  1.655329e-02  9.182540e-04
      vertex  -7.253336e-03  1.015329e-02  9.182540e-04
      vertex  -6.892130e-03  1.655329e-02  1.306898e-03
    endloop
  endfacet
  facet normal -7.324912e-01  0.000000e+00  6.807765e-01
    outer loop
      vertex  -6.892130e-03  1.655329e-02  1.306898e-03
      vertex  -7.253336e-03  1.015329e-02  9.182540e-04
      vertex  -6.892130e-03  1.015329e-02  1.306898e-03
    endloop
  endfacet
  facet normal -9.747442e-01  0.000000e+00  2.233242e-01
    outer loop
      vertex  -6.892130e-03  1.655329e-02  1.306898e-03
      vertex  -6.892130e-03  1.015329e-02  1.306898e-03
      vertex  -6.773639e-03  1.655329e-02  1.824078e-03
    endloop
  endfacet
  facet normal -9.747442e-01  0.000000e+00  2.233242e-01
    outer loop
      vertex  -6.773639e-03  1.655329e-02  1.824078e-03
      vertex  -6.892130e-03  1.015329e-02  1.306898e-03
      vertex  -6.773639e-03  1.015329e-02  1.824078e-03
    endloop
  endfacet
  facet normal -9.558155e-01 -0.000000e+00 -2.939672e-01
    outer loop
      vertex  -6.773639e-03  1.655329e-02  1.824078e-03
      vertex  -6.773639e-03  1.015329e-02  1.824078e-03
      vertex  -6.929612e-03  1.655329e-02  2.331213e-03
    endloop
  endfacet
  facet normal -9.558155e-01 -0.000000e+00 -2.939672e-01
    outer loop
      vertex  -6.929612e-03  1.655329e-02  2.331213e-03
      vertex  -6.773639e-03  1.015329e-02  1.824078e-03
      vertex  -6.929612e-03  1.015329e-02  2.331213e-03
    endloop
  endfacet
  facet normal -6.807765e-01 -0.000000e+00 -7.324911e-01
    outer loop
      vertex  -6.929612e-03  1.655329e-02  2.331213e-03
      vertex  -6.929612e-03  1.015329e-02  2.331213e-03
      vertex  -7.318256e-03  1.655329e-02  2.692419e-03
    endloop
  endfacet
  facet normal -6.807765e-01 -0.000000e+00 -7.324911e-01
    outer loop
      vertex  -7.318256e-03  1.655329e-02  2.692419e-03
      vertex  -6.929612e-03  1.015329e-02  2.331213e-03
      vertex  -7.318256e-03  1.015329e-02  2.692419e-03
    endloop
  endfacet
  facet normal -2.233248e-01 -0.000000e+00 -9.747441e-01
    outer loop
      vertex  -7.318256e-03  1.655329e-02  2.692419e-03
      vertex  -7.318256e-03  1.015329e-02  2.692419e-03
      vertex  -7.835435e-03  1.655329e-02  2.810910e-03
    endloop
  endfacet
  facet normal -2.233248e-01 -0.000000e+00 -9.747441e-01
    outer loop
      vertex  -7.835435e-03  1.655329e-02  2.810910e-03
      vertex  -7.318256e-03  1.015329e-02  2.692419e-03
      vertex  -7.835435e-03  1.015329e-02  2.810910e-03
    endloop
  endfacet
  facet normal  2.939670e-01  0.000000e+00 -9.558156e-01
    outer loop
      vertex  -7.835435e-03  1.655329e-02  2.810910e-03
      vertex  -7.835435e-03  1.015329e-02  2.810910e-03
      vertex  -8.342571e-03  1.655329e-02  2.654937e-03
    endloop
  endfacet
  facet normal  2.939670e-01  0.000000e+00 -9.558156e-01
    outer loop
      vertex  -8.342571e-03  1.655329e-02  2.654937e-03
      vertex  -7.835435e-03  1.015329e-02  2.810910e-03
      vertex  -8.342571e-03  1.015329e-02  2.654937e-03
    endloop
  endfacet
  facet normal  5.462469e-01  0.000000e+00 -8.376243e-01
    outer loop
      vertex  -8.342571e-03  1.655329e-02  2.654937e-03
      vertex  -8.342571e-03  1.015329e-02  2.654937e-03
      vertex  -8.372972e-03  1.475329e-02  2.635112e-03
    endloop
  endfacet
  facet normal  6.552401e-01  1.074628e-03 -7.554199e-01
    outer loop
      vertex  -8.372972e-03  1.475329e-02  2.635112e-03
      vertex  -8.342571e-03  1.015329e-02  2.654937e-03
      vertex  -8.557559e-03  1.460986e-02  2.474799e-03
    endloop
  endfacet
  facet normal -5.148602e-01  8.491198e-01  1.179595e-01
    outer loop
      vertex   7.109943e-03  1.649234e-02 -1.133614e-02
      vertex   8.209208e-03  1.715329e-02 -1.129592e-02
      vertex   8.082047e-03  1.715329e-02 -1.185094e-02
    endloop
  endfacet
  facet normal -5.048621e-01  8.491197e-01 -1.552737e-01
    outer loop
      vertex   8.041822e-03  1.715329e-02 -1.075167e-02
      vertex   8.209208e-03  1.715329e-02 -1.129592e-02
      vertex   7.109943e-03  1.649234e-02 -1.133614e-02
    endloop
  endfacet
  facet normal  1.179604e-01  8.491198e-01  5.148601e-01
    outer loop
      vertex   7.109943e-03  1.649234e-02 -1.133614e-02
      vertex   7.150168e-03  1.715329e-02 -1.243541e-02
      vertex   6.595146e-03  1.715329e-02 -1.230824e-02
    endloop
  endfacet
  facet normal -1.552747e-01  8.491197e-01  5.048618e-01
    outer loop
      vertex   7.694411e-03  1.715329e-02 -1.226802e-02
      vertex   7.150168e-03  1.715329e-02 -1.243541e-02
      vertex   7.109943e-03  1.649234e-02 -1.133614e-02
    endloop
  endfacet
  facet normal -3.869011e-01  8.491198e-01  3.595874e-01
    outer loop
      vertex   8.082047e-03  1.715329e-02 -1.185094e-02
      vertex   7.694411e-03  1.715329e-02 -1.226802e-02
      vertex   7.109943e-03  1.649234e-02 -1.133614e-02
    endloop
  endfacet
  facet normal  5.148603e-01  8.491196e-01 -1.179606e-01
    outer loop
      vertex   7.109943e-03  1.649234e-02 -1.133614e-02
      vertex   6.010679e-03  1.715329e-02 -1.137637e-02
      vertex   6.137841e-03  1.715329e-02 -1.082135e-02
    endloop
  endfacet
  facet normal  5.048621e-01  8.491196e-01  1.552739e-01
    outer loop
      vertex   6.178065e-03  1.715329e-02 -1.192061e-02
      vertex   6.010679e-03  1.715329e-02 -1.137637e-02
      vertex   7.109943e-03  1.649234e-02 -1.133614e-02
    endloop
  endfacet
  facet normal  3.595869e-01  8.491197e-01  3.869018e-01
    outer loop
      vertex   6.595146e-03  1.715329e-02 -1.230824e-02
      vertex   6.178065e-03  1.715329e-02 -1.192061e-02
      vertex   7.109943e-03  1.649234e-02 -1.133614e-02
    endloop
  endfacet
  facet normal -1.179598e-01  8.491195e-01 -5.148607e-01
    outer loop
      vertex   7.109943e-03  1.649234e-02 -1.133614e-02
      vertex   7.069719e-03  1.715329e-02 -1.023688e-02
      vertex   7.624740e-03  1.715329e-02 -1.036404e-02
    endloop
  endfacet
  facet normal  1.552730e-01  8.491196e-01 -5.048626e-01
    outer loop
      vertex   6.525476e-03  1.715329e-02 -1.040426e-02
      vertex   7.069719e-03  1.715329e-02 -1.023688e-02
      vertex   7.109943e-03  1.649234e-02 -1.133614e-02
    endloop
  endfacet
  facet normal  3.869028e-01  8.491195e-01 -3.595861e-01
    outer loop
      vertex   6.137841e-03  1.715329e-02 -1.082135e-02
      vertex   6.525476e-03  1.715329e-02 -1.040426e-02
      vertex   7.109943e-03  1.649234e-02 -1.133614e-02
    endloop
  endfacet
  facet normal -3.595862e-01  8.491197e-01 -3.869025e-01
    outer loop
      vertex   7.624740e-03  1.715329e-02 -1.036404e-02
      vertex   8.041822e-03  1.715329e-02 -1.075167e-02
      vertex   7.109943e-03  1.649234e-02 -1.133614e-02
    endloop
  endfacet
  facet normal -9.558154e-01  0.000000e+00 -2.939673e-01
    outer loop
      vertex   8.041822e-03  1.715329e-02 -1.075167e-02
      vertex   8.041822e-03  2.115329e-02 -1.075167e-02
      vertex   8.209208e-03  1.715329e-02 -1.129592e-02
    endloop
  endfacet
  facet normal -9.558154e-01  0.000000e+00 -2.939673e-01
    outer loop
      vertex   8.209208e-03  1.715329e-02 -1.129592e-02
      vertex   8.041822e-03  2.115329e-02 -1.075167e-02
      vertex   8.209208e-03  2.115329e-02 -1.129592e-02
    endloop
  endfacet
  facet normal -9.747444e-01  0.000000e+00  2.233235e-01
    outer loop
      vertex   8.209208e-03  1.715329e-02 -1.129592e-02
      vertex   8.209208e-03  2.115329e-02 -1.129592e-02
      vertex   8.082047e-03  1.715329e-02 -1.185094e-02
    endloop
  endfacet
  facet normal -9.747444e-01  0.000000e+00  2.233235e-01
    outer loop
      vertex   8.082047e-03  1.715329e-02 -1.185094e-02
      vertex   8.209208e-03  2.115329e-02 -1.129592e-02
      vertex   8.082047e-03  2.115329e-02 -1.185094e-02
    endloop
  endfacet
  facet normal -7.324893e-01  0.000000e+00  6.807786e-01
    outer loop
      vertex   8.082047e-03  1.715329e-02 -1.185094e-02
      vertex   8.082047e-03  2.115329e-02 -1.185094e-02
      vertex   7.694411e-03  1.715329e-02 -1.226802e-02
    endloop
  endfacet
  facet normal -7.324893e-01  0.000000e+00  6.807786e-01
    outer loop
      vertex   7.694411e-03  1.715329e-02 -1.226802e-02
      vertex   8.082047e-03  2.115329e-02 -1.185094e-02
      vertex   7.694411e-03  2.115329e-02 -1.226802e-02
    endloop
  endfacet
  facet normal -2.939693e-01  0.000000e+00  9.558149e-01
    outer loop
      vertex   7.694411e-03  1.715329e-02 -1.226802e-02
      vertex   7.694411e-03  2.115329e-02 -1.226802e-02
      vertex   7.150168e-03  1.715329e-02 -1.243541e-02
    endloop
  endfacet
  facet normal -2.939693e-01  0.000000e+00  9.558149e-01
    outer loop
      vertex   7.150168e-03  1.715329e-02 -1.243541e-02
      vertex   7.694411e-03  2.115329e-02 -1.226802e-02
      vertex   7.150168e-03  2.115329e-02 -1.243541e-02
    endloop
  endfacet
  facet normal  2.233251e-01 -0.000000e+00  9.747440e-01
    outer loop
      vertex   7.150168e-03  1.715329e-02 -1.243541e-02
      vertex   7.150168e-03  2.115329e-02 -1.243541e-02
      vertex   6.595146e-03  1.715329e-02 -1.230824e-02
    endloop
  endfacet
  facet normal  2.233251e-01 -0.000000e+00  9.747440e-01
    outer loop
      vertex   6.595146e-03  1.715329e-02 -1.230824e-02
      vertex   7.150168e-03  2.115329e-02 -1.243541e-02
      vertex   6.595146e-03  2.115329e-02 -1.230824e-02
    endloop
  endfacet
  facet normal  6.807773e-01 -0.000000e+00  7.324905e-01
    outer loop
      vertex   6.595146e-03  1.715329e-02 -1.230824e-02
      vertex   6.595146e-03  2.115329e-02 -1.230824e-02
      vertex   6.178065e-03  1.715329e-02 -1.192061e-02
    endloop
  endfacet
  facet normal  6.807773e-01 -0.000000e+00  7.324905e-01
    outer loop
      vertex   6.178065e-03  1.715329e-02 -1.192061e-02
      vertex   6.595146e-03  2.115329e-02 -1.230824e-02
      vertex   6.178065e-03  2.115329e-02 -1.192061e-02
    endloop
  endfacet
  facet normal  9.558154e-01 -0.000000e+00  2.939678e-01
    outer loop
      vertex   6.178065e-03  1.715329e-02 -1.192061e-02
      vertex   6.178065e-03  2.115329e-02 -1.192061e-02
      vertex   6.010679e-03  1.715329e-02 -1.137637e-02
    endloop
  endfacet
  facet normal  9.558154e-01 -0.000000e+00  2.939678e-01
    outer loop
      vertex   6.010679e-03  1.715329e-02 -1.137637e-02
      vertex   6.178065e-03  2.115329e-02 -1.192061e-02
      vertex   6.010679e-03  2.115329e-02 -1.137637e-02
    endloop
  endfacet
  facet normal  9.747440e-01  0.000000e+00 -2.233254e-01
    outer loop
      vertex   6.010679e-03  1.715329e-02 -1.137637e-02
      vertex   6.010679e-03  2.115329e-02 -1.137637e-02
      vertex   6.137841e-03  1.715329e-02 -1.082135e-02
    endloop
  endfacet
  facet normal  9.747440e-01  0.000000e+00 -2.233254e-01
    outer loop
      vertex   6.137841e-03  1.715329e-02 -1.082135e-02
      vertex   6.010679e-03  2.115329e-02 -1.137637e-02
      vertex   6.137841e-03  2.115329e-02 -1.082135e-02
    endloop
  endfacet
  facet normal  7.324920e-01  0.000000e+00 -6.807756e-01
    outer loop
      vertex   6.137841e-03  1.715329e-02 -1.082135e-02
      vertex   6.137841e-03  2.115329e-02 -1.082135e-02
      vertex   6.525476e-03  1.715329e-02 -1.040426e-02
    endloop
  endfacet
  facet normal  7.324920e-01  0.000000e+00 -6.807756e-01
    outer loop
      vertex   6.525476e-03  1.715329e-02 -1.040426e-02
      vertex   6.137841e-03  2.115329e-02 -1.082135e-02
      vertex   6.525476e-03  2.115329e-02 -1.040426e-02
    endloop
  endfacet
  facet normal  2.939658e-01  0.000000e+00 -9.558159e-01
    outer loop
      vertex   6.525476e-03  1.715329e-02 -1.040426e-02
      vertex   6.525476e-03  2.115329e-02 -1.040426e-02
      vertex   7.069719e-03  1.715329e-02 -1.023688e-02
    endloop
  endfacet
  facet normal  2.939658e-01  0.000000e+00 -9.558159e-01
    outer loop
      vertex   7.069719e-03  1.715329e-02 -1.023688e-02
      vertex   6.525476e-03  2.115329e-02 -1.040426e-02
      vertex   7.069719e-03  2.115329e-02 -1.023688e-02
    endloop
  endfacet
  facet normal -2.233239e-01  0.000000e+00 -9.747443e-01
    outer loop
      vertex   7.069719e-03  1.715329e-02 -1.023688e-02
      vertex   7.069719e-03  2.115329e-02 -1.023688e-02
      vertex   7.624740e-03  1.715329e-02 -1.036404e-02
    endloop
  endfacet
  facet normal -2.233239e-01  0.000000e+00 -9.747443e-01
    outer loop
      vertex   7.624740e-03  1.715329e-02 -1.036404e-02
      vertex   7.069719e-03  2.115329e-02 -1.023688e-02
      vertex   7.624740e-03  2.115329e-02 -1.036404e-02
    endloop
  endfacet
  facet normal -6.807759e-01  0.000000e+00 -7.324917e-01
    outer loop
      vertex   7.624740e-03  1.715329e-02 -1.036404e-02
      vertex   7.624740e-03  2.115329e-02 -1.036404e-02
      vertex   8.041822e-03  1.715329e-02 -1.075167e-02
    endloop
  endfacet
  facet normal -6.807759e-01  0.000000e+00 -7.324917e-01
    outer loop
      vertex   8.041822e-03  1.715329e-02 -1.075167e-02
      vertex   7.624740e-03  2.115329e-02 -1.036404e-02
      vertex   8.041822e-03  2.115329e-02 -1.075167e-02
    endloop
  endfacet
  facet normal  1.179604e-01 -8.491196e-01  5.148603e-01
    outer loop
      vertex   1.072219e-02  1.481424e-02 -2.456569e-03
      vertex   1.020739e-02  1.415329e-02 -3.428672e-03
      vertex   1.076241e-02  1.415329e-02 -3.555833e-03
    endloop
  endfacet
  facet normal  3.595864e-01 -8.491198e-01  3.869022e-01
    outer loop
      vertex   9.790307e-03  1.415329e-02 -3.041036e-03
      vertex   1.020739e-02  1.415329e-02 -3.428672e-03
      vertex   1.072219e-02  1.481424e-02 -2.456569e-03
    endloop
  endfacet
  facet normal -5.148607e-01 -8.491195e-01  1.179596e-01
    outer loop
      vertex   1.072219e-02  1.481424e-02 -2.456569e-03
      vertex   1.169429e-02  1.415329e-02 -2.971366e-03
      vertex   1.182145e-02  1.415329e-02 -2.416344e-03
    endloop
  endfacet
  facet normal -3.869018e-01 -8.491195e-01  3.595873e-01
    outer loop
      vertex   1.130665e-02  1.415329e-02 -3.388447e-03
      vertex   1.169429e-02  1.415329e-02 -2.971366e-03
      vertex   1.072219e-02  1.481424e-02 -2.456569e-03
    endloop
  endfacet
  facet normal -1.552742e-01 -8.491196e-01  5.048622e-01
    outer loop
      vertex   1.076241e-02  1.415329e-02 -3.555833e-03
      vertex   1.130665e-02  1.415329e-02 -3.388447e-03
      vertex   1.072219e-02  1.481424e-02 -2.456569e-03
    endloop
  endfacet
  facet normal -1.179598e-01 -8.491196e-01 -5.148605e-01
    outer loop
      vertex   1.072219e-02  1.481424e-02 -2.456569e-03
      vertex   1.123698e-02  1.415329e-02 -1.484466e-03
      vertex   1.068196e-02  1.415329e-02 -1.357305e-03
    endloop
  endfacet
  facet normal -3.595873e-01 -8.491195e-01 -3.869016e-01
    outer loop
      vertex   1.165406e-02  1.415329e-02 -1.872102e-03
      vertex   1.123698e-02  1.415329e-02 -1.484466e-03
      vertex   1.072219e-02  1.481424e-02 -2.456569e-03
    endloop
  endfacet
  facet normal -5.048624e-01 -8.491194e-01 -1.552741e-01
    outer loop
      vertex   1.182145e-02  1.415329e-02 -2.416344e-03
      vertex   1.165406e-02  1.415329e-02 -1.872102e-03
      vertex   1.072219e-02  1.481424e-02 -2.456569e-03
    endloop
  endfacet
  facet normal  5.148600e-01 -8.491198e-01 -1.179604e-01
    outer loop
      vertex   1.072219e-02  1.481424e-02 -2.456569e-03
      vertex   9.750083e-03  1.415329e-02 -1.941772e-03
      vertex   9.622921e-03  1.415329e-02 -2.496793e-03
    endloop
  endfacet
  facet normal  3.869022e-01 -8.491198e-01 -3.595863e-01
    outer loop
      vertex   1.013772e-02  1.415329e-02 -1.524690e-03
      vertex   9.750083e-03  1.415329e-02 -1.941772e-03
      vertex   1.072219e-02  1.481424e-02 -2.456569e-03
    endloop
  endfacet
  facet normal  1.552735e-01 -8.491197e-01 -5.048622e-01
    outer loop
      vertex   1.068196e-02  1.415329e-02 -1.357305e-03
      vertex   1.013772e-02  1.415329e-02 -1.524690e-03
      vertex   1.072219e-02  1.481424e-02 -2.456569e-03
    endloop
  endfacet
  facet normal  5.048619e-01 -8.491198e-01  1.552737e-01
    outer loop
      vertex   9.622921e-03  1.415329e-02 -2.496793e-03
      vertex   9.790307e-03  1.415329e-02 -3.041036e-03
      vertex   1.072219e-02  1.481424e-02 -2.456569e-03
    endloop
  endfacet
  facet normal  6.807763e-01  0.000000e+00  7.324913e-01
    outer loop
      vertex   9.790307e-03  1.415329e-02 -3.041036e-03
      vertex   9.790307e-03  1.015329e-02 -3.041036e-03
      vertex   1.020739e-02  1.415329e-02 -3.428672e-03
    endloop
  endfacet
  facet normal  6.807763e-01  0.000000e+00  7.324913e-01
    outer loop
      vertex   1.020739e-02  1.415329e-02 -3.428672e-03
      vertex   9.790307e-03  1.015329e-02 -3.041036e-03
      vertex   1.020739e-02  1.015329e-02 -3.428672e-03
    endloop
  endfacet
  facet normal  2.233251e-01  0.000000e+00  9.747440e-01
    outer loop
      vertex   1.020739e-02  1.415329e-02 -3.428672e-03
      vertex   1.020739e-02  1.015329e-02 -3.428672e-03
      vertex   1.076241e-02  1.415329e-02 -3.555833e-03
    endloop
  endfacet
  facet normal  2.233251e-01  0.000000e+00  9.747440e-01
    outer loop
      vertex   1.076241e-02  1.415329e-02 -3.555833e-03
      vertex   1.020739e-02  1.015329e-02 -3.428672e-03
      vertex   1.076241e-02  1.015329e-02 -3.555833e-03
    endloop
  endfacet
  facet normal -2.939682e-01  0.000000e+00  9.558152e-01
    outer loop
      vertex   1.076241e-02  1.415329e-02 -3.555833e-03
      vertex   1.076241e-02  1.015329e-02 -3.555833e-03
      vertex   1.130665e-02  1.415329e-02 -3.388447e-03
    endloop
  endfacet
  facet normal -2.939682e-01  0.000000e+00  9.558152e-01
    outer loop
      vertex   1.130665e-02  1.415329e-02 -3.388447e-03
      vertex   1.076241e-02  1.015329e-02 -3.555833e-03
      vertex   1.130665e-02  1.015329e-02 -3.388447e-03
    endloop
  endfacet
  facet normal -7.324901e-01  0.000000e+00  6.807776e-01
    outer loop
      vertex   1.130665e-02  1.415329e-02 -3.388447e-03
      vertex   1.130665e-02  1.015329e-02 -3.388447e-03
      vertex   1.169429e-02  1.415329e-02 -2.971366e-03
    endloop
  endfacet
  facet normal -7.324901e-01  0.000000e+00  6.807776e-01
    outer loop
      vertex   1.169429e-02  1.415329e-02 -2.971366e-03
      vertex   1.130665e-02  1.015329e-02 -3.388447e-03
      vertex   1.169429e-02  1.015329e-02 -2.971366e-03
    endloop
  endfacet
  facet normal -9.747444e-01  0.000000e+00  2.233234e-01
    outer loop
      vertex   1.169429e-02  1.415329e-02 -2.971366e-03
      vertex   1.169429e-02  1.015329e-02 -2.971366e-03
      vertex   1.182145e-02  1.415329e-02 -2.416344e-03
    endloop
  endfacet
  facet normal -9.747444e-01  0.000000e+00  2.233234e-01
    outer loop
      vertex   1.182145e-02  1.415329e-02 -2.416344e-03
      vertex   1.169429e-02  1.015329e-02 -2.971366e-03
      vertex   1.182145e-02  1.015329e-02 -2.416344e-03
    endloop
  endfacet
  facet normal -9.558154e-01 -0.000000e+00 -2.939679e-01
    outer loop
      vertex   1.182145e-02  1.415329e-02 -2.416344e-03
      vertex   1.182145e-02  1.015329e-02 -2.416344e-03
      vertex   1.165406e-02  1.415329e-02 -1.872102e-03
    endloop
  endfacet
  facet normal -9.558154e-01 -0.000000e+00 -2.939679e-01
    outer loop
      vertex   1.165406e-02  1.415329e-02 -1.872102e-03
      vertex   1.182145e-02  1.015329e-02 -2.416344e-03
      vertex   1.165406e-02  1.015329e-02 -1.872102e-03
    endloop
  endfacet
  facet normal -6.807778e-01 -0.000000e+00 -7.324899e-01
    outer loop
      vertex   1.165406e-02  1.415329e-02 -1.872102e-03
      vertex   1.165406e-02  1.015329e-02 -1.872102e-03
      vertex   1.123698e-02  1.415329e-02 -1.484466e-03
    endloop
  endfacet
  facet normal -6.807778e-01 -0.000000e+00 -7.324899e-01
    outer loop
      vertex   1.123698e-02  1.415329e-02 -1.484466e-03
      vertex   1.165406e-02  1.015329e-02 -1.872102e-03
      vertex   1.123698e-02  1.015329e-02 -1.484466e-03
    endloop
  endfacet
  facet normal -2.233239e-01 -0.000000e+00 -9.747443e-01
    outer loop
      vertex   1.123698e-02  1.415329e-02 -1.484466e-03
      vertex   1.123698e-02  1.015329e-02 -1.484466e-03
      vertex   1.068196e-02  1.415329e-02 -1.357305e-03
    endloop
  endfacet
  facet normal -2.233239e-01 -0.000000e+00 -9.747443e-01
    outer loop
      vertex   1.068196e-02  1.415329e-02 -1.357305e-03
      vertex   1.123698e-02  1.015329e-02 -1.484466e-03
      vertex   1.068196e-02  1.015329e-02 -1.357305e-03
    endloop
  endfacet
  facet normal  2.939670e-01  0.000000e+00 -9.558156e-01
    outer loop
      vertex   1.068196e-02  1.415329e-02 -1.357305e-03
      vertex   1.068196e-02  1.015329e-02 -1.357305e-03
      vertex   1.013772e-02  1.415329e-02 -1.524690e-03
    endloop
  endfacet
  facet normal  2.939670e-01  0.000000e+00 -9.558156e-01
    outer loop
      vertex   1.013772e-02  1.415329e-02 -1.524690e-03
      vertex   1.068196e-02  1.015329e-02 -1.357305e-03
      vertex   1.013772e-02  1.015329e-02 -1.524690e-03
    endloop
  endfacet
  facet normal  7.324913e-01  0.000000e+00 -6.807763e-01
    outer loop
      vertex   1.013772e-02  1.415329e-02 -1.524690e-03
      vertex   1.013772e-02  1.015329e-02 -1.524690e-03
      vertex   9.750083e-03  1.415329e-02 -1.941772e-03
    endloop
  endfacet
  facet normal  7.324913e-01  0.000000e+00 -6.807763e-01
    outer loop
      vertex   9.750083e-03  1.415329e-02 -1.941772e-03
      vertex   1.013772e-02  1.015329e-02 -1.524690e-03
      vertex   9.750083e-03  1.015329e-02 -1.941772e-03
    endloop
  endfacet
  facet normal  9.747440e-01  0.000000e+00 -2.233252e-01
    outer loop
      vertex   9.750083e-03  1.415329e-02 -1.941772e-03
      vertex   9.750083e-03  1.015329e-02 -1.941772e-03
      vertex   9.622921e-03  1.415329e-02 -2.496793e-03
    endloop
  endfacet
  facet normal  9.747440e-01  0.000000e+00 -2.233252e-01
    outer loop
      vertex   9.622921e-03  1.415329e-02 -2.496793e-03
      vertex   9.750083e-03  1.015329e-02 -1.941772e-03
      vertex   9.622921e-03  1.015329e-02 -2.496793e-03
    endloop
  endfacet
  facet normal  9.558154e-01  0.000000e+00  2.939676e-01
    outer loop
      vertex   9.622921e-03  1.415329e-02 -2.496793e-03
      vertex   9.622921e-03  1.015329e-02 -2.496793e-03
      vertex   9.790307e-03  1.415329e-02 -3.041036e-03
    endloop
  endfacet
  facet normal  9.558154e-01  0.000000e+00  2.939676e-01
    outer loop
      vertex   9.790307e-03  1.415329e-02 -3.041036e-03
      vertex   9.622921e-03  1.015329e-02 -2.496793e-03
      vertex   9.790307e-03  1.015329e-02 -3.041036e-03
    endloop
  endfacet
endsolid vcg
