solid STL generated by MeshLab
  facet normal  0.000000e+00 -1.000000e+00 -0.000000e+00
    outer loop
      vertex  -1.427368e-02 -1.100000e-02  9.325427e-03
      vertex  -1.561392e-02 -1.100000e-02  6.848868e-03
      vertex  -1.186592e-02 -1.100000e-02  7.779975e-03
    endloop
  endfacet
  facet normal  0.000000e+00 -1.000000e+00  0.000000e+00
    outer loop
      vertex  -1.699176e-02 -1.100000e-02 -1.408017e-03
      vertex  -1.652827e-02 -1.100000e-02 -4.185567e-03
      vertex  -1.186592e-02 -1.100000e-02 -3.990967e-03
    endloop
  endfacet
  facet normal  0.000000e+00 -1.000000e+00  0.000000e+00
    outer loop
      vertex   6.544540e-03 -1.100000e-02 -5.144394e-03
      vertex   6.681864e-03 -1.100000e-02 -5.656894e-03
      vertex   7.780024e-03 -1.100000e-02 -3.990967e-03
    endloop
  endfacet
  facet normal  0.000000e+00 -1.000000e+00  0.000000e+00
    outer loop
      vertex   3.990937e-03 -1.100000e-02 -3.990967e-03
      vertex   5.144364e-03 -1.100000e-02 -4.769218e-03
      vertex   5.655024e-03 -1.100000e-02 -3.990967e-03
    endloop
  endfacet
  facet normal  0.000000e+00 -1.000000e+00 -0.000000e+00
    outer loop
      vertex   5.655024e-03 -1.100000e-02 -3.990967e-03
      vertex   5.144364e-03 -1.100000e-02 -4.769218e-03
      vertex   5.656864e-03 -1.100000e-02 -4.631894e-03
    endloop
  endfacet
  facet normal  0.000000e+00 -1.000000e+00  0.000000e+00
    outer loop
      vertex   5.655024e-03 -1.100000e-02 -3.990967e-03
      vertex   5.656864e-03 -1.100000e-02 -4.631894e-03
      vertex   7.780024e-03 -1.100000e-02 -3.990967e-03
    endloop
  endfacet
  facet normal  0.000000e+00 -1.000000e+00  0.000000e+00
    outer loop
      vertex   7.780024e-03 -1.100000e-02 -3.990967e-03
      vertex   5.656864e-03 -1.100000e-02 -4.631894e-03
      vertex   6.169364e-03 -1.100000e-02 -4.769218e-03
    endloop
  endfacet
  facet normal  0.000000e+00 -1.000000e+00  0.000000e+00
    outer loop
      vertex   7.780024e-03 -1.100000e-02 -3.990967e-03
      vertex   6.169364e-03 -1.100000e-02 -4.769218e-03
      vertex   6.544540e-03 -1.100000e-02 -5.144394e-03
    endloop
  endfacet
  facet normal  0.000000e+00 -1.000000e+00 -0.000000e+00
    outer loop
      vertex   6.681864e-03 -1.100000e-02 -5.656894e-03
      vertex   6.544540e-03 -1.100000e-02 -6.169394e-03
      vertex   7.780024e-03 -1.100000e-02 -1.186597e-02
    endloop
  endfacet
  facet normal  0.000000e+00 -1.000000e+00  0.000000e+00
    outer loop
      vertex   7.780024e-03 -1.100000e-02 -1.186597e-02
      vertex   6.544540e-03 -1.100000e-02 -6.169394e-03
      vertex   6.169364e-03 -1.100000e-02 -6.544570e-03
    endloop
  endfacet
  facet normal  0.000000e+00 -1.000000e+00  0.000000e+00
    outer loop
      vertex   7.780024e-03 -1.100000e-02 -1.186597e-02
      vertex   6.169364e-03 -1.100000e-02 -6.544570e-03
      vertex   5.655024e-03 -1.100000e-02 -1.186597e-02
    endloop
  endfacet
  facet normal  0.000000e+00 -1.000000e+00  0.000000e+00
    outer loop
      vertex   5.655024e-03 -1.100000e-02 -1.186597e-02
      vertex   6.169364e-03 -1.100000e-02 -6.544570e-03
      vertex   5.656864e-03 -1.100000e-02 -6.681894e-03
    endloop
  endfacet
  facet normal  0.000000e+00 -1.000000e+00  0.000000e+00
    outer loop
      vertex   5.655024e-03 -1.100000e-02 -1.186597e-02
      vertex   5.656864e-03 -1.100000e-02 -6.681894e-03
      vertex   3.990937e-03 -1.100000e-02 -1.186597e-02
    endloop
  endfacet
  facet normal  0.000000e+00 -1.000000e+00  0.000000e+00
    outer loop
      vertex   3.990937e-03 -1.100000e-02 -1.186597e-02
      vertex   5.656864e-03 -1.100000e-02 -6.681894e-03
      vertex   5.144364e-03 -1.100000e-02 -6.544570e-03
    endloop
  endfacet
  facet normal -0.000000e+00 -1.000000e+00  0.000000e+00
    outer loop
      vertex   5.144364e-03 -1.100000e-02 -6.544570e-03
      vertex   4.769188e-03 -1.100000e-02 -6.169394e-03
      vertex   3.990937e-03 -1.100000e-02 -1.186597e-02
    endloop
  endfacet
  facet normal  0.000000e+00 -1.000000e+00  0.000000e+00
    outer loop
      vertex   3.990937e-03 -1.100000e-02 -1.186597e-02
      vertex   4.769188e-03 -1.100000e-02 -6.169394e-03
      vertex   4.631864e-03 -1.100000e-02 -5.656894e-03
    endloop
  endfacet
  facet normal  0.000000e+00 -1.000000e+00  0.000000e+00
    outer loop
      vertex   3.990937e-03 -1.100000e-02 -1.186597e-02
      vertex   4.631864e-03 -1.100000e-02 -5.656894e-03
      vertex   3.990937e-03 -1.100000e-02 -3.990967e-03
    endloop
  endfacet
  facet normal  0.000000e+00 -1.000000e+00  0.000000e+00
    outer loop
      vertex   3.990937e-03 -1.100000e-02 -3.990967e-03
      vertex   4.631864e-03 -1.100000e-02 -5.656894e-03
      vertex   4.769188e-03 -1.100000e-02 -5.144394e-03
    endloop
  endfacet
  facet normal  0.000000e+00 -1.000000e+00  0.000000e+00
    outer loop
      vertex   3.990937e-03 -1.100000e-02 -3.990967e-03
      vertex   4.769188e-03 -1.100000e-02 -5.144394e-03
      vertex   5.144364e-03 -1.100000e-02 -4.769218e-03
    endloop
  endfacet
  facet normal  0.000000e+00 -1.000000e+00  0.000000e+00
    outer loop
      vertex   6.678184e-03 -1.100000e-02  7.778135e-03
      vertex   5.536136e-03 -1.100000e-02  1.612614e-02
      vertex   5.655024e-03 -1.100000e-02  7.779975e-03
    endloop
  endfacet
  facet normal  0.000000e+00 -1.000000e+00  0.000000e+00
    outer loop
      vertex   5.655024e-03 -1.100000e-02  7.779975e-03
      vertex   5.536136e-03 -1.100000e-02  1.612614e-02
      vertex   2.806348e-03 -1.100000e-02  1.681742e-02
    endloop
  endfacet
  facet normal  0.000000e+00 -1.000000e+00  0.000000e+00
    outer loop
      vertex   5.655024e-03 -1.100000e-02  7.779975e-03
      vertex   2.806348e-03 -1.100000e-02  1.681742e-02
      vertex   3.990937e-03 -1.100000e-02  7.779975e-03
    endloop
  endfacet
  facet normal  0.000000e+00 -1.000000e+00  0.000000e+00
    outer loop
      vertex   6.678184e-03 -1.100000e-02  7.778135e-03
      vertex   6.825557e-03 -1.100000e-02  8.328135e-03
      vertex   5.536136e-03 -1.100000e-02  1.612614e-02
    endloop
  endfacet
  facet normal  0.000000e+00 -1.000000e+00  0.000000e+00
    outer loop
      vertex   5.536136e-03 -1.100000e-02  1.612614e-02
      vertex   6.825557e-03 -1.100000e-02  8.328135e-03
      vertex   7.228184e-03 -1.100000e-02  8.730764e-03
    endloop
  endfacet
  facet normal  0.000000e+00 -1.000000e+00  0.000000e+00
    outer loop
      vertex   5.536136e-03 -1.100000e-02  1.612614e-02
      vertex   7.228184e-03 -1.100000e-02  8.730764e-03
      vertex   8.114913e-03 -1.100000e-02  1.499499e-02
    endloop
  endfacet
  facet normal  0.000000e+00 -1.000000e+00  0.000000e+00
    outer loop
      vertex   8.114913e-03 -1.100000e-02  1.499499e-02
      vertex   7.228184e-03 -1.100000e-02  8.730764e-03
      vertex   7.778184e-03 -1.100000e-02  8.878135e-03
    endloop
  endfacet
  facet normal  0.000000e+00 -1.000000e+00 -0.000000e+00
    outer loop
      vertex   8.114913e-03 -1.100000e-02  1.499499e-02
      vertex   7.778184e-03 -1.100000e-02  8.878135e-03
      vertex   1.047234e-02 -1.100000e-02  1.345481e-02
    endloop
  endfacet
  facet normal  0.000000e+00 -1.000000e+00  0.000000e+00
    outer loop
      vertex   1.047234e-02 -1.100000e-02  1.345481e-02
      vertex   7.778184e-03 -1.100000e-02  8.878135e-03
      vertex   8.328184e-03 -1.100000e-02  8.730764e-03
    endloop
  endfacet
  facet normal  0.000000e+00 -1.000000e+00 -0.000000e+00
    outer loop
      vertex   1.047234e-02 -1.100000e-02  1.345481e-02
      vertex   8.328184e-03 -1.100000e-02  8.730764e-03
      vertex   1.254410e-02 -1.100000e-02  1.154761e-02
    endloop
  endfacet
  facet normal  0.000000e+00 -1.000000e+00  0.000000e+00
    outer loop
      vertex   1.254410e-02 -1.100000e-02  1.154761e-02
      vertex   8.328184e-03 -1.100000e-02  8.730764e-03
      vertex   8.730813e-03 -1.100000e-02  8.328135e-03
    endloop
  endfacet
  facet normal  0.000000e+00 -1.000000e+00 -0.000000e+00
    outer loop
      vertex   1.254410e-02 -1.100000e-02  1.154761e-02
      vertex   8.730813e-03 -1.100000e-02  8.328135e-03
      vertex   1.427370e-02 -1.100000e-02  9.325427e-03
    endloop
  endfacet
  facet normal  0.000000e+00 -1.000000e+00  0.000000e+00
    outer loop
      vertex   1.427370e-02 -1.100000e-02  9.325427e-03
      vertex   8.730813e-03 -1.100000e-02  8.328135e-03
      vertex   8.878184e-03 -1.100000e-02  7.778135e-03
    endloop
  endfacet
  facet normal  0.000000e+00 -1.000000e+00 -0.000000e+00
    outer loop
      vertex   1.427370e-02 -1.100000e-02  9.325427e-03
      vertex   8.878184e-03 -1.100000e-02  7.778135e-03
      vertex   1.561395e-02 -1.100000e-02  6.848868e-03
    endloop
  endfacet
  facet normal -0.000000e+00 -1.000000e+00 -0.000000e+00
    outer loop
      vertex   1.561395e-02 -1.100000e-02  6.848868e-03
      vertex   8.878184e-03 -1.100000e-02  7.778135e-03
      vertex   1.652828e-02 -1.100000e-02  4.185488e-03
    endloop
  endfacet
  facet normal  0.000000e+00 -1.000000e+00  0.000000e+00
    outer loop
      vertex   7.780024e-03 -1.100000e-02 -3.990967e-03
      vertex   1.699178e-02 -1.100000e-02 -1.408017e-03
      vertex   1.699178e-02 -1.100000e-02  1.407938e-03
    endloop
  endfacet
  facet normal  0.000000e+00 -1.000000e+00  0.000000e+00
    outer loop
      vertex   6.681864e-03 -1.100000e-02 -5.656894e-03
      vertex   7.780024e-03 -1.100000e-02 -1.186597e-02
      vertex   7.780024e-03 -1.100000e-02 -3.990967e-03
    endloop
  endfacet
  facet normal  0.000000e+00 -1.000000e+00  0.000000e+00
    outer loop
      vertex   7.780024e-03 -1.100000e-02 -3.990967e-03
      vertex   7.780024e-03 -1.100000e-02 -1.186597e-02
      vertex   1.254410e-02 -1.100000e-02 -1.154769e-02
    endloop
  endfacet
  facet normal  0.000000e+00 -1.000000e+00  0.000000e+00
    outer loop
      vertex   7.780024e-03 -1.100000e-02 -3.990967e-03
      vertex   1.254410e-02 -1.100000e-02 -1.154769e-02
      vertex   1.427370e-02 -1.100000e-02 -9.325505e-03
    endloop
  endfacet
  facet normal  0.000000e+00 -1.000000e+00  0.000000e+00
    outer loop
      vertex   1.427370e-02 -1.100000e-02 -9.325505e-03
      vertex   1.561395e-02 -1.100000e-02 -6.848947e-03
      vertex   7.780024e-03 -1.100000e-02 -3.990967e-03
    endloop
  endfacet
  facet normal  0.000000e+00 -1.000000e+00  0.000000e+00
    outer loop
      vertex   7.780024e-03 -1.100000e-02 -3.990967e-03
      vertex   1.561395e-02 -1.100000e-02 -6.848947e-03
      vertex   1.652828e-02 -1.100000e-02 -4.185567e-03
    endloop
  endfacet
  facet normal  0.000000e+00 -1.000000e+00  0.000000e+00
    outer loop
      vertex   7.780024e-03 -1.100000e-02 -3.990967e-03
      vertex   1.652828e-02 -1.100000e-02 -4.185567e-03
      vertex   1.699178e-02 -1.100000e-02 -1.408017e-03
    endloop
  endfacet
  facet normal  0.000000e+00 -1.000000e+00  0.000000e+00
    outer loop
      vertex   9.905194e-09 -1.100000e-02 -1.705004e-02
      vertex   2.806348e-03 -1.100000e-02 -1.681750e-02
      vertex   3.990937e-03 -1.100000e-02 -1.186597e-02
    endloop
  endfacet
  facet normal  0.000000e+00 -1.000000e+00 -0.000000e+00
    outer loop
      vertex   3.990937e-03 -1.100000e-02 -1.186597e-02
      vertex   2.806348e-03 -1.100000e-02 -1.681750e-02
      vertex   5.536136e-03 -1.100000e-02 -1.612622e-02
    endloop
  endfacet
  facet normal  0.000000e+00 -1.000000e+00  0.000000e+00
    outer loop
      vertex   3.990937e-03 -1.100000e-02 -1.186597e-02
      vertex   5.536136e-03 -1.100000e-02 -1.612622e-02
      vertex   5.655024e-03 -1.100000e-02 -1.186597e-02
    endloop
  endfacet
  facet normal  0.000000e+00 -1.000000e+00 -0.000000e+00
    outer loop
      vertex   5.655024e-03 -1.100000e-02 -1.186597e-02
      vertex   5.536136e-03 -1.100000e-02 -1.612622e-02
      vertex   8.114913e-03 -1.100000e-02 -1.499507e-02
    endloop
  endfacet
  facet normal  0.000000e+00 -1.000000e+00  0.000000e+00
    outer loop
      vertex   5.655024e-03 -1.100000e-02 -1.186597e-02
      vertex   8.114913e-03 -1.100000e-02 -1.499507e-02
      vertex   7.780024e-03 -1.100000e-02 -1.186597e-02
    endloop
  endfacet
  facet normal  0.000000e+00 -1.000000e+00  0.000000e+00
    outer loop
      vertex   7.780024e-03 -1.100000e-02 -1.186597e-02
      vertex   8.114913e-03 -1.100000e-02 -1.499507e-02
      vertex   1.047234e-02 -1.100000e-02 -1.345489e-02
    endloop
  endfacet
  facet normal  0.000000e+00 -1.000000e+00  0.000000e+00
    outer loop
      vertex   7.780024e-03 -1.100000e-02 -1.186597e-02
      vertex   1.047234e-02 -1.100000e-02 -1.345489e-02
      vertex   1.254410e-02 -1.100000e-02 -1.154769e-02
    endloop
  endfacet
  facet normal  0.000000e+00 -1.000000e+00  0.000000e+00
    outer loop
      vertex  -1.047232e-02 -1.100000e-02 -1.345489e-02
      vertex  -8.114893e-03 -1.100000e-02 -1.499507e-02
      vertex  -3.990917e-03 -1.100000e-02 -1.186597e-02
    endloop
  endfacet
  facet normal  0.000000e+00 -1.000000e+00  0.000000e+00
    outer loop
      vertex  -3.990917e-03 -1.100000e-02 -1.186597e-02
      vertex  -8.114893e-03 -1.100000e-02 -1.499507e-02
      vertex  -5.536116e-03 -1.100000e-02 -1.612622e-02
    endloop
  endfacet
  facet normal  0.000000e+00 -1.000000e+00 -0.000000e+00
    outer loop
      vertex  -3.990917e-03 -1.100000e-02 -1.186597e-02
      vertex  -5.536116e-03 -1.100000e-02 -1.612622e-02
      vertex  -2.806328e-03 -1.100000e-02 -1.681750e-02
    endloop
  endfacet
  facet normal  0.000000e+00 -1.000000e+00  0.000000e+00
    outer loop
      vertex  -1.254408e-02 -1.100000e-02 -1.154769e-02
      vertex  -1.186592e-02 -1.100000e-02 -1.186597e-02
      vertex  -1.427368e-02 -1.100000e-02 -9.325505e-03
    endloop
  endfacet
  facet normal  0.000000e+00 -1.000000e+00  0.000000e+00
    outer loop
      vertex  -1.427368e-02 -1.100000e-02 -9.325505e-03
      vertex  -1.186592e-02 -1.100000e-02 -1.186597e-02
      vertex  -1.186592e-02 -1.100000e-02 -3.990967e-03
    endloop
  endfacet
  facet normal  0.000000e+00 -1.000000e+00  0.000000e+00
    outer loop
      vertex  -1.427368e-02 -1.100000e-02 -9.325505e-03
      vertex  -1.186592e-02 -1.100000e-02 -3.990967e-03
      vertex  -1.561392e-02 -1.100000e-02 -6.848947e-03
    endloop
  endfacet
  facet normal  0.000000e+00 -1.000000e+00  0.000000e+00
    outer loop
      vertex  -1.561392e-02 -1.100000e-02 -6.848947e-03
      vertex  -1.186592e-02 -1.100000e-02 -3.990967e-03
      vertex  -1.652827e-02 -1.100000e-02 -4.185567e-03
    endloop
  endfacet
  facet normal  0.000000e+00 -1.000000e+00 -0.000000e+00
    outer loop
      vertex  -1.186592e-02 -1.100000e-02  7.779975e-03
      vertex  -1.561392e-02 -1.100000e-02  6.848868e-03
      vertex  -1.186592e-02 -1.100000e-02  5.654975e-03
    endloop
  endfacet
  facet normal -0.000000e+00 -1.000000e+00  0.000000e+00
    outer loop
      vertex  -1.186592e-02 -1.100000e-02  5.654975e-03
      vertex  -1.561392e-02 -1.100000e-02  6.848868e-03
      vertex  -1.652827e-02 -1.100000e-02  4.185488e-03
    endloop
  endfacet
  facet normal  0.000000e+00 -1.000000e+00 -0.000000e+00
    outer loop
      vertex  -1.186592e-02 -1.100000e-02  5.654975e-03
      vertex  -1.652827e-02 -1.100000e-02  4.185488e-03
      vertex  -1.186592e-02 -1.100000e-02  3.990888e-03
    endloop
  endfacet
  facet normal -0.000000e+00 -1.000000e+00  0.000000e+00
    outer loop
      vertex  -1.186592e-02 -1.100000e-02  3.990888e-03
      vertex  -1.652827e-02 -1.100000e-02  4.185488e-03
      vertex  -1.699176e-02 -1.100000e-02  1.407938e-03
    endloop
  endfacet
  facet normal  0.000000e+00 -1.000000e+00  0.000000e+00
    outer loop
      vertex  -1.186592e-02 -1.100000e-02  3.990888e-03
      vertex  -1.699176e-02 -1.100000e-02  1.407938e-03
      vertex  -1.699176e-02 -1.100000e-02 -1.408017e-03
    endloop
  endfacet
  facet normal  0.000000e+00 -1.000000e+00  0.000000e+00
    outer loop
      vertex   9.905194e-09 -1.100000e-02  1.704996e-02
      vertex  -2.806328e-03 -1.100000e-02  1.681742e-02
      vertex  -3.990917e-03 -1.100000e-02  7.779975e-03
    endloop
  endfacet
  facet normal  0.000000e+00 -1.000000e+00  0.000000e+00
    outer loop
      vertex  -3.990917e-03 -1.100000e-02  7.779975e-03
      vertex  -2.806328e-03 -1.100000e-02  1.681742e-02
      vertex  -5.536116e-03 -1.100000e-02  1.612614e-02
    endloop
  endfacet
  facet normal  0.000000e+00 -1.000000e+00 -0.000000e+00
    outer loop
      vertex  -5.536116e-03 -1.100000e-02  1.612614e-02
      vertex  -8.114893e-03 -1.100000e-02  1.499499e-02
      vertex  -3.990917e-03 -1.100000e-02  7.779975e-03
    endloop
  endfacet
  facet normal  0.000000e+00 -1.000000e+00  0.000000e+00
    outer loop
      vertex  -3.990917e-03 -1.100000e-02  7.779975e-03
      vertex  -8.114893e-03 -1.100000e-02  1.499499e-02
      vertex  -1.047232e-02 -1.100000e-02  1.345481e-02
    endloop
  endfacet
  facet normal  0.000000e+00 -1.000000e+00  0.000000e+00
    outer loop
      vertex  -3.990917e-03 -1.100000e-02  7.779975e-03
      vertex  -1.047232e-02 -1.100000e-02  1.345481e-02
      vertex  -1.186592e-02 -1.100000e-02  7.779975e-03
    endloop
  endfacet
  facet normal  0.000000e+00 -1.000000e+00  0.000000e+00
    outer loop
      vertex  -1.186592e-02 -1.100000e-02  7.779975e-03
      vertex  -1.047232e-02 -1.100000e-02  1.345481e-02
      vertex  -1.254408e-02 -1.100000e-02  1.154761e-02
    endloop
  endfacet
  facet normal  0.000000e+00 -1.000000e+00  0.000000e+00
    outer loop
      vertex  -1.186592e-02 -1.100000e-02  7.779975e-03
      vertex  -1.254408e-02 -1.100000e-02  1.154761e-02
      vertex  -1.427368e-02 -1.100000e-02  9.325427e-03
    endloop
  endfacet
  facet normal  0.000000e+00 -1.000000e+00 -0.000000e+00
    outer loop
      vertex  -5.144345e-03 -1.100000e-02  4.769139e-03
      vertex  -5.656844e-03 -1.100000e-02  4.631815e-03
      vertex  -3.990917e-03 -1.100000e-02  3.990888e-03
    endloop
  endfacet
  facet normal  0.000000e+00 -1.000000e+00  0.000000e+00
    outer loop
      vertex  -3.990917e-03 -1.100000e-02  3.990888e-03
      vertex  -5.656844e-03 -1.100000e-02  4.631815e-03
      vertex  -1.186592e-02 -1.100000e-02  3.990888e-03
    endloop
  endfacet
  facet normal -0.000000e+00 -1.000000e+00  0.000000e+00
    outer loop
      vertex  -5.656844e-03 -1.100000e-02  4.631815e-03
      vertex  -6.169344e-03 -1.100000e-02  4.769139e-03
      vertex  -1.186592e-02 -1.100000e-02  3.990888e-03
    endloop
  endfacet
  facet normal  0.000000e+00 -1.000000e+00  0.000000e+00
    outer loop
      vertex  -1.186592e-02 -1.100000e-02  3.990888e-03
      vertex  -6.169344e-03 -1.100000e-02  4.769139e-03
      vertex  -6.544521e-03 -1.100000e-02  5.144315e-03
    endloop
  endfacet
  facet normal  0.000000e+00 -1.000000e+00  0.000000e+00
    outer loop
      vertex  -1.186592e-02 -1.100000e-02  3.990888e-03
      vertex  -6.544521e-03 -1.100000e-02  5.144315e-03
      vertex  -1.186592e-02 -1.100000e-02  5.654975e-03
    endloop
  endfacet
  facet normal  0.000000e+00 -1.000000e+00  0.000000e+00
    outer loop
      vertex  -1.186592e-02 -1.100000e-02  5.654975e-03
      vertex  -6.544521e-03 -1.100000e-02  5.144315e-03
      vertex  -6.681845e-03 -1.100000e-02  5.656815e-03
    endloop
  endfacet
  facet normal  0.000000e+00 -1.000000e+00  0.000000e+00
    outer loop
      vertex  -1.186592e-02 -1.100000e-02  5.654975e-03
      vertex  -6.681845e-03 -1.100000e-02  5.656815e-03
      vertex  -1.186592e-02 -1.100000e-02  7.779975e-03
    endloop
  endfacet
  facet normal  0.000000e+00 -1.000000e+00  0.000000e+00
    outer loop
      vertex  -6.681845e-03 -1.100000e-02  5.656815e-03
      vertex  -6.544521e-03 -1.100000e-02  6.169314e-03
      vertex  -1.186592e-02 -1.100000e-02  7.779975e-03
    endloop
  endfacet
  facet normal  0.000000e+00 -1.000000e+00  0.000000e+00
    outer loop
      vertex  -1.186592e-02 -1.100000e-02  7.779975e-03
      vertex  -6.544521e-03 -1.100000e-02  6.169314e-03
      vertex  -6.169344e-03 -1.100000e-02  6.544491e-03
    endloop
  endfacet
  facet normal  0.000000e+00 -1.000000e+00  0.000000e+00
    outer loop
      vertex  -1.186592e-02 -1.100000e-02  7.779975e-03
      vertex  -6.169344e-03 -1.100000e-02  6.544491e-03
      vertex  -3.990917e-03 -1.100000e-02  7.779975e-03
    endloop
  endfacet
  facet normal  0.000000e+00 -1.000000e+00  0.000000e+00
    outer loop
      vertex  -3.990917e-03 -1.100000e-02  7.779975e-03
      vertex  -6.169344e-03 -1.100000e-02  6.544491e-03
      vertex  -5.656844e-03 -1.100000e-02  6.681815e-03
    endloop
  endfacet
  facet normal  0.000000e+00 -1.000000e+00  0.000000e+00
    outer loop
      vertex  -5.656844e-03 -1.100000e-02  6.681815e-03
      vertex  -5.144345e-03 -1.100000e-02  6.544491e-03
      vertex  -3.990917e-03 -1.100000e-02  7.779975e-03
    endloop
  endfacet
  facet normal  0.000000e+00 -1.000000e+00  0.000000e+00
    outer loop
      vertex  -3.990917e-03 -1.100000e-02  7.779975e-03
      vertex  -5.144345e-03 -1.100000e-02  6.544491e-03
      vertex  -4.769168e-03 -1.100000e-02  6.169314e-03
    endloop
  endfacet
  facet normal  0.000000e+00 -1.000000e+00 -0.000000e+00
    outer loop
      vertex  -3.990917e-03 -1.100000e-02  7.779975e-03
      vertex  -4.769168e-03 -1.100000e-02  6.169314e-03
      vertex  -3.990917e-03 -1.100000e-02  5.654975e-03
    endloop
  endfacet
  facet normal  0.000000e+00 -1.000000e+00  0.000000e+00
    outer loop
      vertex  -3.990917e-03 -1.100000e-02  5.654975e-03
      vertex  -4.769168e-03 -1.100000e-02  6.169314e-03
      vertex  -4.631844e-03 -1.100000e-02  5.656815e-03
    endloop
  endfacet
  facet normal -0.000000e+00 -1.000000e+00 -0.000000e+00
    outer loop
      vertex  -3.990917e-03 -1.100000e-02  5.654975e-03
      vertex  -4.631844e-03 -1.100000e-02  5.656815e-03
      vertex  -3.990917e-03 -1.100000e-02  3.990888e-03
    endloop
  endfacet
  facet normal  0.000000e+00 -1.000000e+00  0.000000e+00
    outer loop
      vertex  -3.990917e-03 -1.100000e-02  3.990888e-03
      vertex  -4.631844e-03 -1.100000e-02  5.656815e-03
      vertex  -4.769168e-03 -1.100000e-02  5.144315e-03
    endloop
  endfacet
  facet normal  0.000000e+00 -1.000000e+00  0.000000e+00
    outer loop
      vertex  -3.990917e-03 -1.100000e-02  3.990888e-03
      vertex  -4.769168e-03 -1.100000e-02  5.144315e-03
      vertex  -5.144345e-03 -1.100000e-02  4.769139e-03
    endloop
  endfacet
  facet normal  0.000000e+00 -1.000000e+00  0.000000e+00
    outer loop
      vertex   1.699178e-02 -1.100000e-02  1.407938e-03
      vertex   1.652828e-02 -1.100000e-02  4.185488e-03
      vertex   7.780024e-03 -1.100000e-02  3.990888e-03
    endloop
  endfacet
  facet normal  0.000000e+00 -1.000000e+00  0.000000e+00
    outer loop
      vertex   7.780024e-03 -1.100000e-02  3.990888e-03
      vertex   1.652828e-02 -1.100000e-02  4.185488e-03
      vertex   7.780024e-03 -1.100000e-02  5.654975e-03
    endloop
  endfacet
  facet normal  0.000000e+00 -1.000000e+00  0.000000e+00
    outer loop
      vertex   7.780024e-03 -1.100000e-02  3.990888e-03
      vertex   7.780024e-03 -1.100000e-02  5.654975e-03
      vertex   6.681864e-03 -1.100000e-02  5.656815e-03
    endloop
  endfacet
  facet normal  0.000000e+00 -1.000000e+00 -0.000000e+00
    outer loop
      vertex   8.878184e-03 -1.100000e-02  7.778135e-03
      vertex   8.730813e-03 -1.100000e-02  7.228135e-03
      vertex   1.652828e-02 -1.100000e-02  4.185488e-03
    endloop
  endfacet
  facet normal  0.000000e+00 -1.000000e+00  0.000000e+00
    outer loop
      vertex   1.652828e-02 -1.100000e-02  4.185488e-03
      vertex   8.730813e-03 -1.100000e-02  7.228135e-03
      vertex   8.328184e-03 -1.100000e-02  6.825507e-03
    endloop
  endfacet
  facet normal  0.000000e+00 -1.000000e+00  0.000000e+00
    outer loop
      vertex   1.652828e-02 -1.100000e-02  4.185488e-03
      vertex   8.328184e-03 -1.100000e-02  6.825507e-03
      vertex   7.780024e-03 -1.100000e-02  5.654975e-03
    endloop
  endfacet
  facet normal  0.000000e+00 -1.000000e+00  0.000000e+00
    outer loop
      vertex   7.780024e-03 -1.100000e-02  5.654975e-03
      vertex   8.328184e-03 -1.100000e-02  6.825507e-03
      vertex   7.778184e-03 -1.100000e-02  6.678135e-03
    endloop
  endfacet
  facet normal  0.000000e+00 -1.000000e+00  0.000000e+00
    outer loop
      vertex   7.780024e-03 -1.100000e-02  5.654975e-03
      vertex   7.778184e-03 -1.100000e-02  6.678135e-03
      vertex   6.681864e-03 -1.100000e-02  5.656815e-03
    endloop
  endfacet
  facet normal  0.000000e+00 -1.000000e+00  0.000000e+00
    outer loop
      vertex   6.681864e-03 -1.100000e-02  5.656815e-03
      vertex   7.778184e-03 -1.100000e-02  6.678135e-03
      vertex   7.228184e-03 -1.100000e-02  6.825507e-03
    endloop
  endfacet
  facet normal  0.000000e+00 -1.000000e+00  0.000000e+00
    outer loop
      vertex   6.681864e-03 -1.100000e-02  5.656815e-03
      vertex   7.228184e-03 -1.100000e-02  6.825507e-03
      vertex   6.544540e-03 -1.100000e-02  6.169314e-03
    endloop
  endfacet
  facet normal  0.000000e+00 -1.000000e+00  0.000000e+00
    outer loop
      vertex   6.544540e-03 -1.100000e-02  6.169314e-03
      vertex   7.228184e-03 -1.100000e-02  6.825507e-03
      vertex   6.169364e-03 -1.100000e-02  6.544491e-03
    endloop
  endfacet
  facet normal -0.000000e+00 -1.000000e+00  0.000000e+00
    outer loop
      vertex   7.228184e-03 -1.100000e-02  6.825507e-03
      vertex   6.825557e-03 -1.100000e-02  7.228135e-03
      vertex   6.169364e-03 -1.100000e-02  6.544491e-03
    endloop
  endfacet
  facet normal  0.000000e+00 -1.000000e+00  0.000000e+00
    outer loop
      vertex   6.169364e-03 -1.100000e-02  6.544491e-03
      vertex   6.825557e-03 -1.100000e-02  7.228135e-03
      vertex   6.678184e-03 -1.100000e-02  7.778135e-03
    endloop
  endfacet
  facet normal  0.000000e+00 -1.000000e+00  0.000000e+00
    outer loop
      vertex   6.169364e-03 -1.100000e-02  6.544491e-03
      vertex   6.678184e-03 -1.100000e-02  7.778135e-03
      vertex   5.656864e-03 -1.100000e-02  6.681815e-03
    endloop
  endfacet
  facet normal  0.000000e+00 -1.000000e+00  0.000000e+00
    outer loop
      vertex   5.656864e-03 -1.100000e-02  6.681815e-03
      vertex   6.678184e-03 -1.100000e-02  7.778135e-03
      vertex   5.655024e-03 -1.100000e-02  7.779975e-03
    endloop
  endfacet
  facet normal -0.000000e+00 -1.000000e+00  0.000000e+00
    outer loop
      vertex   5.656864e-03 -1.100000e-02  6.681815e-03
      vertex   5.655024e-03 -1.100000e-02  7.779975e-03
      vertex   5.144364e-03 -1.100000e-02  6.544491e-03
    endloop
  endfacet
  facet normal  0.000000e+00 -1.000000e+00  0.000000e+00
    outer loop
      vertex   5.144364e-03 -1.100000e-02  6.544491e-03
      vertex   5.655024e-03 -1.100000e-02  7.779975e-03
      vertex   3.990937e-03 -1.100000e-02  7.779975e-03
    endloop
  endfacet
  facet normal  0.000000e+00 -1.000000e+00 -0.000000e+00
    outer loop
      vertex   6.681864e-03 -1.100000e-02  5.656815e-03
      vertex   6.544540e-03 -1.100000e-02  5.144315e-03
      vertex   7.780024e-03 -1.100000e-02  3.990888e-03
    endloop
  endfacet
  facet normal  0.000000e+00 -1.000000e+00  0.000000e+00
    outer loop
      vertex   7.780024e-03 -1.100000e-02  3.990888e-03
      vertex   6.544540e-03 -1.100000e-02  5.144315e-03
      vertex   6.169364e-03 -1.100000e-02  4.769139e-03
    endloop
  endfacet
  facet normal  0.000000e+00 -1.000000e+00  0.000000e+00
    outer loop
      vertex   7.780024e-03 -1.100000e-02  3.990888e-03
      vertex   6.169364e-03 -1.100000e-02  4.769139e-03
      vertex   5.655024e-03 -1.100000e-02  3.990888e-03
    endloop
  endfacet
  facet normal  0.000000e+00 -1.000000e+00  0.000000e+00
    outer loop
      vertex   5.655024e-03 -1.100000e-02  3.990888e-03
      vertex   6.169364e-03 -1.100000e-02  4.769139e-03
      vertex   5.656864e-03 -1.100000e-02  4.631815e-03
    endloop
  endfacet
  facet normal  0.000000e+00 -1.000000e+00  0.000000e+00
    outer loop
      vertex   5.655024e-03 -1.100000e-02  3.990888e-03
      vertex   5.656864e-03 -1.100000e-02  4.631815e-03
      vertex   3.990937e-03 -1.100000e-02  3.990888e-03
    endloop
  endfacet
  facet normal -0.000000e+00 -1.000000e+00  0.000000e+00
    outer loop
      vertex   5.656864e-03 -1.100000e-02  4.631815e-03
      vertex   5.144364e-03 -1.100000e-02  4.769139e-03
      vertex   3.990937e-03 -1.100000e-02  3.990888e-03
    endloop
  endfacet
  facet normal  0.000000e+00 -1.000000e+00  0.000000e+00
    outer loop
      vertex   3.990937e-03 -1.100000e-02  3.990888e-03
      vertex   5.144364e-03 -1.100000e-02  4.769139e-03
      vertex   4.769188e-03 -1.100000e-02  5.144315e-03
    endloop
  endfacet
  facet normal  0.000000e+00 -1.000000e+00  0.000000e+00
    outer loop
      vertex   3.990937e-03 -1.100000e-02  3.990888e-03
      vertex   4.769188e-03 -1.100000e-02  5.144315e-03
      vertex   3.990937e-03 -1.100000e-02  5.654975e-03
    endloop
  endfacet
  facet normal  0.000000e+00 -1.000000e+00  0.000000e+00
    outer loop
      vertex   3.990937e-03 -1.100000e-02  5.654975e-03
      vertex   4.769188e-03 -1.100000e-02  5.144315e-03
      vertex   4.631864e-03 -1.100000e-02  5.656815e-03
    endloop
  endfacet
  facet normal  0.000000e+00 -1.000000e+00  0.000000e+00
    outer loop
      vertex   3.990937e-03 -1.100000e-02  5.654975e-03
      vertex   4.631864e-03 -1.100000e-02  5.656815e-03
      vertex   3.990937e-03 -1.100000e-02  7.779975e-03
    endloop
  endfacet
  facet normal  0.000000e+00 -1.000000e+00  0.000000e+00
    outer loop
      vertex   3.990937e-03 -1.100000e-02  7.779975e-03
      vertex   4.631864e-03 -1.100000e-02  5.656815e-03
      vertex   4.769188e-03 -1.100000e-02  6.169314e-03
    endloop
  endfacet
  facet normal  0.000000e+00 -1.000000e+00  0.000000e+00
    outer loop
      vertex   3.990937e-03 -1.100000e-02  7.779975e-03
      vertex   4.769188e-03 -1.100000e-02  6.169314e-03
      vertex   5.144364e-03 -1.100000e-02  6.544491e-03
    endloop
  endfacet
  facet normal  0.000000e+00 -1.000000e+00 -0.000000e+00
    outer loop
      vertex  -5.144345e-03 -1.100000e-02 -6.544570e-03
      vertex  -5.656844e-03 -1.100000e-02 -6.681894e-03
      vertex  -3.990917e-03 -1.100000e-02 -1.186597e-02
    endloop
  endfacet
  facet normal  0.000000e+00 -1.000000e+00  0.000000e+00
    outer loop
      vertex  -3.990917e-03 -1.100000e-02 -1.186597e-02
      vertex  -5.656844e-03 -1.100000e-02 -6.681894e-03
      vertex  -1.186592e-02 -1.100000e-02 -1.186597e-02
    endloop
  endfacet
  facet normal -0.000000e+00 -1.000000e+00  0.000000e+00
    outer loop
      vertex  -3.990917e-03 -1.100000e-02 -1.186597e-02
      vertex  -1.186592e-02 -1.100000e-02 -1.186597e-02
      vertex  -1.047232e-02 -1.100000e-02 -1.345489e-02
    endloop
  endfacet
  facet normal  0.000000e+00 -1.000000e+00  0.000000e+00
    outer loop
      vertex  -1.047232e-02 -1.100000e-02 -1.345489e-02
      vertex  -1.186592e-02 -1.100000e-02 -1.186597e-02
      vertex  -1.254408e-02 -1.100000e-02 -1.154769e-02
    endloop
  endfacet
  facet normal -0.000000e+00 -1.000000e+00  0.000000e+00
    outer loop
      vertex  -5.656844e-03 -1.100000e-02 -6.681894e-03
      vertex  -6.169344e-03 -1.100000e-02 -6.544570e-03
      vertex  -1.186592e-02 -1.100000e-02 -1.186597e-02
    endloop
  endfacet
  facet normal  0.000000e+00 -1.000000e+00  0.000000e+00
    outer loop
      vertex  -1.186592e-02 -1.100000e-02 -1.186597e-02
      vertex  -6.169344e-03 -1.100000e-02 -6.544570e-03
      vertex  -6.544521e-03 -1.100000e-02 -6.169394e-03
    endloop
  endfacet
  facet normal  0.000000e+00 -1.000000e+00  0.000000e+00
    outer loop
      vertex  -1.186592e-02 -1.100000e-02 -1.186597e-02
      vertex  -6.544521e-03 -1.100000e-02 -6.169394e-03
      vertex  -1.186592e-02 -1.100000e-02 -3.990967e-03
    endloop
  endfacet
  facet normal  0.000000e+00 -1.000000e+00  0.000000e+00
    outer loop
      vertex  -1.186592e-02 -1.100000e-02 -3.990967e-03
      vertex  -6.544521e-03 -1.100000e-02 -6.169394e-03
      vertex  -6.681845e-03 -1.100000e-02 -5.656894e-03
    endloop
  endfacet
  facet normal  0.000000e+00 -1.000000e+00  0.000000e+00
    outer loop
      vertex  -1.186592e-02 -1.100000e-02 -3.990967e-03
      vertex  -6.681845e-03 -1.100000e-02 -5.656894e-03
      vertex  -6.544521e-03 -1.100000e-02 -5.144394e-03
    endloop
  endfacet
  facet normal  0.000000e+00 -1.000000e+00  0.000000e+00
    outer loop
      vertex  -6.544521e-03 -1.100000e-02 -5.144394e-03
      vertex  -6.169344e-03 -1.100000e-02 -4.769218e-03
      vertex  -1.186592e-02 -1.100000e-02 -3.990967e-03
    endloop
  endfacet
  facet normal  0.000000e+00 -1.000000e+00  0.000000e+00
    outer loop
      vertex  -1.186592e-02 -1.100000e-02 -3.990967e-03
      vertex  -6.169344e-03 -1.100000e-02 -4.769218e-03
      vertex  -5.656844e-03 -1.100000e-02 -4.631894e-03
    endloop
  endfacet
  facet normal  0.000000e+00 -1.000000e+00  0.000000e+00
    outer loop
      vertex  -1.186592e-02 -1.100000e-02 -3.990967e-03
      vertex  -5.656844e-03 -1.100000e-02 -4.631894e-03
      vertex  -3.990917e-03 -1.100000e-02 -3.990967e-03
    endloop
  endfacet
  facet normal  0.000000e+00 -1.000000e+00  0.000000e+00
    outer loop
      vertex  -3.990917e-03 -1.100000e-02 -3.990967e-03
      vertex  -5.656844e-03 -1.100000e-02 -4.631894e-03
      vertex  -5.144345e-03 -1.100000e-02 -4.769218e-03
    endloop
  endfacet
  facet normal  0.000000e+00 -1.000000e+00  0.000000e+00
    outer loop
      vertex  -5.144345e-03 -1.100000e-02 -4.769218e-03
      vertex  -4.769168e-03 -1.100000e-02 -5.144394e-03
      vertex  -3.990917e-03 -1.100000e-02 -3.990967e-03
    endloop
  endfacet
  facet normal  0.000000e+00 -1.000000e+00  0.000000e+00
    outer loop
      vertex  -3.990917e-03 -1.100000e-02 -3.990967e-03
      vertex  -4.769168e-03 -1.100000e-02 -5.144394e-03
      vertex  -4.631844e-03 -1.100000e-02 -5.656894e-03
    endloop
  endfacet
  facet normal  0.000000e+00 -1.000000e+00 -0.000000e+00
    outer loop
      vertex  -3.990917e-03 -1.100000e-02 -3.990967e-03
      vertex  -4.631844e-03 -1.100000e-02 -5.656894e-03
      vertex  -3.990917e-03 -1.100000e-02 -1.186597e-02
    endloop
  endfacet
  facet normal  0.000000e+00 -1.000000e+00  0.000000e+00
    outer loop
      vertex  -3.990917e-03 -1.100000e-02 -1.186597e-02
      vertex  -4.631844e-03 -1.100000e-02 -5.656894e-03
      vertex  -4.769168e-03 -1.100000e-02 -6.169394e-03
    endloop
  endfacet
  facet normal  0.000000e+00 -1.000000e+00  0.000000e+00
    outer loop
      vertex  -3.990917e-03 -1.100000e-02 -1.186597e-02
      vertex  -4.769168e-03 -1.100000e-02 -6.169394e-03
      vertex  -5.144345e-03 -1.100000e-02 -6.544570e-03
    endloop
  endfacet
  facet normal  0.000000e+00 -1.000000e+00  0.000000e+00
    outer loop
      vertex  -3.990917e-03 -1.100000e-02 -3.990967e-03
      vertex   9.905194e-09 -1.100000e-02 -3.350039e-03
      vertex  -1.210150e-03 -1.100000e-02 -3.123821e-03
    endloop
  endfacet
  facet normal  0.000000e+00 -1.000000e+00 -0.000000e+00
    outer loop
      vertex   2.998807e-03 -1.100000e-02 -1.493263e-03
      vertex   2.256891e-03 -1.100000e-02 -2.475719e-03
      vertex   3.990937e-03 -1.100000e-02 -3.990967e-03
    endloop
  endfacet
  facet normal  0.000000e+00 -1.000000e+00  0.000000e+00
    outer loop
      vertex   3.990937e-03 -1.100000e-02 -3.990967e-03
      vertex   2.256891e-03 -1.100000e-02 -2.475719e-03
      vertex   1.210170e-03 -1.100000e-02 -3.123821e-03
    endloop
  endfacet
  facet normal  0.000000e+00 -1.000000e+00  0.000000e+00
    outer loop
      vertex   2.673368e-03 -1.100000e-02  2.018787e-03
      vertex   3.222126e-03 -1.100000e-02  9.167314e-04
      vertex   3.990937e-03 -1.100000e-02  3.990888e-03
    endloop
  endfacet
  facet normal  0.000000e+00 -1.000000e+00  0.000000e+00
    outer loop
      vertex   3.990937e-03 -1.100000e-02  3.990888e-03
      vertex   3.222126e-03 -1.100000e-02  9.167314e-04
      vertex   3.335719e-03 -1.100000e-02 -3.091386e-04
    endloop
  endfacet
  facet normal -0.000000e+00 -1.000000e+00  0.000000e+00
    outer loop
      vertex  -1.210150e-03 -1.100000e-02 -3.123821e-03
      vertex  -2.256871e-03 -1.100000e-02 -2.475719e-03
      vertex  -3.990917e-03 -1.100000e-02 -3.990967e-03
    endloop
  endfacet
  facet normal  0.000000e+00 -1.000000e+00  0.000000e+00
    outer loop
      vertex  -3.990917e-03 -1.100000e-02 -3.990967e-03
      vertex  -2.256871e-03 -1.100000e-02 -2.475719e-03
      vertex  -2.998787e-03 -1.100000e-02 -1.493263e-03
    endloop
  endfacet
  facet normal  0.000000e+00 -1.000000e+00  0.000000e+00
    outer loop
      vertex  -3.990917e-03 -1.100000e-02 -3.990967e-03
      vertex  -2.998787e-03 -1.100000e-02 -1.493263e-03
      vertex  -3.335699e-03 -1.100000e-02 -3.091386e-04
    endloop
  endfacet
  facet normal  0.000000e+00 -1.000000e+00  0.000000e+00
    outer loop
      vertex  -1.699176e-02 -1.100000e-02 -1.408017e-03
      vertex  -1.186592e-02 -1.100000e-02 -3.990967e-03
      vertex  -1.186592e-02 -1.100000e-02  3.990888e-03
    endloop
  endfacet
  facet normal  0.000000e+00 -1.000000e+00  0.000000e+00
    outer loop
      vertex  -1.186592e-02 -1.100000e-02  3.990888e-03
      vertex  -1.186592e-02 -1.100000e-02 -3.990967e-03
      vertex  -3.990917e-03 -1.100000e-02 -3.990967e-03
    endloop
  endfacet
  facet normal  0.000000e+00 -1.000000e+00  0.000000e+00
    outer loop
      vertex  -1.186592e-02 -1.100000e-02  3.990888e-03
      vertex  -3.990917e-03 -1.100000e-02 -3.990967e-03
      vertex  -3.990917e-03 -1.100000e-02  3.990888e-03
    endloop
  endfacet
  facet normal  0.000000e+00 -1.000000e+00  0.000000e+00
    outer loop
      vertex  -3.990917e-03 -1.100000e-02  3.990888e-03
      vertex  -3.990917e-03 -1.100000e-02 -3.990967e-03
      vertex  -3.335699e-03 -1.100000e-02 -3.091386e-04
    endloop
  endfacet
  facet normal  0.000000e+00 -1.000000e+00  0.000000e+00
    outer loop
      vertex  -3.990917e-03 -1.100000e-02  3.990888e-03
      vertex  -3.335699e-03 -1.100000e-02 -3.091386e-04
      vertex  -3.222106e-03 -1.100000e-02  9.167314e-04
    endloop
  endfacet
  facet normal  0.000000e+00 -1.000000e+00  0.000000e+00
    outer loop
      vertex  -3.222106e-03 -1.100000e-02  9.167314e-04
      vertex  -2.673348e-03 -1.100000e-02  2.018787e-03
      vertex  -3.990917e-03 -1.100000e-02  3.990888e-03
    endloop
  endfacet
  facet normal  0.000000e+00 -1.000000e+00  0.000000e+00
    outer loop
      vertex  -3.990917e-03 -1.100000e-02  3.990888e-03
      vertex  -2.673348e-03 -1.100000e-02  2.018787e-03
      vertex  -1.763538e-03 -1.100000e-02  2.848188e-03
    endloop
  endfacet
  facet normal  0.000000e+00 -1.000000e+00  0.000000e+00
    outer loop
      vertex  -3.990917e-03 -1.100000e-02  3.990888e-03
      vertex  -1.763538e-03 -1.100000e-02  2.848188e-03
      vertex  -6.155510e-04 -1.100000e-02  3.292920e-03
    endloop
  endfacet
  facet normal  0.000000e+00 -1.000000e+00  0.000000e+00
    outer loop
      vertex   9.905194e-09 -1.100000e-02  3.349960e-03
      vertex   6.155708e-04 -1.100000e-02  3.292920e-03
      vertex   3.990937e-03 -1.100000e-02  3.990888e-03
    endloop
  endfacet
  facet normal  0.000000e+00 -1.000000e+00  0.000000e+00
    outer loop
      vertex   3.990937e-03 -1.100000e-02  3.990888e-03
      vertex   6.155708e-04 -1.100000e-02  3.292920e-03
      vertex   1.763558e-03 -1.100000e-02  2.848188e-03
    endloop
  endfacet
  facet normal  0.000000e+00 -1.000000e+00  0.000000e+00
    outer loop
      vertex   3.990937e-03 -1.100000e-02  3.990888e-03
      vertex   1.763558e-03 -1.100000e-02  2.848188e-03
      vertex   2.673368e-03 -1.100000e-02  2.018787e-03
    endloop
  endfacet
  facet normal -0.000000e+00 -1.000000e+00 -0.000000e+00
    outer loop
      vertex   2.806348e-03 -1.100000e-02  1.681742e-02
      vertex   9.905194e-09 -1.100000e-02  1.704996e-02
      vertex   3.990937e-03 -1.100000e-02  7.779975e-03
    endloop
  endfacet
  facet normal  0.000000e+00 -1.000000e+00  0.000000e+00
    outer loop
      vertex   3.990937e-03 -1.100000e-02  7.779975e-03
      vertex   9.905194e-09 -1.100000e-02  1.704996e-02
      vertex  -3.990917e-03 -1.100000e-02  7.779975e-03
    endloop
  endfacet
  facet normal -0.000000e+00 -1.000000e+00 -0.000000e+00
    outer loop
      vertex   3.990937e-03 -1.100000e-02  7.779975e-03
      vertex  -3.990917e-03 -1.100000e-02  7.779975e-03
      vertex   3.990937e-03 -1.100000e-02  5.654975e-03
    endloop
  endfacet
  facet normal  0.000000e+00 -1.000000e+00  0.000000e+00
    outer loop
      vertex   3.990937e-03 -1.100000e-02  5.654975e-03
      vertex  -3.990917e-03 -1.100000e-02  7.779975e-03
      vertex  -3.990917e-03 -1.100000e-02  5.654975e-03
    endloop
  endfacet
  facet normal -0.000000e+00 -1.000000e+00 -0.000000e+00
    outer loop
      vertex   3.990937e-03 -1.100000e-02  5.654975e-03
      vertex  -3.990917e-03 -1.100000e-02  5.654975e-03
      vertex   3.990937e-03 -1.100000e-02  3.990888e-03
    endloop
  endfacet
  facet normal  0.000000e+00 -1.000000e+00  0.000000e+00
    outer loop
      vertex   3.990937e-03 -1.100000e-02  3.990888e-03
      vertex  -3.990917e-03 -1.100000e-02  5.654975e-03
      vertex  -3.990917e-03 -1.100000e-02  3.990888e-03
    endloop
  endfacet
  facet normal -0.000000e+00 -1.000000e+00  0.000000e+00
    outer loop
      vertex   3.990937e-03 -1.100000e-02  3.990888e-03
      vertex  -3.990917e-03 -1.100000e-02  3.990888e-03
      vertex   9.905194e-09 -1.100000e-02  3.349960e-03
    endloop
  endfacet
  facet normal -0.000000e+00 -1.000000e+00  0.000000e+00
    outer loop
      vertex   9.905194e-09 -1.100000e-02  3.349960e-03
      vertex  -3.990917e-03 -1.100000e-02  3.990888e-03
      vertex  -6.155510e-04 -1.100000e-02  3.292920e-03
    endloop
  endfacet
  facet normal  0.000000e+00 -1.000000e+00  0.000000e+00
    outer loop
      vertex  -2.806328e-03 -1.100000e-02 -1.681750e-02
      vertex   9.905194e-09 -1.100000e-02 -1.705004e-02
      vertex  -3.990917e-03 -1.100000e-02 -1.186597e-02
    endloop
  endfacet
  facet normal  0.000000e+00 -1.000000e+00  0.000000e+00
    outer loop
      vertex  -3.990917e-03 -1.100000e-02 -1.186597e-02
      vertex   9.905194e-09 -1.100000e-02 -1.705004e-02
      vertex   3.990937e-03 -1.100000e-02 -1.186597e-02
    endloop
  endfacet
  facet normal  0.000000e+00 -1.000000e+00  0.000000e+00
    outer loop
      vertex  -3.990917e-03 -1.100000e-02 -1.186597e-02
      vertex   3.990937e-03 -1.100000e-02 -1.186597e-02
      vertex  -3.990917e-03 -1.100000e-02 -3.990967e-03
    endloop
  endfacet
  facet normal  0.000000e+00 -1.000000e+00  0.000000e+00
    outer loop
      vertex  -3.990917e-03 -1.100000e-02 -3.990967e-03
      vertex   3.990937e-03 -1.100000e-02 -1.186597e-02
      vertex   3.990937e-03 -1.100000e-02 -3.990967e-03
    endloop
  endfacet
  facet normal  0.000000e+00 -1.000000e+00  0.000000e+00
    outer loop
      vertex  -3.990917e-03 -1.100000e-02 -3.990967e-03
      vertex   3.990937e-03 -1.100000e-02 -3.990967e-03
      vertex   9.905194e-09 -1.100000e-02 -3.350039e-03
    endloop
  endfacet
  facet normal  0.000000e+00 -1.000000e+00  0.000000e+00
    outer loop
      vertex   9.905194e-09 -1.100000e-02 -3.350039e-03
      vertex   3.990937e-03 -1.100000e-02 -3.990967e-03
      vertex   1.210170e-03 -1.100000e-02 -3.123821e-03
    endloop
  endfacet
  facet normal -0.000000e+00 -1.000000e+00  0.000000e+00
    outer loop
      vertex   1.699178e-02 -1.100000e-02  1.407938e-03
      vertex   7.780024e-03 -1.100000e-02  3.990888e-03
      vertex   7.780024e-03 -1.100000e-02 -3.990967e-03
    endloop
  endfacet
  facet normal  0.000000e+00 -1.000000e+00  0.000000e+00
    outer loop
      vertex   7.780024e-03 -1.100000e-02 -3.990967e-03
      vertex   7.780024e-03 -1.100000e-02  3.990888e-03
      vertex   5.655024e-03 -1.100000e-02  3.990888e-03
    endloop
  endfacet
  facet normal  0.000000e+00 -1.000000e+00  0.000000e+00
    outer loop
      vertex   7.780024e-03 -1.100000e-02 -3.990967e-03
      vertex   5.655024e-03 -1.100000e-02  3.990888e-03
      vertex   5.655024e-03 -1.100000e-02 -3.990967e-03
    endloop
  endfacet
  facet normal  0.000000e+00 -1.000000e+00  0.000000e+00
    outer loop
      vertex   5.655024e-03 -1.100000e-02 -3.990967e-03
      vertex   5.655024e-03 -1.100000e-02  3.990888e-03
      vertex   3.990937e-03 -1.100000e-02  3.990888e-03
    endloop
  endfacet
  facet normal  0.000000e+00 -1.000000e+00  0.000000e+00
    outer loop
      vertex   5.655024e-03 -1.100000e-02 -3.990967e-03
      vertex   3.990937e-03 -1.100000e-02  3.990888e-03
      vertex   3.990937e-03 -1.100000e-02 -3.990967e-03
    endloop
  endfacet
  facet normal  0.000000e+00 -1.000000e+00  0.000000e+00
    outer loop
      vertex   3.990937e-03 -1.100000e-02 -3.990967e-03
      vertex   3.990937e-03 -1.100000e-02  3.990888e-03
      vertex   3.335719e-03 -1.100000e-02 -3.091386e-04
    endloop
  endfacet
  facet normal  0.000000e+00 -1.000000e+00  0.000000e+00
    outer loop
      vertex   3.990937e-03 -1.100000e-02 -3.990967e-03
      vertex   3.335719e-03 -1.100000e-02 -3.091386e-04
      vertex   2.998807e-03 -1.100000e-02 -1.493263e-03
    endloop
  endfacet
  facet normal -3.612416e-01  0.000000e+00 -9.324722e-01
    outer loop
      vertex   1.710914e-03 -1.090000e-02  2.763166e-03
      vertex   5.971958e-04 -1.090000e-02  3.194623e-03
      vertex   5.971958e-04 -5.960467e-11  3.194623e-03
    endloop
  endfacet
  facet normal -9.226857e-02 -0.000000e+00 -9.957342e-01
    outer loop
      vertex   5.971958e-04 -5.960467e-11  3.194623e-03
      vertex   5.971958e-04 -1.090000e-02  3.194623e-03
      vertex   9.905194e-09 -1.090000e-02  3.249960e-03
    endloop
  endfacet
  facet normal -0.000000e+00 -5.076774e-03 -9.999871e-01
    outer loop
      vertex   5.971958e-04 -5.960467e-11  3.194623e-03
      vertex   9.905194e-09 -1.090000e-02  3.249960e-03
      vertex  -5.971760e-04 -5.960467e-11  3.194623e-03
    endloop
  endfacet
  facet normal  9.226857e-02  0.000000e+00 -9.957342e-01
    outer loop
      vertex  -5.971760e-04 -5.960467e-11  3.194623e-03
      vertex   9.905194e-09 -1.090000e-02  3.249960e-03
      vertex  -5.971760e-04 -1.090000e-02  3.194623e-03
    endloop
  endfacet
  facet normal  3.612416e-01  0.000000e+00 -9.324722e-01
    outer loop
      vertex  -5.971760e-04 -5.960467e-11  3.194623e-03
      vertex  -5.971760e-04 -1.090000e-02  3.194623e-03
      vertex  -1.710895e-03 -5.960467e-11  2.763166e-03
    endloop
  endfacet
  facet normal  3.612416e-01  0.000000e+00 -9.324722e-01
    outer loop
      vertex  -1.710895e-03 -5.960467e-11  2.763166e-03
      vertex  -5.971760e-04 -1.090000e-02  3.194623e-03
      vertex  -1.710895e-03 -1.090000e-02  2.763166e-03
    endloop
  endfacet
  facet normal  6.736957e-01  0.000000e+00 -7.390088e-01
    outer loop
      vertex  -1.710895e-03 -5.960467e-11  2.763166e-03
      vertex  -1.710895e-03 -1.090000e-02  2.763166e-03
      vertex  -2.593546e-03 -5.960467e-11  1.958523e-03
    endloop
  endfacet
  facet normal  6.736957e-01  0.000000e+00 -7.390088e-01
    outer loop
      vertex  -2.593546e-03 -5.960467e-11  1.958523e-03
      vertex  -1.710895e-03 -1.090000e-02  2.763166e-03
      vertex  -2.593546e-03 -1.090000e-02  1.958523e-03
    endloop
  endfacet
  facet normal  8.951633e-01  0.000000e+00 -4.457383e-01
    outer loop
      vertex  -2.593546e-03 -5.960467e-11  1.958523e-03
      vertex  -2.593546e-03 -1.090000e-02  1.958523e-03
      vertex  -3.125923e-03 -5.960468e-11  8.893652e-04
    endloop
  endfacet
  facet normal  8.951633e-01  0.000000e+00 -4.457383e-01
    outer loop
      vertex  -3.125923e-03 -5.960468e-11  8.893652e-04
      vertex  -2.593546e-03 -1.090000e-02  1.958523e-03
      vertex  -3.125923e-03 -1.090000e-02  8.893652e-04
    endloop
  endfacet
  facet normal  9.957342e-01  0.000000e+00 -9.226852e-02
    outer loop
      vertex  -3.125923e-03 -5.960468e-11  8.893652e-04
      vertex  -3.125923e-03 -1.090000e-02  8.893652e-04
      vertex  -3.236126e-03 -5.960468e-11 -2.999117e-04
    endloop
  endfacet
  facet normal  9.957342e-01  0.000000e+00 -9.226852e-02
    outer loop
      vertex  -3.236126e-03 -5.960468e-11 -2.999117e-04
      vertex  -3.125923e-03 -1.090000e-02  8.893652e-04
      vertex  -3.236126e-03 -1.090000e-02 -2.999117e-04
    endloop
  endfacet
  facet normal  9.618256e-01  0.000000e+00  2.736631e-01
    outer loop
      vertex  -3.236126e-03 -5.960468e-11 -2.999117e-04
      vertex  -3.236126e-03 -1.090000e-02 -2.999117e-04
      vertex  -2.909271e-03 -5.960468e-11 -1.448689e-03
    endloop
  endfacet
  facet normal  9.618256e-01  0.000000e+00  2.736631e-01
    outer loop
      vertex  -2.909271e-03 -5.960468e-11 -1.448689e-03
      vertex  -3.236126e-03 -1.090000e-02 -2.999117e-04
      vertex  -2.909271e-03 -1.090000e-02 -1.448689e-03
    endloop
  endfacet
  facet normal  7.980172e-01  0.000000e+00  6.026347e-01
    outer loop
      vertex  -2.909271e-03 -5.960468e-11 -1.448689e-03
      vertex  -2.909271e-03 -1.090000e-02 -1.448689e-03
      vertex  -2.189501e-03 -5.960469e-11 -2.401819e-03
    endloop
  endfacet
  facet normal  7.980172e-01  0.000000e+00  6.026347e-01
    outer loop
      vertex  -2.189501e-03 -5.960469e-11 -2.401819e-03
      vertex  -2.909271e-03 -1.090000e-02 -1.448689e-03
      vertex  -2.189501e-03 -1.090000e-02 -2.401819e-03
    endloop
  endfacet
  facet normal  5.264323e-01  0.000000e+00  8.502170e-01
    outer loop
      vertex  -2.189501e-03 -5.960469e-11 -2.401819e-03
      vertex  -2.189501e-03 -1.090000e-02 -2.401819e-03
      vertex  -1.174025e-03 -5.960470e-11 -3.030574e-03
    endloop
  endfacet
  facet normal  5.264323e-01  0.000000e+00  8.502170e-01
    outer loop
      vertex  -1.174025e-03 -5.960470e-11 -3.030574e-03
      vertex  -2.189501e-03 -1.090000e-02 -2.401819e-03
      vertex  -1.174025e-03 -1.090000e-02 -3.030574e-03
    endloop
  endfacet
  facet normal  1.837495e-01  0.000000e+00  9.829732e-01
    outer loop
      vertex  -1.174025e-03 -5.960470e-11 -3.030574e-03
      vertex  -1.174025e-03 -1.090000e-02 -3.030574e-03
      vertex   9.905194e-09 -5.960470e-11 -3.250040e-03
    endloop
  endfacet
  facet normal  1.837495e-01  0.000000e+00  9.829732e-01
    outer loop
      vertex   9.905194e-09 -5.960470e-11 -3.250040e-03
      vertex  -1.174025e-03 -1.090000e-02 -3.030574e-03
      vertex   9.905194e-09 -1.090000e-02 -3.250040e-03
    endloop
  endfacet
  facet normal -1.837495e-01  0.000000e+00  9.829732e-01
    outer loop
      vertex   9.905194e-09 -5.960470e-11 -3.250040e-03
      vertex   9.905194e-09 -1.090000e-02 -3.250040e-03
      vertex   1.174045e-03 -5.960470e-11 -3.030574e-03
    endloop
  endfacet
  facet normal -1.837495e-01  0.000000e+00  9.829732e-01
    outer loop
      vertex   1.174045e-03 -5.960470e-11 -3.030574e-03
      vertex   9.905194e-09 -1.090000e-02 -3.250040e-03
      vertex   1.174045e-03 -1.090000e-02 -3.030574e-03
    endloop
  endfacet
  facet normal -5.264322e-01  0.000000e+00  8.502172e-01
    outer loop
      vertex   1.174045e-03 -5.960470e-11 -3.030574e-03
      vertex   1.174045e-03 -1.090000e-02 -3.030574e-03
      vertex   2.189521e-03 -5.960470e-11 -2.401819e-03
    endloop
  endfacet
  facet normal -5.264322e-01  0.000000e+00  8.502172e-01
    outer loop
      vertex   2.189521e-03 -5.960470e-11 -2.401819e-03
      vertex   1.174045e-03 -1.090000e-02 -3.030574e-03
      vertex   2.189521e-03 -1.090000e-02 -2.401819e-03
    endloop
  endfacet
  facet normal -7.980172e-01  0.000000e+00  6.026347e-01
    outer loop
      vertex   2.189521e-03 -5.960470e-11 -2.401819e-03
      vertex   2.189521e-03 -1.090000e-02 -2.401819e-03
      vertex   2.909291e-03 -5.960469e-11 -1.448689e-03
    endloop
  endfacet
  facet normal -7.980172e-01  0.000000e+00  6.026347e-01
    outer loop
      vertex   2.909291e-03 -5.960469e-11 -1.448689e-03
      vertex   2.189521e-03 -1.090000e-02 -2.401819e-03
      vertex   2.909291e-03 -1.090000e-02 -1.448689e-03
    endloop
  endfacet
  facet normal -9.618256e-01  0.000000e+00  2.736631e-01
    outer loop
      vertex   2.909291e-03 -5.960469e-11 -1.448689e-03
      vertex   2.909291e-03 -1.090000e-02 -1.448689e-03
      vertex   3.236146e-03 -5.960469e-11 -2.999117e-04
    endloop
  endfacet
  facet normal -9.618256e-01  0.000000e+00  2.736631e-01
    outer loop
      vertex   3.236146e-03 -5.960469e-11 -2.999117e-04
      vertex   2.909291e-03 -1.090000e-02 -1.448689e-03
      vertex   3.236146e-03 -1.090000e-02 -2.999117e-04
    endloop
  endfacet
  facet normal -9.957342e-01 -0.000000e+00 -9.226852e-02
    outer loop
      vertex   3.236146e-03 -5.960469e-11 -2.999117e-04
      vertex   3.236146e-03 -1.090000e-02 -2.999117e-04
      vertex   3.125943e-03 -5.960468e-11  8.893652e-04
    endloop
  endfacet
  facet normal -9.957342e-01 -0.000000e+00 -9.226852e-02
    outer loop
      vertex   3.125943e-03 -5.960468e-11  8.893652e-04
      vertex   3.236146e-03 -1.090000e-02 -2.999117e-04
      vertex   3.125943e-03 -1.090000e-02  8.893652e-04
    endloop
  endfacet
  facet normal -8.951633e-01 -0.000000e+00 -4.457383e-01
    outer loop
      vertex   3.125943e-03 -5.960468e-11  8.893652e-04
      vertex   3.125943e-03 -1.090000e-02  8.893652e-04
      vertex   2.593566e-03 -5.960468e-11  1.958523e-03
    endloop
  endfacet
  facet normal -8.951633e-01 -0.000000e+00 -4.457383e-01
    outer loop
      vertex   2.593566e-03 -5.960468e-11  1.958523e-03
      vertex   3.125943e-03 -1.090000e-02  8.893652e-04
      vertex   2.593566e-03 -1.090000e-02  1.958523e-03
    endloop
  endfacet
  facet normal -6.736956e-01 -0.000000e+00 -7.390090e-01
    outer loop
      vertex   2.593566e-03 -5.960468e-11  1.958523e-03
      vertex   2.593566e-03 -1.090000e-02  1.958523e-03
      vertex   1.710914e-03 -5.960467e-11  2.763166e-03
    endloop
  endfacet
  facet normal -6.736956e-01 -0.000000e+00 -7.390090e-01
    outer loop
      vertex   1.710914e-03 -5.960467e-11  2.763166e-03
      vertex   2.593566e-03 -1.090000e-02  1.958523e-03
      vertex   1.710914e-03 -1.090000e-02  2.763166e-03
    endloop
  endfacet
  facet normal -3.612416e-01 -0.000000e+00 -9.324722e-01
    outer loop
      vertex   1.710914e-03 -5.960467e-11  2.763166e-03
      vertex   1.710914e-03 -1.090000e-02  2.763166e-03
      vertex   5.971958e-04 -5.960467e-11  3.194623e-03
    endloop
  endfacet
  facet normal  2.227520e-15  1.000000e+00 -4.856302e-15
    outer loop
      vertex  -1.427368e-02 -5.960463e-11  9.325427e-03
      vertex  -1.254408e-02 -5.960462e-11  1.154761e-02
      vertex  -1.239624e-02 -5.960465e-11  4.471210e-03
    endloop
  endfacet
  facet normal -0.000000e+00  1.000000e+00  0.000000e+00
    outer loop
      vertex   2.189521e-03 -5.960470e-11 -2.401819e-03
      vertex   4.471260e-03 -5.960470e-11 -2.175040e-03
      vertex   1.174045e-03 -5.960470e-11 -3.030574e-03
    endloop
  endfacet
  facet normal  1.568165e-15  1.000000e+00 -6.043675e-15
    outer loop
      vertex   1.174045e-03 -5.960470e-11 -3.030574e-03
      vertex   4.471260e-03 -5.960470e-11 -2.175040e-03
      vertex   4.471260e-03 -5.960471e-11 -4.471289e-03
    endloop
  endfacet
  facet normal  1.261117e-15  1.000000e+00 -6.746382e-15
    outer loop
      vertex   1.174045e-03 -5.960470e-11 -3.030574e-03
      vertex   4.471260e-03 -5.960471e-11 -4.471289e-03
      vertex   9.905194e-09 -5.960470e-11 -3.250040e-03
    endloop
  endfacet
  facet normal  1.551891e-15  1.000000e+00 -5.681797e-15
    outer loop
      vertex   9.905194e-09 -5.960470e-11 -3.250040e-03
      vertex   4.471260e-03 -5.960471e-11 -4.471289e-03
      vertex  -4.471240e-03 -5.960470e-11 -4.471289e-03
    endloop
  endfacet
  facet normal  3.770295e-15  1.000000e+00 -6.183919e-15
    outer loop
      vertex  -3.236126e-03 -5.960468e-11 -2.999117e-04
      vertex  -4.471240e-03 -5.960469e-11 -2.175040e-03
      vertex  -3.125923e-03 -5.960468e-11  8.893652e-04
    endloop
  endfacet
  facet normal  5.848060e-16  1.000000e+00 -4.785444e-15
    outer loop
      vertex  -3.125923e-03 -5.960468e-11  8.893652e-04
      vertex  -4.471240e-03 -5.960469e-11 -2.175040e-03
      vertex  -4.471240e-03 -5.960467e-11  2.174960e-03
    endloop
  endfacet
  facet normal -7.074866e-16  1.000000e+00 -6.137769e-15
    outer loop
      vertex  -3.125923e-03 -5.960468e-11  8.893652e-04
      vertex  -4.471240e-03 -5.960467e-11  2.174960e-03
      vertex  -2.593546e-03 -5.960467e-11  1.958523e-03
    endloop
  endfacet
  facet normal -3.923306e-15  1.000000e+00 -1.116278e-15
    outer loop
      vertex  -3.236126e-03 -5.960468e-11 -2.999117e-04
      vertex  -2.909271e-03 -5.960468e-11 -1.448689e-03
      vertex  -4.471240e-03 -5.960469e-11 -2.175040e-03
    endloop
  endfacet
  facet normal -7.822743e-16  1.000000e+00 -7.870865e-15
    outer loop
      vertex  -4.471240e-03 -5.960469e-11 -2.175040e-03
      vertex  -2.909271e-03 -5.960468e-11 -1.448689e-03
      vertex  -2.189501e-03 -5.960469e-11 -2.401819e-03
    endloop
  endfacet
  facet normal -3.003362e-16  1.000000e+00 -3.021837e-15
    outer loop
      vertex  -4.471240e-03 -5.960469e-11 -2.175040e-03
      vertex  -2.189501e-03 -5.960469e-11 -2.401819e-03
      vertex  -4.471240e-03 -5.960470e-11 -4.471289e-03
    endloop
  endfacet
  facet normal  2.827074e-15  1.000000e+00 -6.470031e-15
    outer loop
      vertex  -4.471240e-03 -5.960470e-11 -4.471289e-03
      vertex  -2.189501e-03 -5.960469e-11 -2.401819e-03
      vertex  -1.174025e-03 -5.960470e-11 -3.030574e-03
    endloop
  endfacet
  facet normal  0.000000e+00  1.000000e+00  0.000000e+00
    outer loop
      vertex  -4.471240e-03 -5.960470e-11 -4.471289e-03
      vertex  -1.174025e-03 -5.960470e-11 -3.030574e-03
      vertex   9.905194e-09 -5.960470e-11 -3.250040e-03
    endloop
  endfacet
  facet normal  3.483204e-16  1.000000e+00 -3.021837e-15
    outer loop
      vertex   4.471260e-03 -5.960468e-11  2.174960e-03
      vertex   2.593566e-03 -5.960468e-11  1.958523e-03
      vertex   4.471260e-03 -5.960467e-11  4.471210e-03
    endloop
  endfacet
  facet normal  3.178571e-15  1.000000e+00 -5.136841e-15
    outer loop
      vertex   4.471260e-03 -5.960467e-11  4.471210e-03
      vertex   2.593566e-03 -5.960468e-11  1.958523e-03
      vertex   1.710914e-03 -5.960467e-11  2.763166e-03
    endloop
  endfacet
  facet normal  0.000000e+00  1.000000e+00  0.000000e+00
    outer loop
      vertex   4.471260e-03 -5.960467e-11  4.471210e-03
      vertex   1.710914e-03 -5.960467e-11  2.763166e-03
      vertex   5.971958e-04 -5.960467e-11  3.194623e-03
    endloop
  endfacet
  facet normal  0.000000e+00  1.000000e+00 -0.000000e+00
    outer loop
      vertex  -2.593546e-03 -5.960467e-11  1.958523e-03
      vertex  -4.471240e-03 -5.960467e-11  2.174960e-03
      vertex  -1.710895e-03 -5.960467e-11  2.763166e-03
    endloop
  endfacet
  facet normal  1.287855e-15  1.000000e+00 -6.043675e-15
    outer loop
      vertex  -1.710895e-03 -5.960467e-11  2.763166e-03
      vertex  -4.471240e-03 -5.960467e-11  2.174960e-03
      vertex  -4.471240e-03 -5.960465e-11  4.471210e-03
    endloop
  endfacet
  facet normal  1.935720e-15  1.000000e+00 -4.996669e-15
    outer loop
      vertex  -1.710895e-03 -5.960467e-11  2.763166e-03
      vertex  -4.471240e-03 -5.960465e-11  4.471210e-03
      vertex  -5.971760e-04 -5.960467e-11  3.194623e-03
    endloop
  endfacet
  facet normal  7.822745e-16  1.000000e+00 -7.870865e-15
    outer loop
      vertex   2.189521e-03 -5.960470e-11 -2.401819e-03
      vertex   2.909291e-03 -5.960469e-11 -1.448689e-03
      vertex   4.471260e-03 -5.960470e-11 -2.175040e-03
    endloop
  endfacet
  facet normal  3.923308e-15  1.000000e+00 -1.116278e-15
    outer loop
      vertex   4.471260e-03 -5.960470e-11 -2.175040e-03
      vertex   2.909291e-03 -5.960469e-11 -1.448689e-03
      vertex   3.236146e-03 -5.960469e-11 -2.999117e-04
    endloop
  endfacet
  facet normal -1.647157e-15  1.000000e+00 -4.785444e-15
    outer loop
      vertex   4.471260e-03 -5.960470e-11 -2.175040e-03
      vertex   3.236146e-03 -5.960469e-11 -2.999117e-04
      vertex   4.471260e-03 -5.960468e-11  2.174960e-03
    endloop
  endfacet
  facet normal  3.837463e-16  1.000000e+00 -5.798990e-15
    outer loop
      vertex   4.471260e-03 -5.960468e-11  2.174960e-03
      vertex   3.236146e-03 -5.960469e-11 -2.999117e-04
      vertex   3.125943e-03 -5.960468e-11  8.893652e-04
    endloop
  endfacet
  facet normal  7.074868e-16  1.000000e+00 -6.137769e-15
    outer loop
      vertex   4.471260e-03 -5.960468e-11  2.174960e-03
      vertex   3.125943e-03 -5.960468e-11  8.893652e-04
      vertex   2.593566e-03 -5.960468e-11  1.958523e-03
    endloop
  endfacet
  facet normal  0.000000e+00  1.000000e+00  0.000000e+00
    outer loop
      vertex   6.717510e-03 -5.960471e-11 -5.692540e-03
      vertex   6.205010e-03 -5.960471e-11 -5.829864e-03
      vertex   4.471260e-03 -5.960471e-11 -4.471289e-03
    endloop
  endfacet
  facet normal -8.125567e-15  1.000000e+00 -1.036948e-14
    outer loop
      vertex   4.471260e-03 -5.960471e-11 -4.471289e-03
      vertex   6.205010e-03 -5.960471e-11 -5.829864e-03
      vertex   5.829834e-03 -5.960472e-11 -6.205040e-03
    endloop
  endfacet
  facet normal  3.806030e-15  1.000000e+00 -1.019823e-15
    outer loop
      vertex   4.471260e-03 -5.960471e-11 -4.471289e-03
      vertex   5.829834e-03 -5.960472e-11 -6.205040e-03
      vertex   5.692510e-03 -5.960472e-11 -6.717539e-03
    endloop
  endfacet
  facet normal -3.767772e-16  1.000000e+00 -4.547019e-15
    outer loop
      vertex  -2.806328e-03 -5.960475e-11 -1.681750e-02
      vertex  -4.471240e-03 -5.960470e-11 -4.471289e-03
      vertex   9.905194e-09 -5.960475e-11 -1.705004e-02
    endloop
  endfacet
  facet normal  1.551891e-15  1.000000e+00 -3.861453e-15
    outer loop
      vertex   9.905194e-09 -5.960475e-11 -1.705004e-02
      vertex  -4.471240e-03 -5.960470e-11 -4.471289e-03
      vertex   4.471260e-03 -5.960471e-11 -4.471289e-03
    endloop
  endfacet
  facet normal  2.830201e-15  1.000000e+00 -4.315843e-15
    outer loop
      vertex   9.905194e-09 -5.960475e-11 -1.705004e-02
      vertex   4.471260e-03 -5.960471e-11 -4.471289e-03
      vertex   2.806348e-03 -5.960476e-11 -1.681750e-02
    endloop
  endfacet
  facet normal -1.245453e-15  1.000000e+00 -3.766233e-15
    outer loop
      vertex   2.806348e-03 -5.960476e-11 -1.681750e-02
      vertex   4.471260e-03 -5.960471e-11 -4.471289e-03
      vertex   5.692510e-03 -5.960472e-11 -6.717539e-03
    endloop
  endfacet
  facet normal  1.407701e-14  1.000000e+00 -1.731122e-14
    outer loop
      vertex   7.605186e-03 -5.960472e-11 -7.230040e-03
      vertex   7.742510e-03 -5.960472e-11 -6.717539e-03
      vertex   1.001191e-02 -5.960471e-11 -4.471289e-03
    endloop
  endfacet
  facet normal -2.416650e-15  1.000000e+00 -6.475397e-16
    outer loop
      vertex   1.001191e-02 -5.960471e-11 -4.471289e-03
      vertex   7.742510e-03 -5.960472e-11 -6.717539e-03
      vertex   7.605186e-03 -5.960472e-11 -6.205040e-03
    endloop
  endfacet
  facet normal -1.675868e-15  1.000000e+00 -1.675868e-15
    outer loop
      vertex   1.001191e-02 -5.960471e-11 -4.471289e-03
      vertex   7.605186e-03 -5.960472e-11 -6.205040e-03
      vertex   7.230010e-03 -5.960472e-11 -5.829864e-03
    endloop
  endfacet
  facet normal -7.444584e-15  1.000000e+00 -1.994769e-15
    outer loop
      vertex   5.692510e-03 -5.960472e-11 -6.717539e-03
      vertex   5.829834e-03 -5.960472e-11 -7.230040e-03
      vertex   2.806348e-03 -5.960476e-11 -1.681750e-02
    endloop
  endfacet
  facet normal  1.075948e-14  1.000000e+00 -7.735572e-15
    outer loop
      vertex   2.806348e-03 -5.960476e-11 -1.681750e-02
      vertex   5.829834e-03 -5.960472e-11 -7.230040e-03
      vertex   6.205010e-03 -5.960472e-11 -7.605216e-03
    endloop
  endfacet
  facet normal  1.051991e-15  1.000000e+00 -4.154218e-15
    outer loop
      vertex   2.806348e-03 -5.960476e-11 -1.681750e-02
      vertex   6.205010e-03 -5.960472e-11 -7.605216e-03
      vertex   5.536136e-03 -5.960476e-11 -1.612622e-02
    endloop
  endfacet
  facet normal -1.068512e-15  1.000000e+00 -3.987764e-15
    outer loop
      vertex   5.536136e-03 -5.960476e-11 -1.612622e-02
      vertex   6.205010e-03 -5.960472e-11 -7.605216e-03
      vertex   6.717510e-03 -5.960472e-11 -7.742540e-03
    endloop
  endfacet
  facet normal -9.332103e-16  1.000000e+00 -4.006831e-15
    outer loop
      vertex   5.536136e-03 -5.960476e-11 -1.612622e-02
      vertex   6.717510e-03 -5.960472e-11 -7.742540e-03
      vertex   8.114913e-03 -5.960475e-11 -1.499507e-02
    endloop
  endfacet
  facet normal  9.751041e-16  1.000000e+00 -3.639140e-15
    outer loop
      vertex   8.114913e-03 -5.960475e-11 -1.499507e-02
      vertex   6.717510e-03 -5.960472e-11 -7.742540e-03
      vertex   7.230010e-03 -5.960472e-11 -7.605216e-03
    endloop
  endfacet
  facet normal  2.275809e-15  1.000000e+00 -3.483386e-15
    outer loop
      vertex   8.114913e-03 -5.960475e-11 -1.499507e-02
      vertex   7.230010e-03 -5.960472e-11 -7.605216e-03
      vertex   1.047234e-02 -5.960475e-11 -1.345489e-02
    endloop
  endfacet
  facet normal  3.052748e-15  1.000000e+00 -3.052748e-15
    outer loop
      vertex   7.230010e-03 -5.960472e-11 -7.605216e-03
      vertex   7.605186e-03 -5.960472e-11 -7.230040e-03
      vertex   1.047234e-02 -5.960475e-11 -1.345489e-02
    endloop
  endfacet
  facet normal -4.288278e-16  1.000000e+00 -4.656355e-15
    outer loop
      vertex   1.047234e-02 -5.960475e-11 -1.345489e-02
      vertex   7.605186e-03 -5.960472e-11 -7.230040e-03
      vertex   1.001191e-02 -5.960471e-11 -4.471289e-03
    endloop
  endfacet
  facet normal  8.756647e-16  1.000000e+00 -4.589498e-15
    outer loop
      vertex   1.047234e-02 -5.960475e-11 -1.345489e-02
      vertex   1.001191e-02 -5.960471e-11 -4.471289e-03
      vertex   1.254410e-02 -5.960474e-11 -1.154769e-02
    endloop
  endfacet
  facet normal  1.566924e-15  1.000000e+00 -4.342140e-15
    outer loop
      vertex   1.254410e-02 -5.960474e-11 -1.154769e-02
      vertex   1.001191e-02 -5.960471e-11 -4.471289e-03
      vertex   1.427370e-02 -5.960474e-11 -9.325505e-03
    endloop
  endfacet
  facet normal  9.323423e-16  1.000000e+00 -3.021837e-15
    outer loop
      vertex   1.001191e-02 -5.960468e-11  4.471210e-03
      vertex   1.652828e-02 -5.960468e-11  4.185488e-03
      vertex   1.001191e-02 -5.960468e-11  2.174960e-03
    endloop
  endfacet
  facet normal  1.012443e-15  1.000000e+00 -3.281454e-15
    outer loop
      vertex   1.001191e-02 -5.960468e-11  2.174960e-03
      vertex   1.652828e-02 -5.960468e-11  4.185488e-03
      vertex   1.338132e-02 -5.960469e-11  1.099960e-03
    endloop
  endfacet
  facet normal  1.530458e-15  1.000000e+00 -4.741026e-15
    outer loop
      vertex   1.699178e-02 -5.960470e-11  1.407938e-03
      vertex   1.433395e-02 -5.960470e-11  5.499604e-04
      vertex   1.652828e-02 -5.960468e-11  4.185488e-03
    endloop
  endfacet
  facet normal -2.380462e-15  1.000000e+00 -2.380465e-15
    outer loop
      vertex   1.652828e-02 -5.960468e-11  4.185488e-03
      vertex   1.433395e-02 -5.960470e-11  5.499604e-04
      vertex   1.393132e-02 -5.960470e-11  9.525883e-04
    endloop
  endfacet
  facet normal  9.435121e-15  1.000000e+00 -1.187184e-14
    outer loop
      vertex   1.652828e-02 -5.960468e-11  4.185488e-03
      vertex   1.393132e-02 -5.960470e-11  9.525883e-04
      vertex   1.338132e-02 -5.960469e-11  1.099960e-03
    endloop
  endfacet
  facet normal  9.400564e-16  1.000000e+00 -3.508338e-15
    outer loop
      vertex   1.338132e-02 -5.960469e-11  1.099960e-03
      vertex   1.283132e-02 -5.960469e-11  9.525883e-04
      vertex   1.001191e-02 -5.960468e-11  2.174960e-03
    endloop
  endfacet
  facet normal -3.495364e-15  1.000000e+00 -1.373865e-14
    outer loop
      vertex   1.001191e-02 -5.960468e-11  2.174960e-03
      vertex   1.283132e-02 -5.960469e-11  9.525883e-04
      vertex   1.242869e-02 -5.960470e-11  5.499604e-04
    endloop
  endfacet
  facet normal  2.524620e-15  1.000000e+00 -4.785444e-15
    outer loop
      vertex   1.001191e-02 -5.960468e-11  2.174960e-03
      vertex   1.242869e-02 -5.960470e-11  5.499604e-04
      vertex   1.001191e-02 -5.960470e-11 -2.175040e-03
    endloop
  endfacet
  facet normal -4.114099e-15  1.000000e+00  1.102373e-15
    outer loop
      vertex   1.001191e-02 -5.960470e-11 -2.175040e-03
      vertex   1.242869e-02 -5.960470e-11  5.499604e-04
      vertex   1.228132e-02 -5.960470e-11 -3.956857e-08
    endloop
  endfacet
  facet normal -2.432826e-15  1.000000e+00 -6.518757e-16
    outer loop
      vertex   1.001191e-02 -5.960470e-11 -2.175040e-03
      vertex   1.228132e-02 -5.960470e-11 -3.956857e-08
      vertex   1.242869e-02 -5.960470e-11 -5.500396e-04
    endloop
  endfacet
  facet normal -1.716794e-15  1.000000e+00 -1.716792e-15
    outer loop
      vertex   1.242869e-02 -5.960470e-11 -5.500396e-04
      vertex   1.283132e-02 -5.960470e-11 -9.526675e-04
      vertex   1.001191e-02 -5.960470e-11 -2.175040e-03
    endloop
  endfacet
  facet normal  2.209917e-16  1.000000e+00 -6.186299e-15
    outer loop
      vertex   1.001191e-02 -5.960470e-11 -2.175040e-03
      vertex   1.283132e-02 -5.960470e-11 -9.526675e-04
      vertex   1.652828e-02 -5.960472e-11 -4.185567e-03
    endloop
  endfacet
  facet normal  1.197338e-15  1.000000e+00 -3.021837e-15
    outer loop
      vertex   1.001191e-02 -5.960470e-11 -2.175040e-03
      vertex   1.652828e-02 -5.960472e-11 -4.185567e-03
      vertex   1.001191e-02 -5.960471e-11 -4.471289e-03
    endloop
  endfacet
  facet normal  1.313074e-15  1.000000e+00 -5.661372e-15
    outer loop
      vertex   1.001191e-02 -5.960471e-11 -4.471289e-03
      vertex   1.652828e-02 -5.960472e-11 -4.185567e-03
      vertex   1.561395e-02 -5.960473e-11 -6.848947e-03
    endloop
  endfacet
  facet normal  2.054782e-15  1.000000e+00 -3.913822e-15
    outer loop
      vertex   1.001191e-02 -5.960471e-11 -4.471289e-03
      vertex   1.561395e-02 -5.960473e-11 -6.848947e-03
      vertex   1.427370e-02 -5.960474e-11 -9.325505e-03
    endloop
  endfacet
  facet normal  1.570218e-14  1.000000e+00  1.151713e-14
    outer loop
      vertex   1.283132e-02 -5.960470e-11 -9.526675e-04
      vertex   1.338132e-02 -5.960470e-11 -1.100040e-03
      vertex   1.652828e-02 -5.960472e-11 -4.185567e-03
    endloop
  endfacet
  facet normal  9.464937e-16  1.000000e+00 -3.532364e-15
    outer loop
      vertex   1.652828e-02 -5.960472e-11 -4.185567e-03
      vertex   1.338132e-02 -5.960470e-11 -1.100040e-03
      vertex   1.393132e-02 -5.960470e-11 -9.526675e-04
    endloop
  endfacet
  facet normal  1.849655e-15  1.000000e+00 -2.806860e-15
    outer loop
      vertex   1.652828e-02 -5.960472e-11 -4.185567e-03
      vertex   1.393132e-02 -5.960470e-11 -9.526675e-04
      vertex   1.699178e-02 -5.960471e-11 -1.408017e-03
    endloop
  endfacet
  facet normal -2.584363e-16  1.000000e+00 -1.697558e-14
    outer loop
      vertex   1.699178e-02 -5.960471e-11 -1.408017e-03
      vertex   1.393132e-02 -5.960470e-11 -9.526675e-04
      vertex   1.433395e-02 -5.960470e-11 -5.500396e-04
    endloop
  endfacet
  facet normal  3.630573e-15  1.000000e+00 -4.928269e-15
    outer loop
      vertex   1.699178e-02 -5.960471e-11 -1.408017e-03
      vertex   1.433395e-02 -5.960470e-11 -5.500396e-04
      vertex   1.699178e-02 -5.960470e-11  1.407938e-03
    endloop
  endfacet
  facet normal  0.000000e+00  1.000000e+00  0.000000e+00
    outer loop
      vertex   1.699178e-02 -5.960470e-11  1.407938e-03
      vertex   1.433395e-02 -5.960470e-11 -5.500396e-04
      vertex   1.448132e-02 -5.960470e-11 -3.956857e-08
    endloop
  endfacet
  facet normal  0.000000e+00  1.000000e+00  0.000000e+00
    outer loop
      vertex   1.699178e-02 -5.960470e-11  1.407938e-03
      vertex   1.448132e-02 -5.960470e-11 -3.956857e-08
      vertex   1.433395e-02 -5.960470e-11  5.499604e-04
    endloop
  endfacet
  facet normal -7.038738e-16  1.000000e+00 -3.670402e-15
    outer loop
      vertex   1.254410e-02 -5.960465e-11  1.154761e-02
      vertex   1.427370e-02 -5.960465e-11  9.325427e-03
      vertex   1.001191e-02 -5.960468e-11  4.471210e-03
    endloop
  endfacet
  facet normal  9.268264e-16  1.000000e+00 -5.102082e-15
    outer loop
      vertex   1.001191e-02 -5.960468e-11  4.471210e-03
      vertex   1.427370e-02 -5.960465e-11  9.325427e-03
      vertex   1.561395e-02 -5.960467e-11  6.848868e-03
    endloop
  endfacet
  facet normal  8.491543e-16  1.000000e+00 -4.919079e-15
    outer loop
      vertex   1.001191e-02 -5.960468e-11  4.471210e-03
      vertex   1.561395e-02 -5.960467e-11  6.848868e-03
      vertex   1.652828e-02 -5.960468e-11  4.185488e-03
    endloop
  endfacet
  facet normal -1.042742e-15  1.000000e+00 -6.101280e-15
    outer loop
      vertex   1.047234e-02 -5.960463e-11  1.345481e-02
      vertex   1.001191e-02 -5.960464e-11  1.239621e-02
      vertex   8.114913e-03 -5.960463e-11  1.499499e-02
    endloop
  endfacet
  facet normal  1.252360e-15  1.000000e+00 -4.425950e-15
    outer loop
      vertex   8.114913e-03 -5.960463e-11  1.499499e-02
      vertex   1.001191e-02 -5.960464e-11  1.239621e-02
      vertex   4.471260e-03 -5.960463e-11  1.239621e-02
    endloop
  endfacet
  facet normal  9.409097e-16  1.000000e+00 -3.989277e-15
    outer loop
      vertex   8.114913e-03 -5.960463e-11  1.499499e-02
      vertex   4.471260e-03 -5.960463e-11  1.239621e-02
      vertex   5.536136e-03 -5.960462e-11  1.612614e-02
    endloop
  endfacet
  facet normal  1.491863e-15  1.000000e+00 -4.146571e-15
    outer loop
      vertex   5.536136e-03 -5.960462e-11  1.612614e-02
      vertex   4.471260e-03 -5.960463e-11  1.239621e-02
      vertex   2.806348e-03 -5.960461e-11  1.681742e-02
    endloop
  endfacet
  facet normal  2.954932e-15  1.000000e+00 -5.821118e-15
    outer loop
      vertex  -2.806328e-03 -5.960461e-11  1.681742e-02
      vertex   9.905194e-09 -5.960461e-11  1.704996e-02
      vertex  -4.471240e-03 -5.960463e-11  1.239621e-02
    endloop
  endfacet
  facet normal  1.820903e-15  1.000000e+00 -2.787099e-15
    outer loop
      vertex  -1.047232e-02 -5.960461e-11  1.345481e-02
      vertex  -8.114893e-03 -5.960461e-11  1.499499e-02
      vertex  -4.471240e-03 -5.960463e-11  1.239621e-02
    endloop
  endfacet
  facet normal  1.450397e-15  1.000000e+00 -3.306572e-15
    outer loop
      vertex  -4.471240e-03 -5.960463e-11  1.239621e-02
      vertex  -8.114893e-03 -5.960461e-11  1.499499e-02
      vertex  -5.536116e-03 -5.960461e-11  1.612614e-02
    endloop
  endfacet
  facet normal -1.491862e-15  1.000000e+00 -4.146571e-15
    outer loop
      vertex  -4.471240e-03 -5.960463e-11  1.239621e-02
      vertex  -5.536116e-03 -5.960461e-11  1.612614e-02
      vertex  -2.806328e-03 -5.960461e-11  1.681742e-02
    endloop
  endfacet
  facet normal  3.850968e-15  1.000000e+00 -1.464407e-14
    outer loop
      vertex  -1.239624e-02 -5.960465e-11  4.471210e-03
      vertex  -7.605166e-03 -5.960465e-11  6.204960e-03
      vertex  -7.229990e-03 -5.960465e-11  5.829785e-03
    endloop
  endfacet
  facet normal  1.019823e-15  1.000000e+00 -3.806031e-15
    outer loop
      vertex  -6.717490e-03 -5.960465e-11  5.692461e-03
      vertex  -6.204990e-03 -5.960465e-11  5.829785e-03
      vertex  -4.471240e-03 -5.960465e-11  4.471210e-03
    endloop
  endfacet
  facet normal  1.036948e-14  1.000000e+00  8.125567e-15
    outer loop
      vertex  -4.471240e-03 -5.960465e-11  4.471210e-03
      vertex  -6.204990e-03 -5.960465e-11  5.829785e-03
      vertex  -5.829814e-03 -5.960465e-11  6.204960e-03
    endloop
  endfacet
  facet normal -7.589390e-15  1.000000e+00 -2.033570e-15
    outer loop
      vertex  -5.692490e-03 -5.960465e-11  6.717460e-03
      vertex  -5.829814e-03 -5.960465e-11  7.229961e-03
      vertex  -4.471240e-03 -5.960463e-11  1.239621e-02
    endloop
  endfacet
  facet normal -1.287553e-14  1.000000e+00 -1.008932e-14
    outer loop
      vertex  -5.829814e-03 -5.960465e-11  6.204960e-03
      vertex  -5.692490e-03 -5.960465e-11  6.717460e-03
      vertex  -4.471240e-03 -5.960465e-11  4.471210e-03
    endloop
  endfacet
  facet normal -7.599622e-16  1.000000e+00 -3.502281e-15
    outer loop
      vertex  -4.471240e-03 -5.960465e-11  4.471210e-03
      vertex  -5.692490e-03 -5.960465e-11  6.717460e-03
      vertex  -4.471240e-03 -5.960463e-11  1.239621e-02
    endloop
  endfacet
  facet normal  7.759457e-16  1.000000e+00 -3.502281e-15
    outer loop
      vertex  -4.471240e-03 -5.960465e-11  4.471210e-03
      vertex  -4.471240e-03 -5.960463e-11  1.239621e-02
      vertex   4.471260e-03 -5.960463e-11  1.239621e-02
    endloop
  endfacet
  facet normal  7.759457e-16  1.000000e+00 -3.727582e-15
    outer loop
      vertex   4.471260e-03 -5.960463e-11  1.239621e-02
      vertex  -4.471240e-03 -5.960463e-11  1.239621e-02
      vertex   9.905194e-09 -5.960461e-11  1.704996e-02
    endloop
  endfacet
  facet normal -4.027131e-16  1.000000e+00 -4.860019e-15
    outer loop
      vertex   4.471260e-03 -5.960463e-11  1.239621e-02
      vertex   9.905194e-09 -5.960461e-11  1.704996e-02
      vertex   2.806348e-03 -5.960461e-11  1.681742e-02
    endloop
  endfacet
  facet normal  1.145369e-14  1.000000e+00 -7.041350e-15
    outer loop
      vertex  -5.829814e-03 -5.960465e-11  7.229961e-03
      vertex  -6.204990e-03 -5.960464e-11  7.605136e-03
      vertex  -4.471240e-03 -5.960463e-11  1.239621e-02
    endloop
  endfacet
  facet normal -7.075350e-16  1.000000e+00 -2.640556e-15
    outer loop
      vertex  -4.471240e-03 -5.960463e-11  1.239621e-02
      vertex  -6.204990e-03 -5.960464e-11  7.605136e-03
      vertex  -6.717490e-03 -5.960464e-11  7.742460e-03
    endloop
  endfacet
  facet normal  1.646334e-15  1.000000e+00 -3.776710e-15
    outer loop
      vertex  -4.471240e-03 -5.960463e-11  1.239621e-02
      vertex  -6.717490e-03 -5.960464e-11  7.742460e-03
      vertex  -1.047232e-02 -5.960461e-11  1.345481e-02
    endloop
  endfacet
  facet normal  1.106964e-15  1.000000e+00 -4.131248e-15
    outer loop
      vertex  -1.047232e-02 -5.960461e-11  1.345481e-02
      vertex  -6.717490e-03 -5.960464e-11  7.742460e-03
      vertex  -7.229990e-03 -5.960464e-11  7.605136e-03
    endloop
  endfacet
  facet normal  6.744861e-16  1.000000e+00 -4.370959e-15
    outer loop
      vertex  -1.047232e-02 -5.960461e-11  1.345481e-02
      vertex  -7.229990e-03 -5.960464e-11  7.605136e-03
      vertex  -1.254408e-02 -5.960462e-11  1.154761e-02
    endloop
  endfacet
  facet normal -5.628392e-15  1.000000e+00 -1.286666e-14
    outer loop
      vertex  -1.254408e-02 -5.960462e-11  1.154761e-02
      vertex  -7.229990e-03 -5.960464e-11  7.605136e-03
      vertex  -7.605166e-03 -5.960465e-11  7.229961e-03
    endloop
  endfacet
  facet normal  1.358468e-15  1.000000e+00 -4.874459e-15
    outer loop
      vertex  -1.254408e-02 -5.960462e-11  1.154761e-02
      vertex  -7.605166e-03 -5.960465e-11  7.229961e-03
      vertex  -1.239624e-02 -5.960465e-11  4.471210e-03
    endloop
  endfacet
  facet normal -1.712517e-15  1.000000e+00  4.588673e-16
    outer loop
      vertex  -1.239624e-02 -5.960465e-11  4.471210e-03
      vertex  -7.605166e-03 -5.960465e-11  7.229961e-03
      vertex  -7.742490e-03 -5.960465e-11  6.717460e-03
    endloop
  endfacet
  facet normal -1.320278e-15  1.000000e+00 -3.537675e-16
    outer loop
      vertex  -1.239624e-02 -5.960465e-11  4.471210e-03
      vertex  -7.742490e-03 -5.960465e-11  6.717460e-03
      vertex  -7.605166e-03 -5.960465e-11  6.204960e-03
    endloop
  endfacet
  facet normal  2.515489e-15  1.000000e+00 -3.021837e-15
    outer loop
      vertex  -1.239624e-02 -5.960469e-11 -4.471289e-03
      vertex  -1.699176e-02 -5.960467e-11 -1.408017e-03
      vertex  -1.239624e-02 -5.960468e-11 -2.175040e-03
    endloop
  endfacet
  facet normal  2.608573e-15  1.000000e+00 -2.464135e-15
    outer loop
      vertex  -1.239624e-02 -5.960468e-11 -2.175040e-03
      vertex  -1.699176e-02 -5.960467e-11 -1.408017e-03
      vertex  -1.699176e-02 -5.960466e-11  1.407938e-03
    endloop
  endfacet
  facet normal  7.987221e-16  1.000000e+00 -4.785444e-15
    outer loop
      vertex  -1.239624e-02 -5.960468e-11 -2.175040e-03
      vertex  -1.699176e-02 -5.960466e-11  1.407938e-03
      vertex  -1.239624e-02 -5.960466e-11  2.174960e-03
    endloop
  endfacet
  facet normal  8.578265e-16  1.000000e+00 -5.139560e-15
    outer loop
      vertex  -1.239624e-02 -5.960466e-11  2.174960e-03
      vertex  -1.699176e-02 -5.960466e-11  1.407938e-03
      vertex  -1.652827e-02 -5.960465e-11  4.185488e-03
    endloop
  endfacet
  facet normal  1.888251e-15  1.000000e+00 -3.021838e-15
    outer loop
      vertex  -1.239624e-02 -5.960466e-11  2.174960e-03
      vertex  -1.652827e-02 -5.960465e-11  4.185488e-03
      vertex  -1.239624e-02 -5.960465e-11  4.471210e-03
    endloop
  endfacet
  facet normal  1.904662e-15  1.000000e+00 -3.259169e-15
    outer loop
      vertex  -1.239624e-02 -5.960465e-11  4.471210e-03
      vertex  -1.652827e-02 -5.960465e-11  4.185488e-03
      vertex  -1.561392e-02 -5.960464e-11  6.848868e-03
    endloop
  endfacet
  facet normal  1.230382e-16  1.000000e+00 -5.670241e-15
    outer loop
      vertex  -1.239624e-02 -5.960465e-11  4.471210e-03
      vertex  -1.561392e-02 -5.960464e-11  6.848868e-03
      vertex  -1.427368e-02 -5.960463e-11  9.325427e-03
    endloop
  endfacet
  facet normal -1.000619e-15  1.000000e+00 -3.901368e-15
    outer loop
      vertex  -1.239624e-02 -5.960469e-11 -4.471289e-03
      vertex  -1.254408e-02 -5.960472e-11 -1.154769e-02
      vertex  -1.427368e-02 -5.960471e-11 -9.325505e-03
    endloop
  endfacet
  facet normal  1.417430e-15  1.000000e+00 -4.836584e-15
    outer loop
      vertex  -1.427368e-02 -5.960471e-11 -9.325505e-03
      vertex  -1.561392e-02 -5.960470e-11 -6.848947e-03
      vertex  -1.239624e-02 -5.960469e-11 -4.471289e-03
    endloop
  endfacet
  facet normal  1.351065e-15  1.000000e+00 -4.746771e-15
    outer loop
      vertex  -1.239624e-02 -5.960469e-11 -4.471289e-03
      vertex  -1.561392e-02 -5.960470e-11 -6.848947e-03
      vertex  -1.652827e-02 -5.960468e-11 -4.185567e-03
    endloop
  endfacet
  facet normal  1.349373e-15  1.000000e+00 -4.771243e-15
    outer loop
      vertex  -1.239624e-02 -5.960469e-11 -4.471289e-03
      vertex  -1.652827e-02 -5.960468e-11 -4.185567e-03
      vertex  -1.699176e-02 -5.960467e-11 -1.408017e-03
    endloop
  endfacet
  facet normal -5.350462e-15  1.000000e+00 -3.056117e-14
    outer loop
      vertex  -6.717490e-03 -5.960470e-11 -5.692540e-03
      vertex  -7.229990e-03 -5.960470e-11 -5.829864e-03
      vertex  -1.239624e-02 -5.960469e-11 -4.471289e-03
    endloop
  endfacet
  facet normal  1.102014e-15  1.000000e+00 -4.112769e-15
    outer loop
      vertex  -6.717490e-03 -5.960471e-11 -7.742540e-03
      vertex  -6.204990e-03 -5.960471e-11 -7.605216e-03
      vertex  -2.806328e-03 -5.960475e-11 -1.681750e-02
    endloop
  endfacet
  facet normal  3.301367e-15  1.000000e+00 -3.301367e-15
    outer loop
      vertex  -6.204990e-03 -5.960471e-11 -7.605216e-03
      vertex  -5.829814e-03 -5.960471e-11 -7.230040e-03
      vertex  -2.806328e-03 -5.960475e-11 -1.681750e-02
    endloop
  endfacet
  facet normal -1.576667e-14  1.000000e+00 -9.314638e-15
    outer loop
      vertex  -2.806328e-03 -5.960475e-11 -1.681750e-02
      vertex  -5.829814e-03 -5.960471e-11 -7.230040e-03
      vertex  -5.692490e-03 -5.960470e-11 -6.717539e-03
    endloop
  endfacet
  facet normal  2.073743e-15  1.000000e+00 -4.216561e-15
    outer loop
      vertex  -2.806328e-03 -5.960475e-11 -1.681750e-02
      vertex  -5.692490e-03 -5.960470e-11 -6.717539e-03
      vertex  -4.471240e-03 -5.960470e-11 -4.471289e-03
    endloop
  endfacet
  facet normal -3.806030e-15  1.000000e+00 -1.019823e-15
    outer loop
      vertex  -4.471240e-03 -5.960470e-11 -4.471289e-03
      vertex  -5.692490e-03 -5.960470e-11 -6.717539e-03
      vertex  -5.829814e-03 -5.960470e-11 -6.205040e-03
    endloop
  endfacet
  facet normal -2.243909e-15  1.000000e+00 -2.243909e-15
    outer loop
      vertex  -4.471240e-03 -5.960470e-11 -4.471289e-03
      vertex  -5.829814e-03 -5.960470e-11 -6.205040e-03
      vertex  -6.204990e-03 -5.960470e-11 -5.829864e-03
    endloop
  endfacet
  facet normal  2.126922e-15  1.000000e+00 -2.126922e-15
    outer loop
      vertex  -7.229990e-03 -5.960470e-11 -5.829864e-03
      vertex  -7.605166e-03 -5.960470e-11 -6.205040e-03
      vertex  -1.239624e-02 -5.960469e-11 -4.471289e-03
    endloop
  endfacet
  facet normal  2.640556e-15  1.000000e+00 -7.075350e-16
    outer loop
      vertex  -1.239624e-02 -5.960469e-11 -4.471289e-03
      vertex  -7.605166e-03 -5.960470e-11 -6.205040e-03
      vertex  -7.742490e-03 -5.960470e-11 -6.717539e-03
    endloop
  endfacet
  facet normal  1.078011e-15  1.000000e+00 -3.944795e-15
    outer loop
      vertex  -1.239624e-02 -5.960469e-11 -4.471289e-03
      vertex  -7.742490e-03 -5.960470e-11 -6.717539e-03
      vertex  -1.254408e-02 -5.960472e-11 -1.154769e-02
    endloop
  endfacet
  facet normal  8.451526e-15  1.000000e+00 -1.127471e-14
    outer loop
      vertex  -1.254408e-02 -5.960472e-11 -1.154769e-02
      vertex  -7.742490e-03 -5.960470e-11 -6.717539e-03
      vertex  -7.605166e-03 -5.960471e-11 -7.230040e-03
    endloop
  endfacet
  facet normal  2.542147e-15  1.000000e+00 -4.515035e-15
    outer loop
      vertex  -1.254408e-02 -5.960472e-11 -1.154769e-02
      vertex  -7.605166e-03 -5.960471e-11 -7.230040e-03
      vertex  -1.047232e-02 -5.960473e-11 -1.345489e-02
    endloop
  endfacet
  facet normal -2.289565e-15  1.000000e+00 -2.289561e-15
    outer loop
      vertex  -1.047232e-02 -5.960473e-11 -1.345489e-02
      vertex  -7.605166e-03 -5.960471e-11 -7.230040e-03
      vertex  -7.229990e-03 -5.960471e-11 -7.605216e-03
    endloop
  endfacet
  facet normal  4.540467e-16  1.000000e+00 -3.810275e-15
    outer loop
      vertex  -1.047232e-02 -5.960473e-11 -1.345489e-02
      vertex  -7.229990e-03 -5.960471e-11 -7.605216e-03
      vertex  -8.114893e-03 -5.960474e-11 -1.499507e-02
    endloop
  endfacet
  facet normal -9.751042e-16  1.000000e+00 -3.639140e-15
    outer loop
      vertex  -8.114893e-03 -5.960474e-11 -1.499507e-02
      vertex  -7.229990e-03 -5.960471e-11 -7.605216e-03
      vertex  -6.717490e-03 -5.960471e-11 -7.742540e-03
    endloop
  endfacet
  facet normal  9.332105e-16  1.000000e+00 -4.006830e-15
    outer loop
      vertex  -8.114893e-03 -5.960474e-11 -1.499507e-02
      vertex  -6.717490e-03 -5.960471e-11 -7.742540e-03
      vertex  -5.536116e-03 -5.960474e-11 -1.612622e-02
    endloop
  endfacet
  facet normal  1.549232e-15  1.000000e+00 -3.920025e-15
    outer loop
      vertex  -5.536116e-03 -5.960474e-11 -1.612622e-02
      vertex  -6.717490e-03 -5.960471e-11 -7.742540e-03
      vertex  -2.806328e-03 -5.960475e-11 -1.681750e-02
    endloop
  endfacet
  facet normal -6.706176e-15  1.000000e+00  2.550157e-14
    outer loop
      vertex  -7.229990e-03 -5.960465e-11  5.829785e-03
      vertex  -6.717490e-03 -5.960465e-11  5.692461e-03
      vertex  -1.239624e-02 -5.960465e-11  4.471210e-03
    endloop
  endfacet
  facet normal  0.000000e+00  1.000000e+00 -5.681795e-15
    outer loop
      vertex  -1.239624e-02 -5.960465e-11  4.471210e-03
      vertex  -6.717490e-03 -5.960465e-11  5.692461e-03
      vertex  -4.471240e-03 -5.960465e-11  4.471210e-03
    endloop
  endfacet
  facet normal  0.000000e+00  1.000000e+00 -3.021838e-15
    outer loop
      vertex  -1.239624e-02 -5.960465e-11  4.471210e-03
      vertex  -4.471240e-03 -5.960465e-11  4.471210e-03
      vertex  -1.239624e-02 -5.960466e-11  2.174960e-03
    endloop
  endfacet
  facet normal  8.755702e-16  1.000000e+00 -6.043675e-15
    outer loop
      vertex  -1.239624e-02 -5.960466e-11  2.174960e-03
      vertex  -4.471240e-03 -5.960465e-11  4.471210e-03
      vertex  -4.471240e-03 -5.960467e-11  2.174960e-03
    endloop
  endfacet
  facet normal  8.755702e-16  1.000000e+00 -4.785444e-15
    outer loop
      vertex  -1.239624e-02 -5.960466e-11  2.174960e-03
      vertex  -4.471240e-03 -5.960467e-11  2.174960e-03
      vertex  -1.239624e-02 -5.960468e-11 -2.175040e-03
    endloop
  endfacet
  facet normal  8.755702e-16  1.000000e+00 -4.785444e-15
    outer loop
      vertex  -1.239624e-02 -5.960468e-11 -2.175040e-03
      vertex  -4.471240e-03 -5.960467e-11  2.174960e-03
      vertex  -4.471240e-03 -5.960469e-11 -2.175040e-03
    endloop
  endfacet
  facet normal  8.755702e-16  1.000000e+00 -3.021838e-15
    outer loop
      vertex  -1.239624e-02 -5.960468e-11 -2.175040e-03
      vertex  -4.471240e-03 -5.960469e-11 -2.175040e-03
      vertex  -1.239624e-02 -5.960469e-11 -4.471289e-03
    endloop
  endfacet
  facet normal  8.755702e-16  1.000000e+00 -3.021838e-15
    outer loop
      vertex  -1.239624e-02 -5.960469e-11 -4.471289e-03
      vertex  -4.471240e-03 -5.960469e-11 -2.175040e-03
      vertex  -4.471240e-03 -5.960470e-11 -4.471289e-03
    endloop
  endfacet
  facet normal  8.755702e-16  1.000000e+00 -1.610440e-15
    outer loop
      vertex  -1.239624e-02 -5.960469e-11 -4.471289e-03
      vertex  -4.471240e-03 -5.960470e-11 -4.471289e-03
      vertex  -6.717490e-03 -5.960470e-11 -5.692540e-03
    endloop
  endfacet
  facet normal  9.069498e-15  1.000000e+00 -1.668156e-14
    outer loop
      vertex  -6.717490e-03 -5.960470e-11 -5.692540e-03
      vertex  -4.471240e-03 -5.960470e-11 -4.471289e-03
      vertex  -6.204990e-03 -5.960470e-11 -5.829864e-03
    endloop
  endfacet
  facet normal  3.190382e-15  1.000000e+00 -3.190382e-15
    outer loop
      vertex   4.471260e-03 -5.960463e-11  1.239621e-02
      vertex   6.205010e-03 -5.960465e-11  7.605136e-03
      vertex   5.829834e-03 -5.960465e-11  7.229961e-03
    endloop
  endfacet
  facet normal -3.806031e-15  1.000000e+00 -1.019823e-15
    outer loop
      vertex   5.692510e-03 -5.960466e-11  6.717460e-03
      vertex   5.829834e-03 -5.960466e-11  6.204960e-03
      vertex   4.471260e-03 -5.960467e-11  4.471210e-03
    endloop
  endfacet
  facet normal -2.243909e-15  1.000000e+00 -2.243909e-15
    outer loop
      vertex   4.471260e-03 -5.960467e-11  4.471210e-03
      vertex   5.829834e-03 -5.960466e-11  6.204960e-03
      vertex   6.205010e-03 -5.960466e-11  5.829785e-03
    endloop
  endfacet
  facet normal -1.791218e-14  1.000000e+00 -8.739744e-15
    outer loop
      vertex   5.829834e-03 -5.960465e-11  7.229961e-03
      vertex   5.692510e-03 -5.960466e-11  6.717460e-03
      vertex   4.471260e-03 -5.960463e-11  1.239621e-02
    endloop
  endfacet
  facet normal  2.370400e-15  1.000000e+00 -4.377851e-15
    outer loop
      vertex   4.471260e-03 -5.960463e-11  1.239621e-02
      vertex   5.692510e-03 -5.960466e-11  6.717460e-03
      vertex   4.471260e-03 -5.960467e-11  4.471210e-03
    endloop
  endfacet
  facet normal  1.551891e-15  1.000000e+00 -4.377851e-15
    outer loop
      vertex   4.471260e-03 -5.960463e-11  1.239621e-02
      vertex   4.471260e-03 -5.960467e-11  4.471210e-03
      vertex  -4.471240e-03 -5.960465e-11  4.471210e-03
    endloop
  endfacet
  facet normal  1.551891e-15  1.000000e+00 -4.709530e-15
    outer loop
      vertex  -4.471240e-03 -5.960465e-11  4.471210e-03
      vertex   4.471260e-03 -5.960467e-11  4.471210e-03
      vertex   5.971958e-04 -5.960467e-11  3.194623e-03
    endloop
  endfacet
  facet normal  0.000000e+00  1.000000e+00 -1.087100e-14
    outer loop
      vertex  -4.471240e-03 -5.960465e-11  4.471210e-03
      vertex   5.971958e-04 -5.960467e-11  3.194623e-03
      vertex  -5.971760e-04 -5.960467e-11  3.194623e-03
    endloop
  endfacet
  facet normal  8.836907e-16  1.000000e+00 -3.297980e-15
    outer loop
      vertex   6.717510e-03 -5.960467e-11  5.692461e-03
      vertex   7.230010e-03 -5.960467e-11  5.829785e-03
      vertex   1.001191e-02 -5.960468e-11  4.471210e-03
    endloop
  endfacet
  facet normal -4.392729e-15  1.000000e+00 -1.410232e-14
    outer loop
      vertex   1.001191e-02 -5.960468e-11  4.471210e-03
      vertex   7.230010e-03 -5.960467e-11  5.829785e-03
      vertex   7.605186e-03 -5.960466e-11  6.204960e-03
    endloop
  endfacet
  facet normal  9.069498e-15  1.000000e+00 -1.668156e-14
    outer loop
      vertex   6.205010e-03 -5.960466e-11  5.829785e-03
      vertex   6.717510e-03 -5.960467e-11  5.692461e-03
      vertex   4.471260e-03 -5.960467e-11  4.471210e-03
    endloop
  endfacet
  facet normal  1.252360e-15  1.000000e+00 -2.303470e-15
    outer loop
      vertex   4.471260e-03 -5.960467e-11  4.471210e-03
      vertex   6.717510e-03 -5.960467e-11  5.692461e-03
      vertex   1.001191e-02 -5.960468e-11  4.471210e-03
    endloop
  endfacet
  facet normal  1.252360e-15  1.000000e+00 -3.021838e-15
    outer loop
      vertex   4.471260e-03 -5.960467e-11  4.471210e-03
      vertex   1.001191e-02 -5.960468e-11  4.471210e-03
      vertex   4.471260e-03 -5.960468e-11  2.174960e-03
    endloop
  endfacet
  facet normal  1.252360e-15  1.000000e+00 -3.021838e-15
    outer loop
      vertex   4.471260e-03 -5.960468e-11  2.174960e-03
      vertex   1.001191e-02 -5.960468e-11  4.471210e-03
      vertex   1.001191e-02 -5.960468e-11  2.174960e-03
    endloop
  endfacet
  facet normal  1.252360e-15  1.000000e+00 -4.785444e-15
    outer loop
      vertex   4.471260e-03 -5.960468e-11  2.174960e-03
      vertex   1.001191e-02 -5.960468e-11  2.174960e-03
      vertex   4.471260e-03 -5.960470e-11 -2.175040e-03
    endloop
  endfacet
  facet normal  1.252360e-15  1.000000e+00 -4.785444e-15
    outer loop
      vertex   4.471260e-03 -5.960470e-11 -2.175040e-03
      vertex   1.001191e-02 -5.960468e-11  2.174960e-03
      vertex   1.001191e-02 -5.960470e-11 -2.175040e-03
    endloop
  endfacet
  facet normal  1.252360e-15  1.000000e+00 -6.043675e-15
    outer loop
      vertex   4.471260e-03 -5.960470e-11 -2.175040e-03
      vertex   1.001191e-02 -5.960470e-11 -2.175040e-03
      vertex   4.471260e-03 -5.960471e-11 -4.471289e-03
    endloop
  endfacet
  facet normal  0.000000e+00  1.000000e+00 -3.021838e-15
    outer loop
      vertex   4.471260e-03 -5.960471e-11 -4.471289e-03
      vertex   1.001191e-02 -5.960470e-11 -2.175040e-03
      vertex   1.001191e-02 -5.960471e-11 -4.471289e-03
    endloop
  endfacet
  facet normal -0.000000e+00  1.000000e+00  0.000000e+00
    outer loop
      vertex   4.471260e-03 -5.960471e-11 -4.471289e-03
      vertex   1.001191e-02 -5.960471e-11 -4.471289e-03
      vertex   6.717510e-03 -5.960471e-11 -5.692540e-03
    endloop
  endfacet
  facet normal  7.858842e-15  1.000000e+00 -2.119975e-14
    outer loop
      vertex   6.717510e-03 -5.960471e-11 -5.692540e-03
      vertex   1.001191e-02 -5.960471e-11 -4.471289e-03
      vertex   7.230010e-03 -5.960472e-11 -5.829864e-03
    endloop
  endfacet
  facet normal  4.833301e-15  1.000000e+00 -1.295080e-15
    outer loop
      vertex   7.605186e-03 -5.960466e-11  6.204960e-03
      vertex   7.742510e-03 -5.960466e-11  6.717460e-03
      vertex   1.001191e-02 -5.960468e-11  4.471210e-03
    endloop
  endfacet
  facet normal  1.781983e-15  1.000000e+00 -4.377851e-15
    outer loop
      vertex   1.001191e-02 -5.960468e-11  4.471210e-03
      vertex   7.742510e-03 -5.960466e-11  6.717460e-03
      vertex   1.001191e-02 -5.960464e-11  1.239621e-02
    endloop
  endfacet
  facet normal  1.273151e-15  1.000000e+00 -4.377851e-15
    outer loop
      vertex   1.001191e-02 -5.960468e-11  4.471210e-03
      vertex   1.001191e-02 -5.960464e-11  1.239621e-02
      vertex   1.254410e-02 -5.960465e-11  1.154761e-02
    endloop
  endfacet
  facet normal  4.744439e-16  1.000000e+00 -6.761160e-15
    outer loop
      vertex   1.254410e-02 -5.960465e-11  1.154761e-02
      vertex   1.001191e-02 -5.960464e-11  1.239621e-02
      vertex   1.047234e-02 -5.960463e-11  1.345481e-02
    endloop
  endfacet
  facet normal -5.491050e-15  1.000000e+00 -1.471322e-15
    outer loop
      vertex   7.742510e-03 -5.960466e-11  6.717460e-03
      vertex   7.605186e-03 -5.960466e-11  7.229961e-03
      vertex   1.001191e-02 -5.960464e-11  1.239621e-02
    endloop
  endfacet
  facet normal  9.868422e-15  1.000000e+00 -8.626623e-15
    outer loop
      vertex   1.001191e-02 -5.960464e-11  1.239621e-02
      vertex   7.605186e-03 -5.960466e-11  7.229961e-03
      vertex   7.230010e-03 -5.960465e-11  7.605136e-03
    endloop
  endfacet
  facet normal  1.252360e-15  1.000000e+00 -3.623766e-15
    outer loop
      vertex   1.001191e-02 -5.960464e-11  1.239621e-02
      vertex   7.230010e-03 -5.960465e-11  7.605136e-03
      vertex   4.471260e-03 -5.960463e-11  1.239621e-02
    endloop
  endfacet
  facet normal -1.376600e-15  1.000000e+00 -5.137547e-15
    outer loop
      vertex   4.471260e-03 -5.960463e-11  1.239621e-02
      vertex   7.230010e-03 -5.960465e-11  7.605136e-03
      vertex   6.717510e-03 -5.960465e-11  7.742460e-03
    endloop
  endfacet
  facet normal  1.061301e-15  1.000000e+00 -3.960833e-15
    outer loop
      vertex   4.471260e-03 -5.960463e-11  1.239621e-02
      vertex   6.717510e-03 -5.960465e-11  7.742460e-03
      vertex   6.205010e-03 -5.960465e-11  7.605136e-03
    endloop
  endfacet
  facet normal  8.257916e-02  0.000000e+00 -9.965845e-01
    outer loop
      vertex   9.905194e-09 -1.080000e-02 -1.725004e-02
      vertex   2.839267e-03 -1.999997e-04 -1.701477e-02
      vertex   2.839267e-03 -1.080000e-02 -1.701477e-02
    endloop
  endfacet
  facet normal  2.454858e-01  0.000000e+00 -9.694002e-01
    outer loop
      vertex   2.839267e-03 -1.080000e-02 -1.701477e-02
      vertex   2.839267e-03 -1.999997e-04 -1.701477e-02
      vertex   5.601075e-03 -1.999997e-04 -1.631539e-02
    endloop
  endfacet
  facet normal  2.454858e-01  0.000000e+00 -9.694002e-01
    outer loop
      vertex   2.839267e-03 -1.080000e-02 -1.701477e-02
      vertex   5.601075e-03 -1.999997e-04 -1.631539e-02
      vertex   5.601075e-03 -1.080000e-02 -1.631539e-02
    endloop
  endfacet
  facet normal  4.016950e-01  0.000000e+00 -9.157735e-01
    outer loop
      vertex   5.601075e-03 -1.080000e-02 -1.631539e-02
      vertex   5.601075e-03 -1.999997e-04 -1.631539e-02
      vertex   8.210103e-03 -1.999997e-04 -1.517096e-02
    endloop
  endfacet
  facet normal  4.016950e-01  0.000000e+00 -9.157735e-01
    outer loop
      vertex   5.601075e-03 -1.080000e-02 -1.631539e-02
      vertex   8.210103e-03 -1.999997e-04 -1.517096e-02
      vertex   8.210103e-03 -1.080000e-02 -1.517096e-02
    endloop
  endfacet
  facet normal  5.469484e-01  0.000000e+00 -8.371664e-01
    outer loop
      vertex   8.210103e-03 -1.080000e-02 -1.517096e-02
      vertex   8.210103e-03 -1.999997e-04 -1.517096e-02
      vertex   1.059518e-02 -1.999997e-04 -1.361271e-02
    endloop
  endfacet
  facet normal  5.469484e-01  0.000000e+00 -8.371664e-01
    outer loop
      vertex   8.210103e-03 -1.080000e-02 -1.517096e-02
      vertex   1.059518e-02 -1.999997e-04 -1.361271e-02
      vertex   1.059518e-02 -1.080000e-02 -1.361271e-02
    endloop
  endfacet
  facet normal  6.772816e-01  0.000000e+00 -7.357240e-01
    outer loop
      vertex   1.059518e-02 -1.080000e-02 -1.361271e-02
      vertex   1.059518e-02 -1.999997e-04 -1.361271e-02
      vertex   1.269125e-02 -1.999997e-04 -1.168315e-02
    endloop
  endfacet
  facet normal  6.772816e-01  0.000000e+00 -7.357240e-01
    outer loop
      vertex   1.059518e-02 -1.080000e-02 -1.361271e-02
      vertex   1.269125e-02 -1.999997e-04 -1.168315e-02
      vertex   1.269125e-02 -1.080000e-02 -1.168315e-02
    endloop
  endfacet
  facet normal  7.891406e-01  0.000000e+00 -6.142126e-01
    outer loop
      vertex   1.269125e-02 -1.080000e-02 -1.168315e-02
      vertex   1.269125e-02 -1.999997e-04 -1.168315e-02
      vertex   1.444113e-02 -1.999997e-04 -9.434895e-03
    endloop
  endfacet
  facet normal  7.891406e-01  0.000000e+00 -6.142126e-01
    outer loop
      vertex   1.269125e-02 -1.080000e-02 -1.168315e-02
      vertex   1.444113e-02 -1.999997e-04 -9.434895e-03
      vertex   1.444113e-02 -1.080000e-02 -9.434895e-03
    endloop
  endfacet
  facet normal  8.794738e-01  0.000000e+00 -4.759474e-01
    outer loop
      vertex   1.444113e-02 -1.080000e-02 -9.434895e-03
      vertex   1.444113e-02 -1.999997e-04 -9.434895e-03
      vertex   1.579710e-02 -1.999997e-04 -6.929286e-03
    endloop
  endfacet
  facet normal  8.794738e-01  0.000000e+00 -4.759474e-01
    outer loop
      vertex   1.444113e-02 -1.080000e-02 -9.434895e-03
      vertex   1.579710e-02 -1.999997e-04 -6.929286e-03
      vertex   1.579710e-02 -1.080000e-02 -6.929286e-03
    endloop
  endfacet
  facet normal  9.458173e-01  0.000000e+00 -3.246993e-01
    outer loop
      vertex   1.579710e-02 -1.080000e-02 -6.929286e-03
      vertex   1.579710e-02 -1.999997e-04 -6.929286e-03
      vertex   1.672216e-02 -1.999997e-04 -4.234664e-03
    endloop
  endfacet
  facet normal  9.458173e-01  0.000000e+00 -3.246993e-01
    outer loop
      vertex   1.579710e-02 -1.080000e-02 -6.929286e-03
      vertex   1.672216e-02 -1.999997e-04 -4.234664e-03
      vertex   1.672216e-02 -1.080000e-02 -4.234664e-03
    endloop
  endfacet
  facet normal  9.863613e-01  0.000000e+00 -1.645948e-01
    outer loop
      vertex   1.672216e-02 -1.080000e-02 -4.234664e-03
      vertex   1.672216e-02 -1.999997e-04 -4.234664e-03
      vertex   1.719109e-02 -1.999997e-04 -1.424533e-03
    endloop
  endfacet
  facet normal  9.863613e-01  0.000000e+00 -1.645948e-01
    outer loop
      vertex   1.672216e-02 -1.080000e-02 -4.234664e-03
      vertex   1.719109e-02 -1.999997e-04 -1.424533e-03
      vertex   1.719109e-02 -1.080000e-02 -1.424533e-03
    endloop
  endfacet
  facet normal  1.000000e+00  0.000000e+00  0.000000e+00
    outer loop
      vertex   1.719109e-02 -1.080000e-02 -1.424533e-03
      vertex   1.719109e-02 -1.999997e-04 -1.424533e-03
      vertex   1.719109e-02 -1.999997e-04  1.424454e-03
    endloop
  endfacet
  facet normal  1.000000e+00  0.000000e+00  0.000000e+00
    outer loop
      vertex   1.719109e-02 -1.080000e-02 -1.424533e-03
      vertex   1.719109e-02 -1.999997e-04  1.424454e-03
      vertex   1.719109e-02 -1.080000e-02  1.424454e-03
    endloop
  endfacet
  facet normal  9.863613e-01 -0.000000e+00  1.645948e-01
    outer loop
      vertex   1.719109e-02 -1.080000e-02  1.424454e-03
      vertex   1.719109e-02 -1.999997e-04  1.424454e-03
      vertex   1.672216e-02 -1.999997e-04  4.234585e-03
    endloop
  endfacet
  facet normal  9.863613e-01  0.000000e+00  1.645948e-01
    outer loop
      vertex   1.719109e-02 -1.080000e-02  1.424454e-03
      vertex   1.672216e-02 -1.999997e-04  4.234585e-03
      vertex   1.672216e-02 -1.080000e-02  4.234585e-03
    endloop
  endfacet
  facet normal  9.458173e-01 -0.000000e+00  3.246993e-01
    outer loop
      vertex   1.672216e-02 -1.080000e-02  4.234585e-03
      vertex   1.672216e-02 -1.999997e-04  4.234585e-03
      vertex   1.579710e-02 -1.999997e-04  6.929207e-03
    endloop
  endfacet
  facet normal  9.458173e-01  0.000000e+00  3.246993e-01
    outer loop
      vertex   1.672216e-02 -1.080000e-02  4.234585e-03
      vertex   1.579710e-02 -1.999997e-04  6.929207e-03
      vertex   1.579710e-02 -1.080000e-02  6.929207e-03
    endloop
  endfacet
  facet normal  8.794739e-01 -0.000000e+00  4.759472e-01
    outer loop
      vertex   1.579710e-02 -1.080000e-02  6.929207e-03
      vertex   1.579710e-02 -1.999997e-04  6.929207e-03
      vertex   1.444113e-02 -1.999997e-04  9.434816e-03
    endloop
  endfacet
  facet normal  8.794739e-01  0.000000e+00  4.759472e-01
    outer loop
      vertex   1.579710e-02 -1.080000e-02  6.929207e-03
      vertex   1.444113e-02 -1.999997e-04  9.434816e-03
      vertex   1.444113e-02 -1.080000e-02  9.434816e-03
    endloop
  endfacet
  facet normal  7.891406e-01 -0.000000e+00  6.142126e-01
    outer loop
      vertex   1.444113e-02 -1.080000e-02  9.434816e-03
      vertex   1.444113e-02 -1.999997e-04  9.434816e-03
      vertex   1.269125e-02 -1.999997e-04  1.168307e-02
    endloop
  endfacet
  facet normal  7.891406e-01  0.000000e+00  6.142126e-01
    outer loop
      vertex   1.444113e-02 -1.080000e-02  9.434816e-03
      vertex   1.269125e-02 -1.999997e-04  1.168307e-02
      vertex   1.269125e-02 -1.080000e-02  1.168307e-02
    endloop
  endfacet
  facet normal  6.772816e-01 -0.000000e+00  7.357240e-01
    outer loop
      vertex   1.269125e-02 -1.080000e-02  1.168307e-02
      vertex   1.269125e-02 -1.999997e-04  1.168307e-02
      vertex   1.059518e-02 -1.999997e-04  1.361263e-02
    endloop
  endfacet
  facet normal  6.772816e-01  0.000000e+00  7.357240e-01
    outer loop
      vertex   1.269125e-02 -1.080000e-02  1.168307e-02
      vertex   1.059518e-02 -1.999997e-04  1.361263e-02
      vertex   1.059518e-02 -1.080000e-02  1.361263e-02
    endloop
  endfacet
  facet normal  5.469484e-01 -0.000000e+00  8.371664e-01
    outer loop
      vertex   1.059518e-02 -1.080000e-02  1.361263e-02
      vertex   1.059518e-02 -1.999997e-04  1.361263e-02
      vertex   8.210103e-03 -1.999997e-04  1.517088e-02
    endloop
  endfacet
  facet normal  5.469484e-01  0.000000e+00  8.371664e-01
    outer loop
      vertex   1.059518e-02 -1.080000e-02  1.361263e-02
      vertex   8.210103e-03 -1.999997e-04  1.517088e-02
      vertex   8.210103e-03 -1.080000e-02  1.517088e-02
    endloop
  endfacet
  facet normal  4.016950e-01 -0.000000e+00  9.157735e-01
    outer loop
      vertex   8.210103e-03 -1.080000e-02  1.517088e-02
      vertex   8.210103e-03 -1.999997e-04  1.517088e-02
      vertex   5.601075e-03 -1.999997e-04  1.631531e-02
    endloop
  endfacet
  facet normal  4.016950e-01  0.000000e+00  9.157735e-01
    outer loop
      vertex   8.210103e-03 -1.080000e-02  1.517088e-02
      vertex   5.601075e-03 -1.999997e-04  1.631531e-02
      vertex   5.601075e-03 -1.080000e-02  1.631531e-02
    endloop
  endfacet
  facet normal  2.454858e-01 -0.000000e+00  9.694002e-01
    outer loop
      vertex   5.601075e-03 -1.080000e-02  1.631531e-02
      vertex   5.601075e-03 -1.999997e-04  1.631531e-02
      vertex   2.839267e-03 -1.999997e-04  1.701469e-02
    endloop
  endfacet
  facet normal  2.454858e-01  0.000000e+00  9.694002e-01
    outer loop
      vertex   5.601075e-03 -1.080000e-02  1.631531e-02
      vertex   2.839267e-03 -1.999997e-04  1.701469e-02
      vertex   2.839267e-03 -1.080000e-02  1.701469e-02
    endloop
  endfacet
  facet normal  8.257916e-02 -0.000000e+00  9.965845e-01
    outer loop
      vertex   2.839267e-03 -1.080000e-02  1.701469e-02
      vertex   2.839267e-03 -1.999997e-04  1.701469e-02
      vertex   9.905194e-09 -1.999997e-04  1.724996e-02
    endloop
  endfacet
  facet normal  8.257916e-02  0.000000e+00  9.965845e-01
    outer loop
      vertex   2.839267e-03 -1.080000e-02  1.701469e-02
      vertex   9.905194e-09 -1.999997e-04  1.724996e-02
      vertex   9.905194e-09 -1.080000e-02  1.724996e-02
    endloop
  endfacet
  facet normal -8.257916e-02  0.000000e+00  9.965845e-01
    outer loop
      vertex   9.905194e-09 -1.080000e-02  1.724996e-02
      vertex   9.905194e-09 -1.999997e-04  1.724996e-02
      vertex  -2.839247e-03 -1.999997e-04  1.701469e-02
    endloop
  endfacet
  facet normal -8.257916e-02  0.000000e+00  9.965845e-01
    outer loop
      vertex   9.905194e-09 -1.080000e-02  1.724996e-02
      vertex  -2.839247e-03 -1.999997e-04  1.701469e-02
      vertex  -2.839247e-03 -1.080000e-02  1.701469e-02
    endloop
  endfacet
  facet normal -2.454858e-01  0.000000e+00  9.694002e-01
    outer loop
      vertex  -2.839247e-03 -1.080000e-02  1.701469e-02
      vertex  -2.839247e-03 -1.999997e-04  1.701469e-02
      vertex  -5.601056e-03 -1.999997e-04  1.631531e-02
    endloop
  endfacet
  facet normal -2.454858e-01  0.000000e+00  9.694002e-01
    outer loop
      vertex  -2.839247e-03 -1.080000e-02  1.701469e-02
      vertex  -5.601056e-03 -1.999997e-04  1.631531e-02
      vertex  -5.601056e-03 -1.080000e-02  1.631531e-02
    endloop
  endfacet
  facet normal -4.016951e-01  0.000000e+00  9.157735e-01
    outer loop
      vertex  -5.601056e-03 -1.080000e-02  1.631531e-02
      vertex  -5.601056e-03 -1.999997e-04  1.631531e-02
      vertex  -8.210083e-03 -1.999997e-04  1.517088e-02
    endloop
  endfacet
  facet normal -4.016951e-01  0.000000e+00  9.157735e-01
    outer loop
      vertex  -5.601056e-03 -1.080000e-02  1.631531e-02
      vertex  -8.210083e-03 -1.999997e-04  1.517088e-02
      vertex  -8.210083e-03 -1.080000e-02  1.517088e-02
    endloop
  endfacet
  facet normal -5.469484e-01  0.000000e+00  8.371664e-01
    outer loop
      vertex  -8.210083e-03 -1.080000e-02  1.517088e-02
      vertex  -8.210083e-03 -1.999997e-04  1.517088e-02
      vertex  -1.059516e-02 -1.999997e-04  1.361263e-02
    endloop
  endfacet
  facet normal -5.469484e-01  0.000000e+00  8.371664e-01
    outer loop
      vertex  -8.210083e-03 -1.080000e-02  1.517088e-02
      vertex  -1.059516e-02 -1.999997e-04  1.361263e-02
      vertex  -1.059516e-02 -1.080000e-02  1.361263e-02
    endloop
  endfacet
  facet normal -6.772816e-01  0.000000e+00  7.357240e-01
    outer loop
      vertex  -1.059516e-02 -1.080000e-02  1.361263e-02
      vertex  -1.059516e-02 -1.999997e-04  1.361263e-02
      vertex  -1.269123e-02 -1.999997e-04  1.168307e-02
    endloop
  endfacet
  facet normal -6.772816e-01  0.000000e+00  7.357240e-01
    outer loop
      vertex  -1.059516e-02 -1.080000e-02  1.361263e-02
      vertex  -1.269123e-02 -1.999997e-04  1.168307e-02
      vertex  -1.269123e-02 -1.080000e-02  1.168307e-02
    endloop
  endfacet
  facet normal -7.891406e-01  0.000000e+00  6.142126e-01
    outer loop
      vertex  -1.269123e-02 -1.080000e-02  1.168307e-02
      vertex  -1.269123e-02 -1.999997e-04  1.168307e-02
      vertex  -1.444111e-02 -1.999997e-04  9.434816e-03
    endloop
  endfacet
  facet normal -7.891406e-01  0.000000e+00  6.142126e-01
    outer loop
      vertex  -1.269123e-02 -1.080000e-02  1.168307e-02
      vertex  -1.444111e-02 -1.999997e-04  9.434816e-03
      vertex  -1.444111e-02 -1.080000e-02  9.434816e-03
    endloop
  endfacet
  facet normal -8.794736e-01  0.000000e+00  4.759477e-01
    outer loop
      vertex  -1.444111e-02 -1.080000e-02  9.434816e-03
      vertex  -1.444111e-02 -1.999997e-04  9.434816e-03
      vertex  -1.579708e-02 -1.999997e-04  6.929207e-03
    endloop
  endfacet
  facet normal -8.794736e-01  0.000000e+00  4.759477e-01
    outer loop
      vertex  -1.444111e-02 -1.080000e-02  9.434816e-03
      vertex  -1.579708e-02 -1.999997e-04  6.929207e-03
      vertex  -1.579708e-02 -1.080000e-02  6.929207e-03
    endloop
  endfacet
  facet normal -9.458173e-01  0.000000e+00  3.246993e-01
    outer loop
      vertex  -1.579708e-02 -1.080000e-02  6.929207e-03
      vertex  -1.579708e-02 -1.999997e-04  6.929207e-03
      vertex  -1.672214e-02 -1.999997e-04  4.234585e-03
    endloop
  endfacet
  facet normal -9.458173e-01  0.000000e+00  3.246993e-01
    outer loop
      vertex  -1.579708e-02 -1.080000e-02  6.929207e-03
      vertex  -1.672214e-02 -1.999997e-04  4.234585e-03
      vertex  -1.672214e-02 -1.080000e-02  4.234585e-03
    endloop
  endfacet
  facet normal -9.863613e-01  0.000000e+00  1.645948e-01
    outer loop
      vertex  -1.672214e-02 -1.080000e-02  4.234585e-03
      vertex  -1.672214e-02 -1.999997e-04  4.234585e-03
      vertex  -1.719107e-02 -1.999997e-04  1.424454e-03
    endloop
  endfacet
  facet normal -9.863613e-01  0.000000e+00  1.645948e-01
    outer loop
      vertex  -1.672214e-02 -1.080000e-02  4.234585e-03
      vertex  -1.719107e-02 -1.999997e-04  1.424454e-03
      vertex  -1.719107e-02 -1.080000e-02  1.424454e-03
    endloop
  endfacet
  facet normal -1.000000e+00  0.000000e+00  0.000000e+00
    outer loop
      vertex  -1.719107e-02 -1.080000e-02  1.424454e-03
      vertex  -1.719107e-02 -1.999997e-04  1.424454e-03
      vertex  -1.719107e-02 -1.999997e-04 -1.424533e-03
    endloop
  endfacet
  facet normal -1.000000e+00  0.000000e+00  0.000000e+00
    outer loop
      vertex  -1.719107e-02 -1.080000e-02  1.424454e-03
      vertex  -1.719107e-02 -1.999997e-04 -1.424533e-03
      vertex  -1.719107e-02 -1.080000e-02 -1.424533e-03
    endloop
  endfacet
  facet normal -9.863613e-01  0.000000e+00 -1.645948e-01
    outer loop
      vertex  -1.719107e-02 -1.080000e-02 -1.424533e-03
      vertex  -1.719107e-02 -1.999997e-04 -1.424533e-03
      vertex  -1.672214e-02 -1.999997e-04 -4.234664e-03
    endloop
  endfacet
  facet normal -9.863613e-01  0.000000e+00 -1.645948e-01
    outer loop
      vertex  -1.719107e-02 -1.080000e-02 -1.424533e-03
      vertex  -1.672214e-02 -1.999997e-04 -4.234664e-03
      vertex  -1.672214e-02 -1.080000e-02 -4.234664e-03
    endloop
  endfacet
  facet normal -9.458173e-01  0.000000e+00 -3.246993e-01
    outer loop
      vertex  -1.672214e-02 -1.080000e-02 -4.234664e-03
      vertex  -1.672214e-02 -1.999997e-04 -4.234664e-03
      vertex  -1.579708e-02 -1.999997e-04 -6.929286e-03
    endloop
  endfacet
  facet normal -9.458173e-01  0.000000e+00 -3.246993e-01
    outer loop
      vertex  -1.672214e-02 -1.080000e-02 -4.234664e-03
      vertex  -1.579708e-02 -1.999997e-04 -6.929286e-03
      vertex  -1.579708e-02 -1.080000e-02 -6.929286e-03
    endloop
  endfacet
  facet normal -8.794735e-01  0.000000e+00 -4.759478e-01
    outer loop
      vertex  -1.579708e-02 -1.080000e-02 -6.929286e-03
      vertex  -1.579708e-02 -1.999997e-04 -6.929286e-03
      vertex  -1.444111e-02 -1.999997e-04 -9.434895e-03
    endloop
  endfacet
  facet normal -8.794735e-01  0.000000e+00 -4.759478e-01
    outer loop
      vertex  -1.579708e-02 -1.080000e-02 -6.929286e-03
      vertex  -1.444111e-02 -1.999997e-04 -9.434895e-03
      vertex  -1.444111e-02 -1.080000e-02 -9.434895e-03
    endloop
  endfacet
  facet normal -7.891406e-01  0.000000e+00 -6.142126e-01
    outer loop
      vertex  -1.444111e-02 -1.080000e-02 -9.434895e-03
      vertex  -1.444111e-02 -1.999997e-04 -9.434895e-03
      vertex  -1.269123e-02 -1.999997e-04 -1.168315e-02
    endloop
  endfacet
  facet normal -7.891406e-01  0.000000e+00 -6.142126e-01
    outer loop
      vertex  -1.444111e-02 -1.080000e-02 -9.434895e-03
      vertex  -1.269123e-02 -1.999997e-04 -1.168315e-02
      vertex  -1.269123e-02 -1.080000e-02 -1.168315e-02
    endloop
  endfacet
  facet normal -6.772816e-01  0.000000e+00 -7.357240e-01
    outer loop
      vertex  -1.269123e-02 -1.080000e-02 -1.168315e-02
      vertex  -1.269123e-02 -1.999997e-04 -1.168315e-02
      vertex  -1.059516e-02 -1.999997e-04 -1.361271e-02
    endloop
  endfacet
  facet normal -6.772816e-01  0.000000e+00 -7.357240e-01
    outer loop
      vertex  -1.269123e-02 -1.080000e-02 -1.168315e-02
      vertex  -1.059516e-02 -1.999997e-04 -1.361271e-02
      vertex  -1.059516e-02 -1.080000e-02 -1.361271e-02
    endloop
  endfacet
  facet normal -5.469484e-01  0.000000e+00 -8.371664e-01
    outer loop
      vertex  -1.059516e-02 -1.080000e-02 -1.361271e-02
      vertex  -1.059516e-02 -1.999997e-04 -1.361271e-02
      vertex  -8.210083e-03 -1.999997e-04 -1.517096e-02
    endloop
  endfacet
  facet normal -5.469484e-01  0.000000e+00 -8.371664e-01
    outer loop
      vertex  -1.059516e-02 -1.080000e-02 -1.361271e-02
      vertex  -8.210083e-03 -1.999997e-04 -1.517096e-02
      vertex  -8.210083e-03 -1.080000e-02 -1.517096e-02
    endloop
  endfacet
  facet normal -4.016951e-01  0.000000e+00 -9.157735e-01
    outer loop
      vertex  -8.210083e-03 -1.080000e-02 -1.517096e-02
      vertex  -8.210083e-03 -1.999997e-04 -1.517096e-02
      vertex  -5.601056e-03 -1.999997e-04 -1.631539e-02
    endloop
  endfacet
  facet normal -4.016951e-01  0.000000e+00 -9.157735e-01
    outer loop
      vertex  -8.210083e-03 -1.080000e-02 -1.517096e-02
      vertex  -5.601056e-03 -1.999997e-04 -1.631539e-02
      vertex  -5.601056e-03 -1.080000e-02 -1.631539e-02
    endloop
  endfacet
  facet normal -2.454858e-01  0.000000e+00 -9.694002e-01
    outer loop
      vertex  -5.601056e-03 -1.080000e-02 -1.631539e-02
      vertex  -5.601056e-03 -1.999997e-04 -1.631539e-02
      vertex  -2.839247e-03 -1.999997e-04 -1.701477e-02
    endloop
  endfacet
  facet normal -2.454858e-01  0.000000e+00 -9.694002e-01
    outer loop
      vertex  -5.601056e-03 -1.080000e-02 -1.631539e-02
      vertex  -2.839247e-03 -1.999997e-04 -1.701477e-02
      vertex  -2.839247e-03 -1.080000e-02 -1.701477e-02
    endloop
  endfacet
  facet normal -8.257916e-02  0.000000e+00 -9.965845e-01
    outer loop
      vertex  -2.839247e-03 -1.080000e-02 -1.701477e-02
      vertex  -2.839247e-03 -1.999997e-04 -1.701477e-02
      vertex   9.905194e-09 -1.999997e-04 -1.725004e-02
    endloop
  endfacet
  facet normal -8.257916e-02  0.000000e+00 -9.965845e-01
    outer loop
      vertex  -2.839247e-03 -1.080000e-02 -1.701477e-02
      vertex   9.905194e-09 -1.999997e-04 -1.725004e-02
      vertex   9.905194e-09 -1.080000e-02 -1.725004e-02
    endloop
  endfacet
  facet normal  8.257916e-02  0.000000e+00 -9.965845e-01
    outer loop
      vertex   9.905194e-09 -1.080000e-02 -1.725004e-02
      vertex   9.905194e-09 -1.999997e-04 -1.725004e-02
      vertex   2.839267e-03 -1.999997e-04 -1.701477e-02
    endloop
  endfacet
  facet normal  5.849196e-02  7.058976e-01 -7.058947e-01
    outer loop
      vertex   9.905194e-09 -1.999997e-04 -1.725004e-02
      vertex   2.806348e-03 -5.960476e-11 -1.681750e-02
      vertex   2.839267e-03 -1.999997e-04 -1.701477e-02
    endloop
  endfacet
  facet normal  1.738807e-01  7.058976e-01 -6.866397e-01
    outer loop
      vertex   2.839267e-03 -1.999997e-04 -1.701477e-02
      vertex   2.806348e-03 -5.960476e-11 -1.681750e-02
      vertex   5.536136e-03 -5.960476e-11 -1.612622e-02
    endloop
  endfacet
  facet normal  1.738815e-01  7.058955e-01 -6.866416e-01
    outer loop
      vertex   2.839267e-03 -1.999997e-04 -1.701477e-02
      vertex   5.536136e-03 -5.960476e-11 -1.612622e-02
      vertex   5.601075e-03 -1.999997e-04 -1.631539e-02
    endloop
  endfacet
  facet normal  2.845272e-01  7.058955e-01 -6.486569e-01
    outer loop
      vertex   5.601075e-03 -1.999997e-04 -1.631539e-02
      vertex   5.536136e-03 -5.960476e-11 -1.612622e-02
      vertex   8.114913e-03 -5.960475e-11 -1.499507e-02
    endloop
  endfacet
  facet normal  2.845262e-01  7.058975e-01 -6.486553e-01
    outer loop
      vertex   5.601075e-03 -1.999997e-04 -1.631539e-02
      vertex   8.114913e-03 -5.960475e-11 -1.499507e-02
      vertex   8.210103e-03 -1.999997e-04 -1.517096e-02
    endloop
  endfacet
  facet normal  3.874111e-01  7.058974e-01 -5.929769e-01
    outer loop
      vertex   8.210103e-03 -1.999997e-04 -1.517096e-02
      vertex   8.114913e-03 -5.960475e-11 -1.499507e-02
      vertex   1.047234e-02 -5.960475e-11 -1.345489e-02
    endloop
  endfacet
  facet normal  3.874121e-01  7.058958e-01 -5.929780e-01
    outer loop
      vertex   8.210103e-03 -1.999997e-04 -1.517096e-02
      vertex   1.047234e-02 -5.960475e-11 -1.345489e-02
      vertex   1.059518e-02 -1.999997e-04 -1.361271e-02
    endloop
  endfacet
  facet normal  4.797292e-01  7.058958e-01 -5.211248e-01
    outer loop
      vertex   1.059518e-02 -1.999997e-04 -1.361271e-02
      vertex   1.047234e-02 -5.960475e-11 -1.345489e-02
      vertex   1.254410e-02 -5.960474e-11 -1.154769e-02
    endloop
  endfacet
  facet normal  4.797290e-01  7.058960e-01 -5.211247e-01
    outer loop
      vertex   1.059518e-02 -1.999997e-04 -1.361271e-02
      vertex   1.254410e-02 -5.960474e-11 -1.154769e-02
      vertex   1.269125e-02 -1.999997e-04 -1.168315e-02
    endloop
  endfacet
  facet normal  5.589606e-01  7.058960e-01 -4.350563e-01
    outer loop
      vertex   1.269125e-02 -1.999997e-04 -1.168315e-02
      vertex   1.254410e-02 -5.960474e-11 -1.154769e-02
      vertex   1.427370e-02 -5.960474e-11 -9.325505e-03
    endloop
  endfacet
  facet normal  5.589602e-01  7.058963e-01 -4.350561e-01
    outer loop
      vertex   1.269125e-02 -1.999997e-04 -1.168315e-02
      vertex   1.427370e-02 -5.960474e-11 -9.325505e-03
      vertex   1.444113e-02 -1.999997e-04 -9.434895e-03
    endloop
  endfacet
  facet normal  6.229445e-01  7.058964e-01 -3.371208e-01
    outer loop
      vertex   1.444113e-02 -1.999997e-04 -9.434895e-03
      vertex   1.427370e-02 -5.960474e-11 -9.325505e-03
      vertex   1.561395e-02 -5.960473e-11 -6.848947e-03
    endloop
  endfacet
  facet normal  6.229453e-01  7.058955e-01 -3.371211e-01
    outer loop
      vertex   1.444113e-02 -1.999997e-04 -9.434895e-03
      vertex   1.561395e-02 -5.960473e-11 -6.848947e-03
      vertex   1.579710e-02 -1.999997e-04 -6.929286e-03
    endloop
  endfacet
  facet normal  6.699375e-01  7.058955e-01 -2.299898e-01
    outer loop
      vertex   1.579710e-02 -1.999997e-04 -6.929286e-03
      vertex   1.561395e-02 -5.960473e-11 -6.848947e-03
      vertex   1.652828e-02 -5.960472e-11 -4.185567e-03
    endloop
  endfacet
  facet normal  6.699381e-01  7.058949e-01 -2.299899e-01
    outer loop
      vertex   1.579710e-02 -1.999997e-04 -6.929286e-03
      vertex   1.652828e-02 -5.960472e-11 -4.185567e-03
      vertex   1.672216e-02 -1.999997e-04 -4.234664e-03
    endloop
  endfacet
  facet normal  6.986561e-01  7.058949e-01 -1.165851e-01
    outer loop
      vertex   1.672216e-02 -1.999997e-04 -4.234664e-03
      vertex   1.652828e-02 -5.960472e-11 -4.185567e-03
      vertex   1.699178e-02 -5.960471e-11 -1.408017e-03
    endloop
  endfacet
  facet normal  6.986557e-01  7.058953e-01 -1.165851e-01
    outer loop
      vertex   1.672216e-02 -1.999997e-04 -4.234664e-03
      vertex   1.699178e-02 -5.960471e-11 -1.408017e-03
      vertex   1.719109e-02 -1.999997e-04 -1.424533e-03
    endloop
  endfacet
  facet normal  7.083163e-01  7.058952e-01  0.000000e+00
    outer loop
      vertex   1.719109e-02 -1.999997e-04 -1.424533e-03
      vertex   1.699178e-02 -5.960471e-11 -1.408017e-03
      vertex   1.699178e-02 -5.960470e-11  1.407938e-03
    endloop
  endfacet
  facet normal  7.083162e-01  7.058953e-01 -0.000000e+00
    outer loop
      vertex   1.719109e-02 -1.999997e-04 -1.424533e-03
      vertex   1.699178e-02 -5.960470e-11  1.407938e-03
      vertex   1.719109e-02 -1.999997e-04  1.424454e-03
    endloop
  endfacet
  facet normal  6.986557e-01  7.058952e-01  1.165851e-01
    outer loop
      vertex   1.719109e-02 -1.999997e-04  1.424454e-03
      vertex   1.699178e-02 -5.960470e-11  1.407938e-03
      vertex   1.652828e-02 -5.960468e-11  4.185488e-03
    endloop
  endfacet
  facet normal  6.986561e-01  7.058949e-01  1.165852e-01
    outer loop
      vertex   1.719109e-02 -1.999997e-04  1.424454e-03
      vertex   1.652828e-02 -5.960468e-11  4.185488e-03
      vertex   1.672216e-02 -1.999997e-04  4.234585e-03
    endloop
  endfacet
  facet normal  6.699380e-01  7.058949e-01  2.299899e-01
    outer loop
      vertex   1.672216e-02 -1.999997e-04  4.234585e-03
      vertex   1.652828e-02 -5.960468e-11  4.185488e-03
      vertex   1.561395e-02 -5.960467e-11  6.848868e-03
    endloop
  endfacet
  facet normal  6.699376e-01  7.058955e-01  2.299897e-01
    outer loop
      vertex   1.672216e-02 -1.999997e-04  4.234585e-03
      vertex   1.561395e-02 -5.960467e-11  6.848868e-03
      vertex   1.579710e-02 -1.999997e-04  6.929207e-03
    endloop
  endfacet
  facet normal  6.229452e-01  7.058955e-01  3.371211e-01
    outer loop
      vertex   1.579710e-02 -1.999997e-04  6.929207e-03
      vertex   1.561395e-02 -5.960467e-11  6.848868e-03
      vertex   1.427370e-02 -5.960465e-11  9.325427e-03
    endloop
  endfacet
  facet normal  6.229448e-01  7.058963e-01  3.371207e-01
    outer loop
      vertex   1.579710e-02 -1.999997e-04  6.929207e-03
      vertex   1.427370e-02 -5.960465e-11  9.325427e-03
      vertex   1.444113e-02 -1.999997e-04  9.434816e-03
    endloop
  endfacet
  facet normal  5.589603e-01  7.058963e-01  4.350561e-01
    outer loop
      vertex   1.444113e-02 -1.999997e-04  9.434816e-03
      vertex   1.427370e-02 -5.960465e-11  9.325427e-03
      vertex   1.254410e-02 -5.960465e-11  1.154761e-02
    endloop
  endfacet
  facet normal  5.589606e-01  7.058958e-01  4.350564e-01
    outer loop
      vertex   1.444113e-02 -1.999997e-04  9.434816e-03
      vertex   1.254410e-02 -5.960465e-11  1.154761e-02
      vertex   1.269125e-02 -1.999997e-04  1.168307e-02
    endloop
  endfacet
  facet normal  4.797290e-01  7.058960e-01  5.211247e-01
    outer loop
      vertex   1.269125e-02 -1.999997e-04  1.168307e-02
      vertex   1.254410e-02 -5.960465e-11  1.154761e-02
      vertex   1.047234e-02 -5.960463e-11  1.345481e-02
    endloop
  endfacet
  facet normal  4.797291e-01  7.058958e-01  5.211248e-01
    outer loop
      vertex   1.269125e-02 -1.999997e-04  1.168307e-02
      vertex   1.047234e-02 -5.960463e-11  1.345481e-02
      vertex   1.059518e-02 -1.999997e-04  1.361263e-02
    endloop
  endfacet
  facet normal  3.874120e-01  7.058957e-01  5.929783e-01
    outer loop
      vertex   1.059518e-02 -1.999997e-04  1.361263e-02
      vertex   1.047234e-02 -5.960463e-11  1.345481e-02
      vertex   8.114913e-03 -5.960463e-11  1.499499e-02
    endloop
  endfacet
  facet normal  3.874112e-01  7.058975e-01  5.929766e-01
    outer loop
      vertex   1.059518e-02 -1.999997e-04  1.361263e-02
      vertex   8.114913e-03 -5.960463e-11  1.499499e-02
      vertex   8.210103e-03 -1.999997e-04  1.517088e-02
    endloop
  endfacet
  facet normal  2.845264e-01  7.058975e-01  6.486552e-01
    outer loop
      vertex   8.210103e-03 -1.999997e-04  1.517088e-02
      vertex   8.114913e-03 -5.960463e-11  1.499499e-02
      vertex   5.536136e-03 -5.960462e-11  1.612614e-02
    endloop
  endfacet
  facet normal  2.845270e-01  7.058955e-01  6.486571e-01
    outer loop
      vertex   8.210103e-03 -1.999997e-04  1.517088e-02
      vertex   5.536136e-03 -5.960462e-11  1.612614e-02
      vertex   5.601075e-03 -1.999997e-04  1.631531e-02
    endloop
  endfacet
  facet normal  1.738813e-01  7.058955e-01  6.866418e-01
    outer loop
      vertex   5.601075e-03 -1.999997e-04  1.631531e-02
      vertex   5.536136e-03 -5.960462e-11  1.612614e-02
      vertex   2.806348e-03 -5.960461e-11  1.681742e-02
    endloop
  endfacet
  facet normal  1.738810e-01  7.058976e-01  6.866396e-01
    outer loop
      vertex   5.601075e-03 -1.999997e-04  1.631531e-02
      vertex   2.806348e-03 -5.960461e-11  1.681742e-02
      vertex   2.839267e-03 -1.999997e-04  1.701469e-02
    endloop
  endfacet
  facet normal  5.849217e-02  7.058976e-01  7.058946e-01
    outer loop
      vertex   2.839267e-03 -1.999997e-04  1.701469e-02
      vertex   2.806348e-03 -5.960461e-11  1.681742e-02
      vertex   9.905194e-09 -5.960461e-11  1.704996e-02
    endloop
  endfacet
  facet normal  5.849208e-02  7.058961e-01  7.058961e-01
    outer loop
      vertex   2.839267e-03 -1.999997e-04  1.701469e-02
      vertex   9.905194e-09 -5.960461e-11  1.704996e-02
      vertex   9.905194e-09 -1.999997e-04  1.724996e-02
    endloop
  endfacet
  facet normal -5.849229e-02  7.058961e-01  7.058961e-01
    outer loop
      vertex   9.905194e-09 -1.999997e-04  1.724996e-02
      vertex   9.905194e-09 -5.960461e-11  1.704996e-02
      vertex  -2.806328e-03 -5.960461e-11  1.681742e-02
    endloop
  endfacet
  facet normal -5.849196e-02  7.058976e-01  7.058947e-01
    outer loop
      vertex   9.905194e-09 -1.999997e-04  1.724996e-02
      vertex  -2.806328e-03 -5.960461e-11  1.681742e-02
      vertex  -2.839247e-03 -1.999997e-04  1.701469e-02
    endloop
  endfacet
  facet normal -1.738807e-01  7.058976e-01  6.866397e-01
    outer loop
      vertex  -2.839247e-03 -1.999997e-04  1.701469e-02
      vertex  -2.806328e-03 -5.960461e-11  1.681742e-02
      vertex  -5.536116e-03 -5.960461e-11  1.612614e-02
    endloop
  endfacet
  facet normal -1.738815e-01  7.058955e-01  6.866416e-01
    outer loop
      vertex  -2.839247e-03 -1.999997e-04  1.701469e-02
      vertex  -5.536116e-03 -5.960461e-11  1.612614e-02
      vertex  -5.601056e-03 -1.999997e-04  1.631531e-02
    endloop
  endfacet
  facet normal -2.845273e-01  7.058955e-01  6.486569e-01
    outer loop
      vertex  -5.601056e-03 -1.999997e-04  1.631531e-02
      vertex  -5.536116e-03 -5.960461e-11  1.612614e-02
      vertex  -8.114893e-03 -5.960461e-11  1.499499e-02
    endloop
  endfacet
  facet normal -2.845263e-01  7.058974e-01  6.486552e-01
    outer loop
      vertex  -5.601056e-03 -1.999997e-04  1.631531e-02
      vertex  -8.114893e-03 -5.960461e-11  1.499499e-02
      vertex  -8.210083e-03 -1.999997e-04  1.517088e-02
    endloop
  endfacet
  facet normal -3.874111e-01  7.058974e-01  5.929769e-01
    outer loop
      vertex  -8.210083e-03 -1.999997e-04  1.517088e-02
      vertex  -8.114893e-03 -5.960461e-11  1.499499e-02
      vertex  -1.047232e-02 -5.960461e-11  1.345481e-02
    endloop
  endfacet
  facet normal -3.874121e-01  7.058958e-01  5.929780e-01
    outer loop
      vertex  -8.210083e-03 -1.999997e-04  1.517088e-02
      vertex  -1.047232e-02 -5.960461e-11  1.345481e-02
      vertex  -1.059516e-02 -1.999997e-04  1.361263e-02
    endloop
  endfacet
  facet normal -4.797292e-01  7.058958e-01  5.211248e-01
    outer loop
      vertex  -1.059516e-02 -1.999997e-04  1.361263e-02
      vertex  -1.047232e-02 -5.960461e-11  1.345481e-02
      vertex  -1.254408e-02 -5.960462e-11  1.154761e-02
    endloop
  endfacet
  facet normal -4.797290e-01  7.058960e-01  5.211247e-01
    outer loop
      vertex  -1.059516e-02 -1.999997e-04  1.361263e-02
      vertex  -1.254408e-02 -5.960462e-11  1.154761e-02
      vertex  -1.269123e-02 -1.999997e-04  1.168307e-02
    endloop
  endfacet
  facet normal -5.589606e-01  7.058960e-01  4.350563e-01
    outer loop
      vertex  -1.269123e-02 -1.999997e-04  1.168307e-02
      vertex  -1.254408e-02 -5.960462e-11  1.154761e-02
      vertex  -1.427368e-02 -5.960463e-11  9.325427e-03
    endloop
  endfacet
  facet normal -5.589602e-01  7.058963e-01  4.350561e-01
    outer loop
      vertex  -1.269123e-02 -1.999997e-04  1.168307e-02
      vertex  -1.427368e-02 -5.960463e-11  9.325427e-03
      vertex  -1.444111e-02 -1.999997e-04  9.434816e-03
    endloop
  endfacet
  facet normal -6.229446e-01  7.058964e-01  3.371207e-01
    outer loop
      vertex  -1.444111e-02 -1.999997e-04  9.434816e-03
      vertex  -1.427368e-02 -5.960463e-11  9.325427e-03
      vertex  -1.561392e-02 -5.960464e-11  6.848868e-03
    endloop
  endfacet
  facet normal -6.229425e-01  7.058985e-01  3.371199e-01
    outer loop
      vertex  -1.444111e-02 -1.999997e-04  9.434816e-03
      vertex  -1.561392e-02 -5.960464e-11  6.848868e-03
      vertex  -1.579708e-02 -1.999997e-04  6.929207e-03
    endloop
  endfacet
  facet normal -6.699345e-01  7.058987e-01  2.299892e-01
    outer loop
      vertex  -1.579708e-02 -1.999997e-04  6.929207e-03
      vertex  -1.561392e-02 -5.960464e-11  6.848868e-03
      vertex  -1.652827e-02 -5.960465e-11  4.185488e-03
    endloop
  endfacet
  facet normal -6.699381e-01  7.058949e-01  2.299899e-01
    outer loop
      vertex  -1.579708e-02 -1.999997e-04  6.929207e-03
      vertex  -1.652827e-02 -5.960465e-11  4.185488e-03
      vertex  -1.672214e-02 -1.999997e-04  4.234585e-03
    endloop
  endfacet
  facet normal -6.986561e-01  7.058949e-01  1.165851e-01
    outer loop
      vertex  -1.672214e-02 -1.999997e-04  4.234585e-03
      vertex  -1.652827e-02 -5.960465e-11  4.185488e-03
      vertex  -1.699176e-02 -5.960466e-11  1.407938e-03
    endloop
  endfacet
  facet normal -6.986557e-01  7.058953e-01  1.165851e-01
    outer loop
      vertex  -1.672214e-02 -1.999997e-04  4.234585e-03
      vertex  -1.699176e-02 -5.960466e-11  1.407938e-03
      vertex  -1.719107e-02 -1.999997e-04  1.424454e-03
    endloop
  endfacet
  facet normal -7.083163e-01  7.058952e-01  0.000000e+00
    outer loop
      vertex  -1.719107e-02 -1.999997e-04  1.424454e-03
      vertex  -1.699176e-02 -5.960466e-11  1.407938e-03
      vertex  -1.699176e-02 -5.960467e-11 -1.408017e-03
    endloop
  endfacet
  facet normal -7.083162e-01  7.058953e-01  0.000000e+00
    outer loop
      vertex  -1.719107e-02 -1.999997e-04  1.424454e-03
      vertex  -1.699176e-02 -5.960467e-11 -1.408017e-03
      vertex  -1.719107e-02 -1.999997e-04 -1.424533e-03
    endloop
  endfacet
  facet normal -6.986557e-01  7.058952e-01 -1.165851e-01
    outer loop
      vertex  -1.719107e-02 -1.999997e-04 -1.424533e-03
      vertex  -1.699176e-02 -5.960467e-11 -1.408017e-03
      vertex  -1.652827e-02 -5.960468e-11 -4.185567e-03
    endloop
  endfacet
  facet normal -6.986561e-01  7.058949e-01 -1.165852e-01
    outer loop
      vertex  -1.719107e-02 -1.999997e-04 -1.424533e-03
      vertex  -1.652827e-02 -5.960468e-11 -4.185567e-03
      vertex  -1.672214e-02 -1.999997e-04 -4.234664e-03
    endloop
  endfacet
  facet normal -6.699379e-01  7.058949e-01 -2.299903e-01
    outer loop
      vertex  -1.672214e-02 -1.999997e-04 -4.234664e-03
      vertex  -1.652827e-02 -5.960468e-11 -4.185567e-03
      vertex  -1.561392e-02 -5.960470e-11 -6.848947e-03
    endloop
  endfacet
  facet normal -6.699346e-01  7.058986e-01 -2.299887e-01
    outer loop
      vertex  -1.672214e-02 -1.999997e-04 -4.234664e-03
      vertex  -1.561392e-02 -5.960470e-11 -6.848947e-03
      vertex  -1.579708e-02 -1.999997e-04 -6.929286e-03
    endloop
  endfacet
  facet normal -6.229427e-01  7.058985e-01 -3.371198e-01
    outer loop
      vertex  -1.579708e-02 -1.999997e-04 -6.929286e-03
      vertex  -1.561392e-02 -5.960470e-11 -6.848947e-03
      vertex  -1.427368e-02 -5.960471e-11 -9.325505e-03
    endloop
  endfacet
  facet normal -6.229442e-01  7.058965e-01 -3.371210e-01
    outer loop
      vertex  -1.579708e-02 -1.999997e-04 -6.929286e-03
      vertex  -1.427368e-02 -5.960471e-11 -9.325505e-03
      vertex  -1.444111e-02 -1.999997e-04 -9.434895e-03
    endloop
  endfacet
  facet normal -5.589603e-01  7.058963e-01 -4.350561e-01
    outer loop
      vertex  -1.444111e-02 -1.999997e-04 -9.434895e-03
      vertex  -1.427368e-02 -5.960471e-11 -9.325505e-03
      vertex  -1.254408e-02 -5.960472e-11 -1.154769e-02
    endloop
  endfacet
  facet normal -5.589606e-01  7.058958e-01 -4.350564e-01
    outer loop
      vertex  -1.444111e-02 -1.999997e-04 -9.434895e-03
      vertex  -1.254408e-02 -5.960472e-11 -1.154769e-02
      vertex  -1.269123e-02 -1.999997e-04 -1.168315e-02
    endloop
  endfacet
  facet normal -4.797290e-01  7.058960e-01 -5.211247e-01
    outer loop
      vertex  -1.269123e-02 -1.999997e-04 -1.168315e-02
      vertex  -1.254408e-02 -5.960472e-11 -1.154769e-02
      vertex  -1.047232e-02 -5.960473e-11 -1.345489e-02
    endloop
  endfacet
  facet normal -4.797291e-01  7.058958e-01 -5.211248e-01
    outer loop
      vertex  -1.269123e-02 -1.999997e-04 -1.168315e-02
      vertex  -1.047232e-02 -5.960473e-11 -1.345489e-02
      vertex  -1.059516e-02 -1.999997e-04 -1.361271e-02
    endloop
  endfacet
  facet normal -3.874120e-01  7.058957e-01 -5.929783e-01
    outer loop
      vertex  -1.059516e-02 -1.999997e-04 -1.361271e-02
      vertex  -1.047232e-02 -5.960473e-11 -1.345489e-02
      vertex  -8.114893e-03 -5.960474e-11 -1.499507e-02
    endloop
  endfacet
  facet normal -3.874112e-01  7.058975e-01 -5.929766e-01
    outer loop
      vertex  -1.059516e-02 -1.999997e-04 -1.361271e-02
      vertex  -8.114893e-03 -5.960474e-11 -1.499507e-02
      vertex  -8.210083e-03 -1.999997e-04 -1.517096e-02
    endloop
  endfacet
  facet normal -2.845265e-01  7.058975e-01 -6.486551e-01
    outer loop
      vertex  -8.210083e-03 -1.999997e-04 -1.517096e-02
      vertex  -8.114893e-03 -5.960474e-11 -1.499507e-02
      vertex  -5.536116e-03 -5.960474e-11 -1.612622e-02
    endloop
  endfacet
  facet normal -2.845270e-01  7.058955e-01 -6.486569e-01
    outer loop
      vertex  -8.210083e-03 -1.999997e-04 -1.517096e-02
      vertex  -5.536116e-03 -5.960474e-11 -1.612622e-02
      vertex  -5.601056e-03 -1.999997e-04 -1.631539e-02
    endloop
  endfacet
  facet normal -1.738812e-01  7.058955e-01 -6.866418e-01
    outer loop
      vertex  -5.601056e-03 -1.999997e-04 -1.631539e-02
      vertex  -5.536116e-03 -5.960474e-11 -1.612622e-02
      vertex  -2.806328e-03 -5.960475e-11 -1.681750e-02
    endloop
  endfacet
  facet normal -1.738810e-01  7.058975e-01 -6.866397e-01
    outer loop
      vertex  -5.601056e-03 -1.999997e-04 -1.631539e-02
      vertex  -2.806328e-03 -5.960475e-11 -1.681750e-02
      vertex  -2.839247e-03 -1.999997e-04 -1.701477e-02
    endloop
  endfacet
  facet normal -5.849217e-02  7.058976e-01 -7.058946e-01
    outer loop
      vertex  -2.839247e-03 -1.999997e-04 -1.701477e-02
      vertex  -2.806328e-03 -5.960475e-11 -1.681750e-02
      vertex   9.905194e-09 -5.960475e-11 -1.705004e-02
    endloop
  endfacet
  facet normal -5.849208e-02  7.058961e-01 -7.058961e-01
    outer loop
      vertex  -2.839247e-03 -1.999997e-04 -1.701477e-02
      vertex   9.905194e-09 -5.960475e-11 -1.705004e-02
      vertex   9.905194e-09 -1.999997e-04 -1.725004e-02
    endloop
  endfacet
  facet normal  5.849229e-02  7.058961e-01 -7.058961e-01
    outer loop
      vertex   9.905194e-09 -1.999997e-04 -1.725004e-02
      vertex   9.905194e-09 -5.960475e-11 -1.705004e-02
      vertex   2.806348e-03 -5.960476e-11 -1.681750e-02
    endloop
  endfacet
  facet normal  5.849196e-02 -7.058976e-01  7.058947e-01
    outer loop
      vertex   9.905194e-09 -1.080000e-02  1.724996e-02
      vertex   2.806348e-03 -1.100000e-02  1.681742e-02
      vertex   2.839267e-03 -1.080000e-02  1.701469e-02
    endloop
  endfacet
  facet normal  1.738807e-01 -7.058976e-01  6.866397e-01
    outer loop
      vertex   2.839267e-03 -1.080000e-02  1.701469e-02
      vertex   2.806348e-03 -1.100000e-02  1.681742e-02
      vertex   5.536136e-03 -1.100000e-02  1.612614e-02
    endloop
  endfacet
  facet normal  1.738815e-01 -7.058955e-01  6.866416e-01
    outer loop
      vertex   2.839267e-03 -1.080000e-02  1.701469e-02
      vertex   5.536136e-03 -1.100000e-02  1.612614e-02
      vertex   5.601075e-03 -1.080000e-02  1.631531e-02
    endloop
  endfacet
  facet normal  2.845272e-01 -7.058955e-01  6.486569e-01
    outer loop
      vertex   5.601075e-03 -1.080000e-02  1.631531e-02
      vertex   5.536136e-03 -1.100000e-02  1.612614e-02
      vertex   8.114913e-03 -1.100000e-02  1.499499e-02
    endloop
  endfacet
  facet normal  2.845262e-01 -7.058975e-01  6.486553e-01
    outer loop
      vertex   5.601075e-03 -1.080000e-02  1.631531e-02
      vertex   8.114913e-03 -1.100000e-02  1.499499e-02
      vertex   8.210103e-03 -1.080000e-02  1.517088e-02
    endloop
  endfacet
  facet normal  3.874111e-01 -7.058974e-01  5.929769e-01
    outer loop
      vertex   8.210103e-03 -1.080000e-02  1.517088e-02
      vertex   8.114913e-03 -1.100000e-02  1.499499e-02
      vertex   1.047234e-02 -1.100000e-02  1.345481e-02
    endloop
  endfacet
  facet normal  3.874121e-01 -7.058958e-01  5.929780e-01
    outer loop
      vertex   8.210103e-03 -1.080000e-02  1.517088e-02
      vertex   1.047234e-02 -1.100000e-02  1.345481e-02
      vertex   1.059518e-02 -1.080000e-02  1.361263e-02
    endloop
  endfacet
  facet normal  4.797292e-01 -7.058958e-01  5.211248e-01
    outer loop
      vertex   1.059518e-02 -1.080000e-02  1.361263e-02
      vertex   1.047234e-02 -1.100000e-02  1.345481e-02
      vertex   1.254410e-02 -1.100000e-02  1.154761e-02
    endloop
  endfacet
  facet normal  4.797290e-01 -7.058960e-01  5.211247e-01
    outer loop
      vertex   1.059518e-02 -1.080000e-02  1.361263e-02
      vertex   1.254410e-02 -1.100000e-02  1.154761e-02
      vertex   1.269125e-02 -1.080000e-02  1.168307e-02
    endloop
  endfacet
  facet normal  5.589606e-01 -7.058960e-01  4.350563e-01
    outer loop
      vertex   1.269125e-02 -1.080000e-02  1.168307e-02
      vertex   1.254410e-02 -1.100000e-02  1.154761e-02
      vertex   1.427370e-02 -1.100000e-02  9.325427e-03
    endloop
  endfacet
  facet normal  5.589602e-01 -7.058963e-01  4.350561e-01
    outer loop
      vertex   1.269125e-02 -1.080000e-02  1.168307e-02
      vertex   1.427370e-02 -1.100000e-02  9.325427e-03
      vertex   1.444113e-02 -1.080000e-02  9.434816e-03
    endloop
  endfacet
  facet normal  6.229446e-01 -7.058964e-01  3.371207e-01
    outer loop
      vertex   1.444113e-02 -1.080000e-02  9.434816e-03
      vertex   1.427370e-02 -1.100000e-02  9.325427e-03
      vertex   1.561395e-02 -1.100000e-02  6.848868e-03
    endloop
  endfacet
  facet normal  6.229452e-01 -7.058957e-01  3.371209e-01
    outer loop
      vertex   1.444113e-02 -1.080000e-02  9.434816e-03
      vertex   1.561395e-02 -1.100000e-02  6.848868e-03
      vertex   1.579710e-02 -1.080000e-02  6.929207e-03
    endloop
  endfacet
  facet normal  6.699375e-01 -7.058955e-01  2.299898e-01
    outer loop
      vertex   1.579710e-02 -1.080000e-02  6.929207e-03
      vertex   1.561395e-02 -1.100000e-02  6.848868e-03
      vertex   1.652828e-02 -1.100000e-02  4.185488e-03
    endloop
  endfacet
  facet normal  6.699381e-01 -7.058949e-01  2.299899e-01
    outer loop
      vertex   1.579710e-02 -1.080000e-02  6.929207e-03
      vertex   1.652828e-02 -1.100000e-02  4.185488e-03
      vertex   1.672216e-02 -1.080000e-02  4.234585e-03
    endloop
  endfacet
  facet normal  6.986561e-01 -7.058949e-01  1.165851e-01
    outer loop
      vertex   1.672216e-02 -1.080000e-02  4.234585e-03
      vertex   1.652828e-02 -1.100000e-02  4.185488e-03
      vertex   1.699178e-02 -1.100000e-02  1.407938e-03
    endloop
  endfacet
  facet normal  6.986557e-01 -7.058953e-01  1.165851e-01
    outer loop
      vertex   1.672216e-02 -1.080000e-02  4.234585e-03
      vertex   1.699178e-02 -1.100000e-02  1.407938e-03
      vertex   1.719109e-02 -1.080000e-02  1.424454e-03
    endloop
  endfacet
  facet normal  7.083163e-01 -7.058952e-01  0.000000e+00
    outer loop
      vertex   1.719109e-02 -1.080000e-02  1.424454e-03
      vertex   1.699178e-02 -1.100000e-02  1.407938e-03
      vertex   1.699178e-02 -1.100000e-02 -1.408017e-03
    endloop
  endfacet
  facet normal  7.083162e-01 -7.058953e-01  0.000000e+00
    outer loop
      vertex   1.719109e-02 -1.080000e-02  1.424454e-03
      vertex   1.699178e-02 -1.100000e-02 -1.408017e-03
      vertex   1.719109e-02 -1.080000e-02 -1.424533e-03
    endloop
  endfacet
  facet normal  6.986557e-01 -7.058952e-01 -1.165851e-01
    outer loop
      vertex   1.719109e-02 -1.080000e-02 -1.424533e-03
      vertex   1.699178e-02 -1.100000e-02 -1.408017e-03
      vertex   1.652828e-02 -1.100000e-02 -4.185567e-03
    endloop
  endfacet
  facet normal  6.986561e-01 -7.058949e-01 -1.165852e-01
    outer loop
      vertex   1.719109e-02 -1.080000e-02 -1.424533e-03
      vertex   1.652828e-02 -1.100000e-02 -4.185567e-03
      vertex   1.672216e-02 -1.080000e-02 -4.234664e-03
    endloop
  endfacet
  facet normal  6.699380e-01 -7.058949e-01 -2.299899e-01
    outer loop
      vertex   1.672216e-02 -1.080000e-02 -4.234664e-03
      vertex   1.652828e-02 -1.100000e-02 -4.185567e-03
      vertex   1.561395e-02 -1.100000e-02 -6.848947e-03
    endloop
  endfacet
  facet normal  6.699376e-01 -7.058955e-01 -2.299897e-01
    outer loop
      vertex   1.672216e-02 -1.080000e-02 -4.234664e-03
      vertex   1.561395e-02 -1.100000e-02 -6.848947e-03
      vertex   1.579710e-02 -1.080000e-02 -6.929286e-03
    endloop
  endfacet
  facet normal  6.229452e-01 -7.058956e-01 -3.371212e-01
    outer loop
      vertex   1.579710e-02 -1.080000e-02 -6.929286e-03
      vertex   1.561395e-02 -1.100000e-02 -6.848947e-03
      vertex   1.427370e-02 -1.100000e-02 -9.325505e-03
    endloop
  endfacet
  facet normal  6.229446e-01 -7.058964e-01 -3.371207e-01
    outer loop
      vertex   1.579710e-02 -1.080000e-02 -6.929286e-03
      vertex   1.427370e-02 -1.100000e-02 -9.325505e-03
      vertex   1.444113e-02 -1.080000e-02 -9.434895e-03
    endloop
  endfacet
  facet normal  5.589603e-01 -7.058963e-01 -4.350561e-01
    outer loop
      vertex   1.444113e-02 -1.080000e-02 -9.434895e-03
      vertex   1.427370e-02 -1.100000e-02 -9.325505e-03
      vertex   1.254410e-02 -1.100000e-02 -1.154769e-02
    endloop
  endfacet
  facet normal  5.589606e-01 -7.058958e-01 -4.350564e-01
    outer loop
      vertex   1.444113e-02 -1.080000e-02 -9.434895e-03
      vertex   1.254410e-02 -1.100000e-02 -1.154769e-02
      vertex   1.269125e-02 -1.080000e-02 -1.168315e-02
    endloop
  endfacet
  facet normal  4.797290e-01 -7.058960e-01 -5.211247e-01
    outer loop
      vertex   1.269125e-02 -1.080000e-02 -1.168315e-02
      vertex   1.254410e-02 -1.100000e-02 -1.154769e-02
      vertex   1.047234e-02 -1.100000e-02 -1.345489e-02
    endloop
  endfacet
  facet normal  4.797291e-01 -7.058958e-01 -5.211248e-01
    outer loop
      vertex   1.269125e-02 -1.080000e-02 -1.168315e-02
      vertex   1.047234e-02 -1.100000e-02 -1.345489e-02
      vertex   1.059518e-02 -1.080000e-02 -1.361271e-02
    endloop
  endfacet
  facet normal  3.874120e-01 -7.058957e-01 -5.929783e-01
    outer loop
      vertex   1.059518e-02 -1.080000e-02 -1.361271e-02
      vertex   1.047234e-02 -1.100000e-02 -1.345489e-02
      vertex   8.114913e-03 -1.100000e-02 -1.499507e-02
    endloop
  endfacet
  facet normal  3.874112e-01 -7.058975e-01 -5.929766e-01
    outer loop
      vertex   1.059518e-02 -1.080000e-02 -1.361271e-02
      vertex   8.114913e-03 -1.100000e-02 -1.499507e-02
      vertex   8.210103e-03 -1.080000e-02 -1.517096e-02
    endloop
  endfacet
  facet normal  2.845264e-01 -7.058975e-01 -6.486552e-01
    outer loop
      vertex   8.210103e-03 -1.080000e-02 -1.517096e-02
      vertex   8.114913e-03 -1.100000e-02 -1.499507e-02
      vertex   5.536136e-03 -1.100000e-02 -1.612622e-02
    endloop
  endfacet
  facet normal  2.845270e-01 -7.058955e-01 -6.486571e-01
    outer loop
      vertex   8.210103e-03 -1.080000e-02 -1.517096e-02
      vertex   5.536136e-03 -1.100000e-02 -1.612622e-02
      vertex   5.601075e-03 -1.080000e-02 -1.631539e-02
    endloop
  endfacet
  facet normal  1.738813e-01 -7.058955e-01 -6.866418e-01
    outer loop
      vertex   5.601075e-03 -1.080000e-02 -1.631539e-02
      vertex   5.536136e-03 -1.100000e-02 -1.612622e-02
      vertex   2.806348e-03 -1.100000e-02 -1.681750e-02
    endloop
  endfacet
  facet normal  1.738810e-01 -7.058976e-01 -6.866396e-01
    outer loop
      vertex   5.601075e-03 -1.080000e-02 -1.631539e-02
      vertex   2.806348e-03 -1.100000e-02 -1.681750e-02
      vertex   2.839267e-03 -1.080000e-02 -1.701477e-02
    endloop
  endfacet
  facet normal  5.849217e-02 -7.058976e-01 -7.058946e-01
    outer loop
      vertex   2.839267e-03 -1.080000e-02 -1.701477e-02
      vertex   2.806348e-03 -1.100000e-02 -1.681750e-02
      vertex   9.905194e-09 -1.100000e-02 -1.705004e-02
    endloop
  endfacet
  facet normal  5.849208e-02 -7.058961e-01 -7.058961e-01
    outer loop
      vertex   2.839267e-03 -1.080000e-02 -1.701477e-02
      vertex   9.905194e-09 -1.100000e-02 -1.705004e-02
      vertex   9.905194e-09 -1.080000e-02 -1.725004e-02
    endloop
  endfacet
  facet normal -5.849229e-02 -7.058961e-01 -7.058961e-01
    outer loop
      vertex   9.905194e-09 -1.080000e-02 -1.725004e-02
      vertex   9.905194e-09 -1.100000e-02 -1.705004e-02
      vertex  -2.806328e-03 -1.100000e-02 -1.681750e-02
    endloop
  endfacet
  facet normal -5.849196e-02 -7.058976e-01 -7.058947e-01
    outer loop
      vertex   9.905194e-09 -1.080000e-02 -1.725004e-02
      vertex  -2.806328e-03 -1.100000e-02 -1.681750e-02
      vertex  -2.839247e-03 -1.080000e-02 -1.701477e-02
    endloop
  endfacet
  facet normal -1.738807e-01 -7.058976e-01 -6.866397e-01
    outer loop
      vertex  -2.839247e-03 -1.080000e-02 -1.701477e-02
      vertex  -2.806328e-03 -1.100000e-02 -1.681750e-02
      vertex  -5.536116e-03 -1.100000e-02 -1.612622e-02
    endloop
  endfacet
  facet normal -1.738815e-01 -7.058955e-01 -6.866416e-01
    outer loop
      vertex  -2.839247e-03 -1.080000e-02 -1.701477e-02
      vertex  -5.536116e-03 -1.100000e-02 -1.612622e-02
      vertex  -5.601056e-03 -1.080000e-02 -1.631539e-02
    endloop
  endfacet
  facet normal -2.845273e-01 -7.058955e-01 -6.486569e-01
    outer loop
      vertex  -5.601056e-03 -1.080000e-02 -1.631539e-02
      vertex  -5.536116e-03 -1.100000e-02 -1.612622e-02
      vertex  -8.114893e-03 -1.100000e-02 -1.499507e-02
    endloop
  endfacet
  facet normal -2.845263e-01 -7.058974e-01 -6.486552e-01
    outer loop
      vertex  -5.601056e-03 -1.080000e-02 -1.631539e-02
      vertex  -8.114893e-03 -1.100000e-02 -1.499507e-02
      vertex  -8.210083e-03 -1.080000e-02 -1.517096e-02
    endloop
  endfacet
  facet normal -3.874111e-01 -7.058974e-01 -5.929769e-01
    outer loop
      vertex  -8.210083e-03 -1.080000e-02 -1.517096e-02
      vertex  -8.114893e-03 -1.100000e-02 -1.499507e-02
      vertex  -1.047232e-02 -1.100000e-02 -1.345489e-02
    endloop
  endfacet
  facet normal -3.874121e-01 -7.058958e-01 -5.929780e-01
    outer loop
      vertex  -8.210083e-03 -1.080000e-02 -1.517096e-02
      vertex  -1.047232e-02 -1.100000e-02 -1.345489e-02
      vertex  -1.059516e-02 -1.080000e-02 -1.361271e-02
    endloop
  endfacet
  facet normal -4.797292e-01 -7.058958e-01 -5.211248e-01
    outer loop
      vertex  -1.059516e-02 -1.080000e-02 -1.361271e-02
      vertex  -1.047232e-02 -1.100000e-02 -1.345489e-02
      vertex  -1.254408e-02 -1.100000e-02 -1.154769e-02
    endloop
  endfacet
  facet normal -4.797290e-01 -7.058960e-01 -5.211247e-01
    outer loop
      vertex  -1.059516e-02 -1.080000e-02 -1.361271e-02
      vertex  -1.254408e-02 -1.100000e-02 -1.154769e-02
      vertex  -1.269123e-02 -1.080000e-02 -1.168315e-02
    endloop
  endfacet
  facet normal -5.589606e-01 -7.058960e-01 -4.350563e-01
    outer loop
      vertex  -1.269123e-02 -1.080000e-02 -1.168315e-02
      vertex  -1.254408e-02 -1.100000e-02 -1.154769e-02
      vertex  -1.427368e-02 -1.100000e-02 -9.325505e-03
    endloop
  endfacet
  facet normal -5.589602e-01 -7.058963e-01 -4.350561e-01
    outer loop
      vertex  -1.269123e-02 -1.080000e-02 -1.168315e-02
      vertex  -1.427368e-02 -1.100000e-02 -9.325505e-03
      vertex  -1.444111e-02 -1.080000e-02 -9.434895e-03
    endloop
  endfacet
  facet normal -6.229445e-01 -7.058964e-01 -3.371208e-01
    outer loop
      vertex  -1.444111e-02 -1.080000e-02 -9.434895e-03
      vertex  -1.427368e-02 -1.100000e-02 -9.325505e-03
      vertex  -1.561392e-02 -1.100000e-02 -6.848947e-03
    endloop
  endfacet
  facet normal -6.229426e-01 -7.058983e-01 -3.371201e-01
    outer loop
      vertex  -1.444111e-02 -1.080000e-02 -9.434895e-03
      vertex  -1.561392e-02 -1.100000e-02 -6.848947e-03
      vertex  -1.579708e-02 -1.080000e-02 -6.929286e-03
    endloop
  endfacet
  facet normal -6.699345e-01 -7.058987e-01 -2.299892e-01
    outer loop
      vertex  -1.579708e-02 -1.080000e-02 -6.929286e-03
      vertex  -1.561392e-02 -1.100000e-02 -6.848947e-03
      vertex  -1.652827e-02 -1.100000e-02 -4.185567e-03
    endloop
  endfacet
  facet normal -6.699381e-01 -7.058949e-01 -2.299899e-01
    outer loop
      vertex  -1.579708e-02 -1.080000e-02 -6.929286e-03
      vertex  -1.652827e-02 -1.100000e-02 -4.185567e-03
      vertex  -1.672214e-02 -1.080000e-02 -4.234664e-03
    endloop
  endfacet
  facet normal -6.986561e-01 -7.058949e-01 -1.165851e-01
    outer loop
      vertex  -1.672214e-02 -1.080000e-02 -4.234664e-03
      vertex  -1.652827e-02 -1.100000e-02 -4.185567e-03
      vertex  -1.699176e-02 -1.100000e-02 -1.408017e-03
    endloop
  endfacet
  facet normal -6.986557e-01 -7.058953e-01 -1.165851e-01
    outer loop
      vertex  -1.672214e-02 -1.080000e-02 -4.234664e-03
      vertex  -1.699176e-02 -1.100000e-02 -1.408017e-03
      vertex  -1.719107e-02 -1.080000e-02 -1.424533e-03
    endloop
  endfacet
  facet normal -7.083163e-01 -7.058952e-01  0.000000e+00
    outer loop
      vertex  -1.719107e-02 -1.080000e-02 -1.424533e-03
      vertex  -1.699176e-02 -1.100000e-02 -1.408017e-03
      vertex  -1.699176e-02 -1.100000e-02  1.407938e-03
    endloop
  endfacet
  facet normal -7.083162e-01 -7.058953e-01  0.000000e+00
    outer loop
      vertex  -1.719107e-02 -1.080000e-02 -1.424533e-03
      vertex  -1.699176e-02 -1.100000e-02  1.407938e-03
      vertex  -1.719107e-02 -1.080000e-02  1.424454e-03
    endloop
  endfacet
  facet normal -6.986557e-01 -7.058952e-01  1.165851e-01
    outer loop
      vertex  -1.719107e-02 -1.080000e-02  1.424454e-03
      vertex  -1.699176e-02 -1.100000e-02  1.407938e-03
      vertex  -1.652827e-02 -1.100000e-02  4.185488e-03
    endloop
  endfacet
  facet normal -6.986561e-01 -7.058949e-01  1.165852e-01
    outer loop
      vertex  -1.719107e-02 -1.080000e-02  1.424454e-03
      vertex  -1.652827e-02 -1.100000e-02  4.185488e-03
      vertex  -1.672214e-02 -1.080000e-02  4.234585e-03
    endloop
  endfacet
  facet normal -6.699379e-01 -7.058949e-01  2.299903e-01
    outer loop
      vertex  -1.672214e-02 -1.080000e-02  4.234585e-03
      vertex  -1.652827e-02 -1.100000e-02  4.185488e-03
      vertex  -1.561392e-02 -1.100000e-02  6.848868e-03
    endloop
  endfacet
  facet normal -6.699346e-01 -7.058986e-01  2.299887e-01
    outer loop
      vertex  -1.672214e-02 -1.080000e-02  4.234585e-03
      vertex  -1.561392e-02 -1.100000e-02  6.848868e-03
      vertex  -1.579708e-02 -1.080000e-02  6.929207e-03
    endloop
  endfacet
  facet normal -6.229427e-01 -7.058985e-01  3.371197e-01
    outer loop
      vertex  -1.579708e-02 -1.080000e-02  6.929207e-03
      vertex  -1.561392e-02 -1.100000e-02  6.848868e-03
      vertex  -1.427368e-02 -1.100000e-02  9.325427e-03
    endloop
  endfacet
  facet normal -6.229444e-01 -7.058964e-01  3.371210e-01
    outer loop
      vertex  -1.579708e-02 -1.080000e-02  6.929207e-03
      vertex  -1.427368e-02 -1.100000e-02  9.325427e-03
      vertex  -1.444111e-02 -1.080000e-02  9.434816e-03
    endloop
  endfacet
  facet normal -5.589603e-01 -7.058963e-01  4.350561e-01
    outer loop
      vertex  -1.444111e-02 -1.080000e-02  9.434816e-03
      vertex  -1.427368e-02 -1.100000e-02  9.325427e-03
      vertex  -1.254408e-02 -1.100000e-02  1.154761e-02
    endloop
  endfacet
  facet normal -5.589606e-01 -7.058958e-01  4.350564e-01
    outer loop
      vertex  -1.444111e-02 -1.080000e-02  9.434816e-03
      vertex  -1.254408e-02 -1.100000e-02  1.154761e-02
      vertex  -1.269123e-02 -1.080000e-02  1.168307e-02
    endloop
  endfacet
  facet normal -4.797290e-01 -7.058960e-01  5.211247e-01
    outer loop
      vertex  -1.269123e-02 -1.080000e-02  1.168307e-02
      vertex  -1.254408e-02 -1.100000e-02  1.154761e-02
      vertex  -1.047232e-02 -1.100000e-02  1.345481e-02
    endloop
  endfacet
  facet normal -4.797291e-01 -7.058958e-01  5.211248e-01
    outer loop
      vertex  -1.269123e-02 -1.080000e-02  1.168307e-02
      vertex  -1.047232e-02 -1.100000e-02  1.345481e-02
      vertex  -1.059516e-02 -1.080000e-02  1.361263e-02
    endloop
  endfacet
  facet normal -3.874120e-01 -7.058957e-01  5.929783e-01
    outer loop
      vertex  -1.059516e-02 -1.080000e-02  1.361263e-02
      vertex  -1.047232e-02 -1.100000e-02  1.345481e-02
      vertex  -8.114893e-03 -1.100000e-02  1.499499e-02
    endloop
  endfacet
  facet normal -3.874112e-01 -7.058975e-01  5.929766e-01
    outer loop
      vertex  -1.059516e-02 -1.080000e-02  1.361263e-02
      vertex  -8.114893e-03 -1.100000e-02  1.499499e-02
      vertex  -8.210083e-03 -1.080000e-02  1.517088e-02
    endloop
  endfacet
  facet normal -2.845265e-01 -7.058975e-01  6.486551e-01
    outer loop
      vertex  -8.210083e-03 -1.080000e-02  1.517088e-02
      vertex  -8.114893e-03 -1.100000e-02  1.499499e-02
      vertex  -5.536116e-03 -1.100000e-02  1.612614e-02
    endloop
  endfacet
  facet normal -2.845270e-01 -7.058955e-01  6.486569e-01
    outer loop
      vertex  -8.210083e-03 -1.080000e-02  1.517088e-02
      vertex  -5.536116e-03 -1.100000e-02  1.612614e-02
      vertex  -5.601056e-03 -1.080000e-02  1.631531e-02
    endloop
  endfacet
  facet normal -1.738812e-01 -7.058955e-01  6.866418e-01
    outer loop
      vertex  -5.601056e-03 -1.080000e-02  1.631531e-02
      vertex  -5.536116e-03 -1.100000e-02  1.612614e-02
      vertex  -2.806328e-03 -1.100000e-02  1.681742e-02
    endloop
  endfacet
  facet normal -1.738810e-01 -7.058975e-01  6.866397e-01
    outer loop
      vertex  -5.601056e-03 -1.080000e-02  1.631531e-02
      vertex  -2.806328e-03 -1.100000e-02  1.681742e-02
      vertex  -2.839247e-03 -1.080000e-02  1.701469e-02
    endloop
  endfacet
  facet normal -5.849217e-02 -7.058976e-01  7.058946e-01
    outer loop
      vertex  -2.839247e-03 -1.080000e-02  1.701469e-02
      vertex  -2.806328e-03 -1.100000e-02  1.681742e-02
      vertex   9.905194e-09 -1.100000e-02  1.704996e-02
    endloop
  endfacet
  facet normal -5.849208e-02 -7.058961e-01  7.058961e-01
    outer loop
      vertex  -2.839247e-03 -1.080000e-02  1.701469e-02
      vertex   9.905194e-09 -1.100000e-02  1.704996e-02
      vertex   9.905194e-09 -1.080000e-02  1.724996e-02
    endloop
  endfacet
  facet normal  5.849229e-02 -7.058961e-01  7.058961e-01
    outer loop
      vertex   9.905194e-09 -1.080000e-02  1.724996e-02
      vertex   9.905194e-09 -1.100000e-02  1.704996e-02
      vertex   2.806348e-03 -1.100000e-02  1.681742e-02
    endloop
  endfacet
  facet normal -5.102027e-01  8.491195e-01 -1.367083e-01
    outer loop
      vertex  -6.717490e-03 -7.015882e-03  6.717460e-03
      vertex  -5.829814e-03 -6.400000e-03  7.229961e-03
      vertex  -5.692490e-03 -6.400000e-03  6.717460e-03
    endloop
  endfacet
  facet normal -3.734943e-01  8.491196e-01 -3.734943e-01
    outer loop
      vertex  -6.204990e-03 -6.400000e-03  7.605136e-03
      vertex  -5.829814e-03 -6.400000e-03  7.229961e-03
      vertex  -6.717490e-03 -7.015882e-03  6.717460e-03
    endloop
  endfacet
  facet normal -1.367084e-01  8.491197e-01 -5.102026e-01
    outer loop
      vertex  -6.717490e-03 -6.400000e-03  7.742460e-03
      vertex  -6.204990e-03 -6.400000e-03  7.605136e-03
      vertex  -6.717490e-03 -7.015882e-03  6.717460e-03
    endloop
  endfacet
  facet normal  3.734943e-01  8.491196e-01  3.734943e-01
    outer loop
      vertex  -6.717490e-03 -7.015882e-03  6.717460e-03
      vertex  -7.229990e-03 -6.400000e-03  5.829785e-03
      vertex  -7.605166e-03 -6.400000e-03  6.204960e-03
    endloop
  endfacet
  facet normal  1.367083e-01  8.491195e-01  5.102027e-01
    outer loop
      vertex  -6.717490e-03 -6.400000e-03  5.692461e-03
      vertex  -7.229990e-03 -6.400000e-03  5.829785e-03
      vertex  -6.717490e-03 -7.015882e-03  6.717460e-03
    endloop
  endfacet
  facet normal  3.734942e-01  8.491197e-01 -3.734942e-01
    outer loop
      vertex  -6.717490e-03 -7.015882e-03  6.717460e-03
      vertex  -7.605166e-03 -6.400000e-03  7.229961e-03
      vertex  -7.229990e-03 -6.400000e-03  7.605136e-03
    endloop
  endfacet
  facet normal  5.102025e-01  8.491196e-01 -1.367083e-01
    outer loop
      vertex  -7.742490e-03 -6.400000e-03  6.717460e-03
      vertex  -7.605166e-03 -6.400000e-03  7.229961e-03
      vertex  -6.717490e-03 -7.015882e-03  6.717460e-03
    endloop
  endfacet
  facet normal  5.102025e-01  8.491197e-01  1.367084e-01
    outer loop
      vertex  -7.605166e-03 -6.400000e-03  6.204960e-03
      vertex  -7.742490e-03 -6.400000e-03  6.717460e-03
      vertex  -6.717490e-03 -7.015882e-03  6.717460e-03
    endloop
  endfacet
  facet normal  1.367083e-01  8.491196e-01 -5.102025e-01
    outer loop
      vertex  -7.229990e-03 -6.400000e-03  7.605136e-03
      vertex  -6.717490e-03 -6.400000e-03  7.742460e-03
      vertex  -6.717490e-03 -7.015882e-03  6.717460e-03
    endloop
  endfacet
  facet normal -4.743701e-01  8.557152e-01  2.066994e-01
    outer loop
      vertex  -6.164282e-03 -6.668129e-03  6.547395e-03
      vertex  -6.284275e-03 -6.715311e-03  6.467343e-03
      vertex  -6.717490e-03 -7.015882e-03  6.717460e-03
    endloop
  endfacet
  facet normal -2.083949e-01  8.558097e-01  4.734567e-01
    outer loop
      vertex  -6.717490e-03 -7.015882e-03  6.717460e-03
      vertex  -6.467373e-03 -6.715311e-03  6.284245e-03
      vertex  -6.544521e-03 -6.670514e-03  6.169314e-03
    endloop
  endfacet
  facet normal -1.027648e-01  8.558924e-01  5.068409e-01
    outer loop
      vertex  -6.643381e-03 -6.543612e-03  5.934972e-03
      vertex  -6.717490e-03 -7.015882e-03  6.717460e-03
      vertex  -6.544521e-03 -6.670514e-03  6.169314e-03
    endloop
  endfacet
  facet normal -3.734946e-01  8.491193e-01  3.734946e-01
    outer loop
      vertex  -6.284275e-03 -6.715311e-03  6.467343e-03
      vertex  -6.467373e-03 -6.715311e-03  6.284245e-03
      vertex  -6.717490e-03 -7.015882e-03  6.717460e-03
    endloop
  endfacet
  facet normal -9.059217e-03  8.591939e-01  5.115700e-01
    outer loop
      vertex  -6.681202e-03 -6.400000e-03  5.693103e-03
      vertex  -6.717490e-03 -6.400000e-03  5.692461e-03
      vertex  -6.643381e-03 -6.543612e-03  5.934972e-03
    endloop
  endfacet
  facet normal -2.432834e-02  8.569134e-01  5.148858e-01
    outer loop
      vertex  -6.643381e-03 -6.543612e-03  5.934972e-03
      vertex  -6.717490e-03 -6.400000e-03  5.692461e-03
      vertex  -6.717490e-03 -7.015882e-03  6.717460e-03
    endloop
  endfacet
  facet normal -5.115786e-01  8.591888e-01  9.059368e-03
    outer loop
      vertex  -5.692490e-03 -6.400000e-03  6.717460e-03
      vertex  -5.693133e-03 -6.400000e-03  6.681172e-03
      vertex  -5.934688e-03 -6.543429e-03  6.643439e-03
    endloop
  endfacet
  facet normal -5.070853e-01  8.559790e-01  1.008193e-01
    outer loop
      vertex  -5.934688e-03 -6.543429e-03  6.643439e-03
      vertex  -6.164282e-03 -6.668129e-03  6.547395e-03
      vertex  -6.717490e-03 -7.015882e-03  6.717460e-03
    endloop
  endfacet
  facet normal -5.148863e-01  8.569143e-01  2.428963e-02
    outer loop
      vertex  -5.692490e-03 -6.400000e-03  6.717460e-03
      vertex  -5.934688e-03 -6.543429e-03  6.643439e-03
      vertex  -6.717490e-03 -7.015882e-03  6.717460e-03
    endloop
  endfacet
  facet normal -9.998433e-01  0.000000e+00  1.770588e-02
    outer loop
      vertex  -5.693133e-03 -4.600000e-03  6.681172e-03
      vertex  -5.693133e-03 -6.400000e-03  6.681172e-03
      vertex  -5.692490e-03 -6.400000e-03  6.717460e-03
    endloop
  endfacet
  facet normal -9.659258e-01  0.000000e+00  2.588192e-01
    outer loop
      vertex  -5.829814e-03 -5.960465e-11  6.204960e-03
      vertex  -5.829814e-03 -4.329486e-03  6.204960e-03
      vertex  -5.692490e-03 -5.960465e-11  6.717460e-03
    endloop
  endfacet
  facet normal -9.242931e-01 -1.582565e-02  3.813553e-01
    outer loop
      vertex  -5.692490e-03 -5.960465e-11  6.717460e-03
      vertex  -5.829814e-03 -4.329486e-03  6.204960e-03
      vertex  -5.730954e-03 -4.456388e-03  6.439303e-03
    endloop
  endfacet
  facet normal -5.549961e-01  9.096420e-05  8.318530e-01
    outer loop
      vertex  -6.204990e-03 -5.960465e-11  5.829785e-03
      vertex  -6.210053e-03 -4.331871e-03  5.826880e-03
      vertex  -6.090060e-03 -4.284689e-03  5.906932e-03
    endloop
  endfacet
  facet normal -7.070931e-01 -6.235142e-03  7.070931e-01
    outer loop
      vertex  -6.204990e-03 -5.960465e-11  5.829785e-03
      vertex  -6.090060e-03 -4.284689e-03  5.906932e-03
      vertex  -5.829814e-03 -5.960465e-11  6.204960e-03
    endloop
  endfacet
  facet normal -7.070931e-01 -6.235144e-03  7.070931e-01
    outer loop
      vertex  -5.829814e-03 -5.960465e-11  6.204960e-03
      vertex  -6.090060e-03 -4.284689e-03  5.906932e-03
      vertex  -5.906962e-03 -4.284689e-03  6.090031e-03
    endloop
  endfacet
  facet normal -8.302869e-01  0.000000e+00  5.573361e-01
    outer loop
      vertex  -5.829814e-03 -5.960465e-11  6.204960e-03
      vertex  -5.906962e-03 -4.284689e-03  6.090031e-03
      vertex  -5.829814e-03 -4.329486e-03  6.204960e-03
    endloop
  endfacet
  facet normal -3.858399e-01 -1.675661e-04  9.225657e-01
    outer loop
      vertex  -6.210053e-03 -4.331871e-03  5.826880e-03
      vertex  -6.204990e-03 -5.960465e-11  5.829785e-03
      vertex  -6.439647e-03 -4.456571e-03  5.730836e-03
    endloop
  endfacet
  facet normal -2.588112e-01 -7.818217e-03  9.658963e-01
    outer loop
      vertex  -6.439647e-03 -4.456571e-03  5.730836e-03
      vertex  -6.204990e-03 -5.960465e-11  5.829785e-03
      vertex  -6.717490e-03 -5.960465e-11  5.692461e-03
    endloop
  endfacet
  facet normal -1.537124e-01 -1.074554e-03  9.881151e-01
    outer loop
      vertex  -6.439647e-03 -4.456571e-03  5.730836e-03
      vertex  -6.717490e-03 -5.960465e-11  5.692461e-03
      vertex  -6.681202e-03 -4.600000e-03  5.693103e-03
    endloop
  endfacet
  facet normal -1.770588e-02  0.000000e+00  9.998433e-01
    outer loop
      vertex  -6.681202e-03 -6.400000e-03  5.693103e-03
      vertex  -6.681202e-03 -4.600000e-03  5.693103e-03
      vertex  -6.717490e-03 -6.400000e-03  5.692461e-03
    endloop
  endfacet
  facet normal -1.770588e-02  0.000000e+00  9.998432e-01
    outer loop
      vertex  -6.717490e-03 -6.400000e-03  5.692461e-03
      vertex  -6.681202e-03 -4.600000e-03  5.693103e-03
      vertex  -6.717490e-03 -5.960465e-11  5.692461e-03
    endloop
  endfacet
  facet normal  2.588189e-01 -0.000000e+00  9.659258e-01
    outer loop
      vertex  -6.717490e-03 -6.400000e-03  5.692461e-03
      vertex  -6.717490e-03 -5.960465e-11  5.692461e-03
      vertex  -7.229990e-03 -6.400000e-03  5.829785e-03
    endloop
  endfacet
  facet normal  2.588189e-01 -0.000000e+00  9.659258e-01
    outer loop
      vertex  -7.229990e-03 -6.400000e-03  5.829785e-03
      vertex  -6.717490e-03 -5.960465e-11  5.692461e-03
      vertex  -7.229990e-03 -5.960465e-11  5.829785e-03
    endloop
  endfacet
  facet normal  7.071068e-01 -0.000000e+00  7.071068e-01
    outer loop
      vertex  -7.229990e-03 -6.400000e-03  5.829785e-03
      vertex  -7.229990e-03 -5.960465e-11  5.829785e-03
      vertex  -7.605166e-03 -6.400000e-03  6.204960e-03
    endloop
  endfacet
  facet normal  7.071068e-01 -0.000000e+00  7.071068e-01
    outer loop
      vertex  -7.605166e-03 -6.400000e-03  6.204960e-03
      vertex  -7.229990e-03 -5.960465e-11  5.829785e-03
      vertex  -7.605166e-03 -5.960465e-11  6.204960e-03
    endloop
  endfacet
  facet normal  9.659258e-01 -0.000000e+00  2.588192e-01
    outer loop
      vertex  -7.605166e-03 -6.400000e-03  6.204960e-03
      vertex  -7.605166e-03 -5.960465e-11  6.204960e-03
      vertex  -7.742490e-03 -6.400000e-03  6.717460e-03
    endloop
  endfacet
  facet normal  9.659258e-01 -0.000000e+00  2.588192e-01
    outer loop
      vertex  -7.742490e-03 -6.400000e-03  6.717460e-03
      vertex  -7.605166e-03 -5.960465e-11  6.204960e-03
      vertex  -7.742490e-03 -5.960465e-11  6.717460e-03
    endloop
  endfacet
  facet normal  9.659258e-01  0.000000e+00 -2.588189e-01
    outer loop
      vertex  -7.742490e-03 -6.400000e-03  6.717460e-03
      vertex  -7.742490e-03 -5.960465e-11  6.717460e-03
      vertex  -7.605166e-03 -6.400000e-03  7.229961e-03
    endloop
  endfacet
  facet normal  9.659258e-01  0.000000e+00 -2.588189e-01
    outer loop
      vertex  -7.605166e-03 -6.400000e-03  7.229961e-03
      vertex  -7.742490e-03 -5.960465e-11  6.717460e-03
      vertex  -7.605166e-03 -5.960465e-11  7.229961e-03
    endloop
  endfacet
  facet normal  7.071068e-01  0.000000e+00 -7.071068e-01
    outer loop
      vertex  -7.605166e-03 -6.400000e-03  7.229961e-03
      vertex  -7.605166e-03 -5.960465e-11  7.229961e-03
      vertex  -7.229990e-03 -6.400000e-03  7.605136e-03
    endloop
  endfacet
  facet normal  7.071068e-01  0.000000e+00 -7.071068e-01
    outer loop
      vertex  -7.229990e-03 -6.400000e-03  7.605136e-03
      vertex  -7.605166e-03 -5.960465e-11  7.229961e-03
      vertex  -7.229990e-03 -5.960464e-11  7.605136e-03
    endloop
  endfacet
  facet normal  2.588189e-01  0.000000e+00 -9.659258e-01
    outer loop
      vertex  -7.229990e-03 -6.400000e-03  7.605136e-03
      vertex  -7.229990e-03 -5.960464e-11  7.605136e-03
      vertex  -6.717490e-03 -6.400000e-03  7.742460e-03
    endloop
  endfacet
  facet normal  2.588189e-01  0.000000e+00 -9.659258e-01
    outer loop
      vertex  -6.717490e-03 -6.400000e-03  7.742460e-03
      vertex  -7.229990e-03 -5.960464e-11  7.605136e-03
      vertex  -6.717490e-03 -5.960464e-11  7.742460e-03
    endloop
  endfacet
  facet normal -2.588192e-01  0.000000e+00 -9.659258e-01
    outer loop
      vertex  -6.717490e-03 -6.400000e-03  7.742460e-03
      vertex  -6.717490e-03 -5.960464e-11  7.742460e-03
      vertex  -6.204990e-03 -6.400000e-03  7.605136e-03
    endloop
  endfacet
  facet normal -2.588192e-01  0.000000e+00 -9.659258e-01
    outer loop
      vertex  -6.204990e-03 -6.400000e-03  7.605136e-03
      vertex  -6.717490e-03 -5.960464e-11  7.742460e-03
      vertex  -6.204990e-03 -5.960464e-11  7.605136e-03
    endloop
  endfacet
  facet normal -7.071068e-01  0.000000e+00 -7.071068e-01
    outer loop
      vertex  -6.204990e-03 -6.400000e-03  7.605136e-03
      vertex  -6.204990e-03 -5.960464e-11  7.605136e-03
      vertex  -5.829814e-03 -6.400000e-03  7.229961e-03
    endloop
  endfacet
  facet normal -7.071068e-01  0.000000e+00 -7.071068e-01
    outer loop
      vertex  -5.829814e-03 -6.400000e-03  7.229961e-03
      vertex  -6.204990e-03 -5.960464e-11  7.605136e-03
      vertex  -5.829814e-03 -5.960465e-11  7.229961e-03
    endloop
  endfacet
  facet normal -9.659258e-01  0.000000e+00 -2.588189e-01
    outer loop
      vertex  -5.829814e-03 -6.400000e-03  7.229961e-03
      vertex  -5.829814e-03 -5.960465e-11  7.229961e-03
      vertex  -5.692490e-03 -6.400000e-03  6.717460e-03
    endloop
  endfacet
  facet normal -9.659258e-01  0.000000e+00 -2.588189e-01
    outer loop
      vertex  -5.692490e-03 -6.400000e-03  6.717460e-03
      vertex  -5.829814e-03 -5.960465e-11  7.229961e-03
      vertex  -5.692490e-03 -5.960465e-11  6.717460e-03
    endloop
  endfacet
  facet normal -9.998432e-01  0.000000e+00  1.770588e-02
    outer loop
      vertex  -5.692490e-03 -6.400000e-03  6.717460e-03
      vertex  -5.692490e-03 -5.960465e-11  6.717460e-03
      vertex  -5.693133e-03 -4.600000e-03  6.681172e-03
    endloop
  endfacet
  facet normal -9.880908e-01 -1.075788e-03  1.538684e-01
    outer loop
      vertex  -5.693133e-03 -4.600000e-03  6.681172e-03
      vertex  -5.692490e-03 -5.960465e-11  6.717460e-03
      vertex  -5.730954e-03 -4.456388e-03  6.439303e-03
    endloop
  endfacet
  facet normal -5.102025e-01  8.491196e-01 -1.367083e-01
    outer loop
      vertex   6.717510e-03 -7.015882e-03  6.717460e-03
      vertex   7.605186e-03 -6.400000e-03  7.229961e-03
      vertex   7.742510e-03 -6.400000e-03  6.717460e-03
    endloop
  endfacet
  facet normal -3.734941e-01  8.491197e-01 -3.734941e-01
    outer loop
      vertex   7.230010e-03 -6.400000e-03  7.605136e-03
      vertex   7.605186e-03 -6.400000e-03  7.229961e-03
      vertex   6.717510e-03 -7.015882e-03  6.717460e-03
    endloop
  endfacet
  facet normal -1.367083e-01  8.491196e-01 -5.102025e-01
    outer loop
      vertex   6.717510e-03 -6.400000e-03  7.742460e-03
      vertex   7.230010e-03 -6.400000e-03  7.605136e-03
      vertex   6.717510e-03 -7.015882e-03  6.717460e-03
    endloop
  endfacet
  facet normal -1.367083e-01  8.491195e-01  5.102027e-01
    outer loop
      vertex   6.717510e-03 -7.015882e-03  6.717460e-03
      vertex   7.230010e-03 -6.400000e-03  5.829785e-03
      vertex   6.717510e-03 -6.400000e-03  5.692461e-03
    endloop
  endfacet
  facet normal -3.734943e-01  8.491196e-01  3.734943e-01
    outer loop
      vertex   7.605186e-03 -6.400000e-03  6.204960e-03
      vertex   7.230010e-03 -6.400000e-03  5.829785e-03
      vertex   6.717510e-03 -7.015882e-03  6.717460e-03
    endloop
  endfacet
  facet normal -5.102026e-01  8.491197e-01  1.367084e-01
    outer loop
      vertex   7.742510e-03 -6.400000e-03  6.717460e-03
      vertex   7.605186e-03 -6.400000e-03  6.204960e-03
      vertex   6.717510e-03 -7.015882e-03  6.717460e-03
    endloop
  endfacet
  facet normal  3.734943e-01  8.491196e-01 -3.734943e-01
    outer loop
      vertex   6.717510e-03 -7.015882e-03  6.717460e-03
      vertex   5.829834e-03 -6.400000e-03  7.229961e-03
      vertex   6.205010e-03 -6.400000e-03  7.605136e-03
    endloop
  endfacet
  facet normal  5.102027e-01  8.491195e-01 -1.367083e-01
    outer loop
      vertex   5.692510e-03 -6.400000e-03  6.717460e-03
      vertex   5.829834e-03 -6.400000e-03  7.229961e-03
      vertex   6.717510e-03 -7.015882e-03  6.717460e-03
    endloop
  endfacet
  facet normal  1.367084e-01  8.491197e-01 -5.102025e-01
    outer loop
      vertex   6.205010e-03 -6.400000e-03  7.605136e-03
      vertex   6.717510e-03 -6.400000e-03  7.742460e-03
      vertex   6.717510e-03 -7.015882e-03  6.717460e-03
    endloop
  endfacet
  facet normal  2.066994e-01  8.557152e-01  4.743701e-01
    outer loop
      vertex   6.547444e-03 -6.668129e-03  6.164252e-03
      vertex   6.467393e-03 -6.715311e-03  6.284245e-03
      vertex   6.717510e-03 -7.015882e-03  6.717460e-03
    endloop
  endfacet
  facet normal  4.734567e-01  8.558097e-01  2.083949e-01
    outer loop
      vertex   6.717510e-03 -7.015882e-03  6.717460e-03
      vertex   6.284294e-03 -6.715311e-03  6.467343e-03
      vertex   6.169364e-03 -6.670514e-03  6.544491e-03
    endloop
  endfacet
  facet normal  5.068409e-01  8.558924e-01  1.027648e-01
    outer loop
      vertex   5.935022e-03 -6.543612e-03  6.643351e-03
      vertex   6.717510e-03 -7.015882e-03  6.717460e-03
      vertex   6.169364e-03 -6.670514e-03  6.544491e-03
    endloop
  endfacet
  facet normal  3.734946e-01  8.491193e-01  3.734946e-01
    outer loop
      vertex   6.467393e-03 -6.715311e-03  6.284245e-03
      vertex   6.284294e-03 -6.715311e-03  6.467343e-03
      vertex   6.717510e-03 -7.015882e-03  6.717460e-03
    endloop
  endfacet
  facet normal  5.115700e-01  8.591939e-01  9.059217e-03
    outer loop
      vertex   5.693153e-03 -6.400000e-03  6.681172e-03
      vertex   5.692510e-03 -6.400000e-03  6.717460e-03
      vertex   5.935022e-03 -6.543612e-03  6.643351e-03
    endloop
  endfacet
  facet normal  5.148858e-01  8.569134e-01  2.432834e-02
    outer loop
      vertex   5.935022e-03 -6.543612e-03  6.643351e-03
      vertex   5.692510e-03 -6.400000e-03  6.717460e-03
      vertex   6.717510e-03 -7.015882e-03  6.717460e-03
    endloop
  endfacet
  facet normal  9.059368e-03  8.591888e-01  5.115786e-01
    outer loop
      vertex   6.717510e-03 -6.400000e-03  5.692461e-03
      vertex   6.681222e-03 -6.400000e-03  5.693103e-03
      vertex   6.643489e-03 -6.543429e-03  5.934658e-03
    endloop
  endfacet
  facet normal  1.008193e-01  8.559790e-01  5.070853e-01
    outer loop
      vertex   6.643489e-03 -6.543429e-03  5.934658e-03
      vertex   6.547444e-03 -6.668129e-03  6.164252e-03
      vertex   6.717510e-03 -7.015882e-03  6.717460e-03
    endloop
  endfacet
  facet normal  2.428963e-02  8.569143e-01  5.148863e-01
    outer loop
      vertex   6.717510e-03 -6.400000e-03  5.692461e-03
      vertex   6.643489e-03 -6.543429e-03  5.934658e-03
      vertex   6.717510e-03 -7.015882e-03  6.717460e-03
    endloop
  endfacet
  facet normal  1.770588e-02  0.000000e+00  9.998433e-01
    outer loop
      vertex   6.681222e-03 -4.600000e-03  5.693103e-03
      vertex   6.681222e-03 -6.400000e-03  5.693103e-03
      vertex   6.717510e-03 -6.400000e-03  5.692461e-03
    endloop
  endfacet
  facet normal  2.588192e-01  0.000000e+00  9.659258e-01
    outer loop
      vertex   6.205010e-03 -5.960466e-11  5.829785e-03
      vertex   6.205010e-03 -4.329486e-03  5.829785e-03
      vertex   6.717510e-03 -5.960467e-11  5.692461e-03
    endloop
  endfacet
  facet normal  3.813553e-01 -1.582565e-02  9.242931e-01
    outer loop
      vertex   6.717510e-03 -5.960467e-11  5.692461e-03
      vertex   6.205010e-03 -4.329486e-03  5.829785e-03
      vertex   6.439352e-03 -4.456388e-03  5.730924e-03
    endloop
  endfacet
  facet normal  8.318530e-01  9.096420e-05  5.549961e-01
    outer loop
      vertex   5.829834e-03 -5.960466e-11  6.204960e-03
      vertex   5.826930e-03 -4.331871e-03  6.210024e-03
      vertex   5.906981e-03 -4.284689e-03  6.090031e-03
    endloop
  endfacet
  facet normal  7.070931e-01 -6.235142e-03  7.070931e-01
    outer loop
      vertex   5.829834e-03 -5.960466e-11  6.204960e-03
      vertex   5.906981e-03 -4.284689e-03  6.090031e-03
      vertex   6.205010e-03 -5.960466e-11  5.829785e-03
    endloop
  endfacet
  facet normal  7.070931e-01 -6.235144e-03  7.070931e-01
    outer loop
      vertex   6.205010e-03 -5.960466e-11  5.829785e-03
      vertex   5.906981e-03 -4.284689e-03  6.090031e-03
      vertex   6.090080e-03 -4.284689e-03  5.906932e-03
    endloop
  endfacet
  facet normal  5.573361e-01  0.000000e+00  8.302869e-01
    outer loop
      vertex   6.205010e-03 -5.960466e-11  5.829785e-03
      vertex   6.090080e-03 -4.284689e-03  5.906932e-03
      vertex   6.205010e-03 -4.329486e-03  5.829785e-03
    endloop
  endfacet
  facet normal  9.225657e-01 -1.675661e-04  3.858399e-01
    outer loop
      vertex   5.826930e-03 -4.331871e-03  6.210024e-03
      vertex   5.829834e-03 -5.960466e-11  6.204960e-03
      vertex   5.730885e-03 -4.456571e-03  6.439617e-03
    endloop
  endfacet
  facet normal  9.658963e-01 -7.818217e-03  2.588112e-01
    outer loop
      vertex   5.730885e-03 -4.456571e-03  6.439617e-03
      vertex   5.829834e-03 -5.960466e-11  6.204960e-03
      vertex   5.692510e-03 -5.960466e-11  6.717460e-03
    endloop
  endfacet
  facet normal  9.881151e-01 -1.074554e-03  1.537124e-01
    outer loop
      vertex   5.730885e-03 -4.456571e-03  6.439617e-03
      vertex   5.692510e-03 -5.960466e-11  6.717460e-03
      vertex   5.693153e-03 -4.600000e-03  6.681172e-03
    endloop
  endfacet
  facet normal  9.998433e-01 -0.000000e+00  1.770588e-02
    outer loop
      vertex   5.693153e-03 -6.400000e-03  6.681172e-03
      vertex   5.693153e-03 -4.600000e-03  6.681172e-03
      vertex   5.692510e-03 -6.400000e-03  6.717460e-03
    endloop
  endfacet
  facet normal  9.998432e-01 -0.000000e+00  1.770588e-02
    outer loop
      vertex   5.692510e-03 -6.400000e-03  6.717460e-03
      vertex   5.693153e-03 -4.600000e-03  6.681172e-03
      vertex   5.692510e-03 -5.960466e-11  6.717460e-03
    endloop
  endfacet
  facet normal  9.659258e-01  0.000000e+00 -2.588189e-01
    outer loop
      vertex   5.692510e-03 -6.400000e-03  6.717460e-03
      vertex   5.692510e-03 -5.960466e-11  6.717460e-03
      vertex   5.829834e-03 -6.400000e-03  7.229961e-03
    endloop
  endfacet
  facet normal  9.659258e-01  0.000000e+00 -2.588189e-01
    outer loop
      vertex   5.829834e-03 -6.400000e-03  7.229961e-03
      vertex   5.692510e-03 -5.960466e-11  6.717460e-03
      vertex   5.829834e-03 -5.960465e-11  7.229961e-03
    endloop
  endfacet
  facet normal  7.071068e-01  0.000000e+00 -7.071068e-01
    outer loop
      vertex   5.829834e-03 -6.400000e-03  7.229961e-03
      vertex   5.829834e-03 -5.960465e-11  7.229961e-03
      vertex   6.205010e-03 -6.400000e-03  7.605136e-03
    endloop
  endfacet
  facet normal  7.071068e-01  0.000000e+00 -7.071068e-01
    outer loop
      vertex   6.205010e-03 -6.400000e-03  7.605136e-03
      vertex   5.829834e-03 -5.960465e-11  7.229961e-03
      vertex   6.205010e-03 -5.960465e-11  7.605136e-03
    endloop
  endfacet
  facet normal  2.588192e-01  0.000000e+00 -9.659258e-01
    outer loop
      vertex   6.205010e-03 -6.400000e-03  7.605136e-03
      vertex   6.205010e-03 -5.960465e-11  7.605136e-03
      vertex   6.717510e-03 -6.400000e-03  7.742460e-03
    endloop
  endfacet
  facet normal  2.588192e-01  0.000000e+00 -9.659258e-01
    outer loop
      vertex   6.717510e-03 -6.400000e-03  7.742460e-03
      vertex   6.205010e-03 -5.960465e-11  7.605136e-03
      vertex   6.717510e-03 -5.960465e-11  7.742460e-03
    endloop
  endfacet
  facet normal -2.588189e-01  0.000000e+00 -9.659258e-01
    outer loop
      vertex   6.717510e-03 -6.400000e-03  7.742460e-03
      vertex   6.717510e-03 -5.960465e-11  7.742460e-03
      vertex   7.230010e-03 -6.400000e-03  7.605136e-03
    endloop
  endfacet
  facet normal -2.588189e-01  0.000000e+00 -9.659258e-01
    outer loop
      vertex   7.230010e-03 -6.400000e-03  7.605136e-03
      vertex   6.717510e-03 -5.960465e-11  7.742460e-03
      vertex   7.230010e-03 -5.960465e-11  7.605136e-03
    endloop
  endfacet
  facet normal -7.071068e-01  0.000000e+00 -7.071068e-01
    outer loop
      vertex   7.230010e-03 -6.400000e-03  7.605136e-03
      vertex   7.230010e-03 -5.960465e-11  7.605136e-03
      vertex   7.605186e-03 -6.400000e-03  7.229961e-03
    endloop
  endfacet
  facet normal -7.071068e-01  0.000000e+00 -7.071068e-01
    outer loop
      vertex   7.605186e-03 -6.400000e-03  7.229961e-03
      vertex   7.230010e-03 -5.960465e-11  7.605136e-03
      vertex   7.605186e-03 -5.960466e-11  7.229961e-03
    endloop
  endfacet
  facet normal -9.659258e-01  0.000000e+00 -2.588189e-01
    outer loop
      vertex   7.605186e-03 -6.400000e-03  7.229961e-03
      vertex   7.605186e-03 -5.960466e-11  7.229961e-03
      vertex   7.742510e-03 -6.400000e-03  6.717460e-03
    endloop
  endfacet
  facet normal -9.659258e-01  0.000000e+00 -2.588189e-01
    outer loop
      vertex   7.742510e-03 -6.400000e-03  6.717460e-03
      vertex   7.605186e-03 -5.960466e-11  7.229961e-03
      vertex   7.742510e-03 -5.960466e-11  6.717460e-03
    endloop
  endfacet
  facet normal -9.659258e-01  0.000000e+00  2.588192e-01
    outer loop
      vertex   7.742510e-03 -6.400000e-03  6.717460e-03
      vertex   7.742510e-03 -5.960466e-11  6.717460e-03
      vertex   7.605186e-03 -6.400000e-03  6.204960e-03
    endloop
  endfacet
  facet normal -9.659258e-01  0.000000e+00  2.588192e-01
    outer loop
      vertex   7.605186e-03 -6.400000e-03  6.204960e-03
      vertex   7.742510e-03 -5.960466e-11  6.717460e-03
      vertex   7.605186e-03 -5.960466e-11  6.204960e-03
    endloop
  endfacet
  facet normal -7.071068e-01  0.000000e+00  7.071068e-01
    outer loop
      vertex   7.605186e-03 -6.400000e-03  6.204960e-03
      vertex   7.605186e-03 -5.960466e-11  6.204960e-03
      vertex   7.230010e-03 -6.400000e-03  5.829785e-03
    endloop
  endfacet
  facet normal -7.071068e-01  0.000000e+00  7.071068e-01
    outer loop
      vertex   7.230010e-03 -6.400000e-03  5.829785e-03
      vertex   7.605186e-03 -5.960466e-11  6.204960e-03
      vertex   7.230010e-03 -5.960467e-11  5.829785e-03
    endloop
  endfacet
  facet normal -2.588189e-01  0.000000e+00  9.659258e-01
    outer loop
      vertex   7.230010e-03 -6.400000e-03  5.829785e-03
      vertex   7.230010e-03 -5.960467e-11  5.829785e-03
      vertex   6.717510e-03 -6.400000e-03  5.692461e-03
    endloop
  endfacet
  facet normal -2.588189e-01  0.000000e+00  9.659258e-01
    outer loop
      vertex   6.717510e-03 -6.400000e-03  5.692461e-03
      vertex   7.230010e-03 -5.960467e-11  5.829785e-03
      vertex   6.717510e-03 -5.960467e-11  5.692461e-03
    endloop
  endfacet
  facet normal  1.770588e-02 -0.000000e+00  9.998432e-01
    outer loop
      vertex   6.717510e-03 -6.400000e-03  5.692461e-03
      vertex   6.717510e-03 -5.960467e-11  5.692461e-03
      vertex   6.681222e-03 -4.600000e-03  5.693103e-03
    endloop
  endfacet
  facet normal  1.538684e-01 -1.075788e-03  9.880908e-01
    outer loop
      vertex   6.681222e-03 -4.600000e-03  5.693103e-03
      vertex   6.717510e-03 -5.960467e-11  5.692461e-03
      vertex   6.439352e-03 -4.456388e-03  5.730924e-03
    endloop
  endfacet
  facet normal -5.102026e-01  8.491197e-01 -1.367084e-01
    outer loop
      vertex   6.717510e-03 -7.015882e-03 -6.717539e-03
      vertex   7.605186e-03 -6.400000e-03 -6.205040e-03
      vertex   7.742510e-03 -6.400000e-03 -6.717539e-03
    endloop
  endfacet
  facet normal -3.734943e-01  8.491196e-01 -3.734943e-01
    outer loop
      vertex   7.230010e-03 -6.400000e-03 -5.829864e-03
      vertex   7.605186e-03 -6.400000e-03 -6.205040e-03
      vertex   6.717510e-03 -7.015882e-03 -6.717539e-03
    endloop
  endfacet
  facet normal -1.367083e-01  8.491195e-01 -5.102027e-01
    outer loop
      vertex   6.717510e-03 -6.400000e-03 -5.692540e-03
      vertex   7.230010e-03 -6.400000e-03 -5.829864e-03
      vertex   6.717510e-03 -7.015882e-03 -6.717539e-03
    endloop
  endfacet
  facet normal -1.367083e-01  8.491196e-01  5.102025e-01
    outer loop
      vertex   6.717510e-03 -7.015882e-03 -6.717539e-03
      vertex   7.230010e-03 -6.400000e-03 -7.605216e-03
      vertex   6.717510e-03 -6.400000e-03 -7.742540e-03
    endloop
  endfacet
  facet normal -3.734941e-01  8.491197e-01  3.734941e-01
    outer loop
      vertex   7.605186e-03 -6.400000e-03 -7.230040e-03
      vertex   7.230010e-03 -6.400000e-03 -7.605216e-03
      vertex   6.717510e-03 -7.015882e-03 -6.717539e-03
    endloop
  endfacet
  facet normal -5.102025e-01  8.491196e-01  1.367083e-01
    outer loop
      vertex   7.742510e-03 -6.400000e-03 -6.717539e-03
      vertex   7.605186e-03 -6.400000e-03 -7.230040e-03
      vertex   6.717510e-03 -7.015882e-03 -6.717539e-03
    endloop
  endfacet
  facet normal  5.102027e-01  8.491195e-01  1.367083e-01
    outer loop
      vertex   6.717510e-03 -7.015882e-03 -6.717539e-03
      vertex   5.829834e-03 -6.400000e-03 -7.230040e-03
      vertex   5.692510e-03 -6.400000e-03 -6.717539e-03
    endloop
  endfacet
  facet normal  3.734943e-01  8.491196e-01  3.734943e-01
    outer loop
      vertex   6.205010e-03 -6.400000e-03 -7.605216e-03
      vertex   5.829834e-03 -6.400000e-03 -7.230040e-03
      vertex   6.717510e-03 -7.015882e-03 -6.717539e-03
    endloop
  endfacet
  facet normal  1.367084e-01  8.491197e-01  5.102026e-01
    outer loop
      vertex   6.717510e-03 -6.400000e-03 -7.742540e-03
      vertex   6.205010e-03 -6.400000e-03 -7.605216e-03
      vertex   6.717510e-03 -7.015882e-03 -6.717539e-03
    endloop
  endfacet
  facet normal  4.743701e-01  8.557152e-01 -2.066994e-01
    outer loop
      vertex   6.164301e-03 -6.668129e-03 -6.547474e-03
      vertex   6.284294e-03 -6.715311e-03 -6.467422e-03
      vertex   6.717510e-03 -7.015882e-03 -6.717539e-03
    endloop
  endfacet
  facet normal  2.083949e-01  8.558097e-01 -4.734567e-01
    outer loop
      vertex   6.717510e-03 -7.015882e-03 -6.717539e-03
      vertex   6.467393e-03 -6.715311e-03 -6.284324e-03
      vertex   6.544540e-03 -6.670514e-03 -6.169394e-03
    endloop
  endfacet
  facet normal  1.027648e-01  8.558924e-01 -5.068409e-01
    outer loop
      vertex   6.643400e-03 -6.543612e-03 -5.935051e-03
      vertex   6.717510e-03 -7.015882e-03 -6.717539e-03
      vertex   6.544540e-03 -6.670514e-03 -6.169394e-03
    endloop
  endfacet
  facet normal  3.734946e-01  8.491193e-01 -3.734946e-01
    outer loop
      vertex   6.284294e-03 -6.715311e-03 -6.467422e-03
      vertex   6.467393e-03 -6.715311e-03 -6.284324e-03
      vertex   6.717510e-03 -7.015882e-03 -6.717539e-03
    endloop
  endfacet
  facet normal  9.059217e-03  8.591939e-01 -5.115700e-01
    outer loop
      vertex   6.681222e-03 -6.400000e-03 -5.693182e-03
      vertex   6.717510e-03 -6.400000e-03 -5.692540e-03
      vertex   6.643400e-03 -6.543612e-03 -5.935051e-03
    endloop
  endfacet
  facet normal  2.432834e-02  8.569134e-01 -5.148858e-01
    outer loop
      vertex   6.643400e-03 -6.543612e-03 -5.935051e-03
      vertex   6.717510e-03 -6.400000e-03 -5.692540e-03
      vertex   6.717510e-03 -7.015882e-03 -6.717539e-03
    endloop
  endfacet
  facet normal  5.115786e-01  8.591888e-01 -9.059368e-03
    outer loop
      vertex   5.692510e-03 -6.400000e-03 -6.717539e-03
      vertex   5.693153e-03 -6.400000e-03 -6.681251e-03
      vertex   5.934707e-03 -6.543429e-03 -6.643518e-03
    endloop
  endfacet
  facet normal  5.070853e-01  8.559790e-01 -1.008193e-01
    outer loop
      vertex   5.934707e-03 -6.543429e-03 -6.643518e-03
      vertex   6.164301e-03 -6.668129e-03 -6.547474e-03
      vertex   6.717510e-03 -7.015882e-03 -6.717539e-03
    endloop
  endfacet
  facet normal  5.148863e-01  8.569143e-01 -2.428963e-02
    outer loop
      vertex   5.692510e-03 -6.400000e-03 -6.717539e-03
      vertex   5.934707e-03 -6.543429e-03 -6.643518e-03
      vertex   6.717510e-03 -7.015882e-03 -6.717539e-03
    endloop
  endfacet
  facet normal  9.998433e-01  0.000000e+00 -1.770588e-02
    outer loop
      vertex   5.693153e-03 -4.600000e-03 -6.681251e-03
      vertex   5.693153e-03 -6.400000e-03 -6.681251e-03
      vertex   5.692510e-03 -6.400000e-03 -6.717539e-03
    endloop
  endfacet
  facet normal  9.659258e-01  0.000000e+00 -2.588192e-01
    outer loop
      vertex   5.829834e-03 -5.960472e-11 -6.205040e-03
      vertex   5.829834e-03 -4.329486e-03 -6.205040e-03
      vertex   5.692510e-03 -5.960472e-11 -6.717539e-03
    endloop
  endfacet
  facet normal  9.242931e-01 -1.582565e-02 -3.813553e-01
    outer loop
      vertex   5.692510e-03 -5.960472e-11 -6.717539e-03
      vertex   5.829834e-03 -4.329486e-03 -6.205040e-03
      vertex   5.730974e-03 -4.456388e-03 -6.439382e-03
    endloop
  endfacet
  facet normal  5.549961e-01  9.096420e-05 -8.318530e-01
    outer loop
      vertex   6.205010e-03 -5.960471e-11 -5.829864e-03
      vertex   6.210073e-03 -4.331871e-03 -5.826959e-03
      vertex   6.090080e-03 -4.284689e-03 -5.907011e-03
    endloop
  endfacet
  facet normal  7.070931e-01 -6.235142e-03 -7.070931e-01
    outer loop
      vertex   6.205010e-03 -5.960471e-11 -5.829864e-03
      vertex   6.090080e-03 -4.284689e-03 -5.907011e-03
      vertex   5.829834e-03 -5.960472e-11 -6.205040e-03
    endloop
  endfacet
  facet normal  7.070931e-01 -6.235144e-03 -7.070931e-01
    outer loop
      vertex   5.829834e-03 -5.960472e-11 -6.205040e-03
      vertex   6.090080e-03 -4.284689e-03 -5.907011e-03
      vertex   5.906981e-03 -4.284689e-03 -6.090110e-03
    endloop
  endfacet
  facet normal  8.302869e-01  0.000000e+00 -5.573361e-01
    outer loop
      vertex   5.829834e-03 -5.960472e-11 -6.205040e-03
      vertex   5.906981e-03 -4.284689e-03 -6.090110e-03
      vertex   5.829834e-03 -4.329486e-03 -6.205040e-03
    endloop
  endfacet
  facet normal  3.858399e-01 -1.675661e-04 -9.225657e-01
    outer loop
      vertex   6.210073e-03 -4.331871e-03 -5.826959e-03
      vertex   6.205010e-03 -5.960471e-11 -5.829864e-03
      vertex   6.439667e-03 -4.456571e-03 -5.730915e-03
    endloop
  endfacet
  facet normal  2.588112e-01 -7.818217e-03 -9.658963e-01
    outer loop
      vertex   6.439667e-03 -4.456571e-03 -5.730915e-03
      vertex   6.205010e-03 -5.960471e-11 -5.829864e-03
      vertex   6.717510e-03 -5.960471e-11 -5.692540e-03
    endloop
  endfacet
  facet normal  1.537124e-01 -1.074554e-03 -9.881151e-01
    outer loop
      vertex   6.439667e-03 -4.456571e-03 -5.730915e-03
      vertex   6.717510e-03 -5.960471e-11 -5.692540e-03
      vertex   6.681222e-03 -4.600000e-03 -5.693182e-03
    endloop
  endfacet
  facet normal  1.770588e-02  0.000000e+00 -9.998433e-01
    outer loop
      vertex   6.681222e-03 -6.400000e-03 -5.693182e-03
      vertex   6.681222e-03 -4.600000e-03 -5.693182e-03
      vertex   6.717510e-03 -6.400000e-03 -5.692540e-03
    endloop
  endfacet
  facet normal  1.770588e-02  0.000000e+00 -9.998432e-01
    outer loop
      vertex   6.717510e-03 -6.400000e-03 -5.692540e-03
      vertex   6.681222e-03 -4.600000e-03 -5.693182e-03
      vertex   6.717510e-03 -5.960471e-11 -5.692540e-03
    endloop
  endfacet
  facet normal -2.588189e-01  0.000000e+00 -9.659258e-01
    outer loop
      vertex   6.717510e-03 -6.400000e-03 -5.692540e-03
      vertex   6.717510e-03 -5.960471e-11 -5.692540e-03
      vertex   7.230010e-03 -6.400000e-03 -5.829864e-03
    endloop
  endfacet
  facet normal -2.588189e-01  0.000000e+00 -9.659258e-01
    outer loop
      vertex   7.230010e-03 -6.400000e-03 -5.829864e-03
      vertex   6.717510e-03 -5.960471e-11 -5.692540e-03
      vertex   7.230010e-03 -5.960472e-11 -5.829864e-03
    endloop
  endfacet
  facet normal -7.071068e-01  0.000000e+00 -7.071068e-01
    outer loop
      vertex   7.230010e-03 -6.400000e-03 -5.829864e-03
      vertex   7.230010e-03 -5.960472e-11 -5.829864e-03
      vertex   7.605186e-03 -6.400000e-03 -6.205040e-03
    endloop
  endfacet
  facet normal -7.071068e-01  0.000000e+00 -7.071068e-01
    outer loop
      vertex   7.605186e-03 -6.400000e-03 -6.205040e-03
      vertex   7.230010e-03 -5.960472e-11 -5.829864e-03
      vertex   7.605186e-03 -5.960472e-11 -6.205040e-03
    endloop
  endfacet
  facet normal -9.659258e-01  0.000000e+00 -2.588192e-01
    outer loop
      vertex   7.605186e-03 -6.400000e-03 -6.205040e-03
      vertex   7.605186e-03 -5.960472e-11 -6.205040e-03
      vertex   7.742510e-03 -6.400000e-03 -6.717539e-03
    endloop
  endfacet
  facet normal -9.659258e-01  0.000000e+00 -2.588192e-01
    outer loop
      vertex   7.742510e-03 -6.400000e-03 -6.717539e-03
      vertex   7.605186e-03 -5.960472e-11 -6.205040e-03
      vertex   7.742510e-03 -5.960472e-11 -6.717539e-03
    endloop
  endfacet
  facet normal -9.659258e-01  0.000000e+00  2.588189e-01
    outer loop
      vertex   7.742510e-03 -6.400000e-03 -6.717539e-03
      vertex   7.742510e-03 -5.960472e-11 -6.717539e-03
      vertex   7.605186e-03 -6.400000e-03 -7.230040e-03
    endloop
  endfacet
  facet normal -9.659258e-01  0.000000e+00  2.588189e-01
    outer loop
      vertex   7.605186e-03 -6.400000e-03 -7.230040e-03
      vertex   7.742510e-03 -5.960472e-11 -6.717539e-03
      vertex   7.605186e-03 -5.960472e-11 -7.230040e-03
    endloop
  endfacet
  facet normal -7.071068e-01  0.000000e+00  7.071068e-01
    outer loop
      vertex   7.605186e-03 -6.400000e-03 -7.230040e-03
      vertex   7.605186e-03 -5.960472e-11 -7.230040e-03
      vertex   7.230010e-03 -6.400000e-03 -7.605216e-03
    endloop
  endfacet
  facet normal -7.071068e-01  0.000000e+00  7.071068e-01
    outer loop
      vertex   7.230010e-03 -6.400000e-03 -7.605216e-03
      vertex   7.605186e-03 -5.960472e-11 -7.230040e-03
      vertex   7.230010e-03 -5.960472e-11 -7.605216e-03
    endloop
  endfacet
  facet normal -2.588189e-01  0.000000e+00  9.659258e-01
    outer loop
      vertex   7.230010e-03 -6.400000e-03 -7.605216e-03
      vertex   7.230010e-03 -5.960472e-11 -7.605216e-03
      vertex   6.717510e-03 -6.400000e-03 -7.742540e-03
    endloop
  endfacet
  facet normal -2.588189e-01  0.000000e+00  9.659258e-01
    outer loop
      vertex   6.717510e-03 -6.400000e-03 -7.742540e-03
      vertex   7.230010e-03 -5.960472e-11 -7.605216e-03
      vertex   6.717510e-03 -5.960472e-11 -7.742540e-03
    endloop
  endfacet
  facet normal  2.588192e-01 -0.000000e+00  9.659258e-01
    outer loop
      vertex   6.717510e-03 -6.400000e-03 -7.742540e-03
      vertex   6.717510e-03 -5.960472e-11 -7.742540e-03
      vertex   6.205010e-03 -6.400000e-03 -7.605216e-03
    endloop
  endfacet
  facet normal  2.588192e-01 -0.000000e+00  9.659258e-01
    outer loop
      vertex   6.205010e-03 -6.400000e-03 -7.605216e-03
      vertex   6.717510e-03 -5.960472e-11 -7.742540e-03
      vertex   6.205010e-03 -5.960472e-11 -7.605216e-03
    endloop
  endfacet
  facet normal  7.071068e-01 -0.000000e+00  7.071068e-01
    outer loop
      vertex   6.205010e-03 -6.400000e-03 -7.605216e-03
      vertex   6.205010e-03 -5.960472e-11 -7.605216e-03
      vertex   5.829834e-03 -6.400000e-03 -7.230040e-03
    endloop
  endfacet
  facet normal  7.071068e-01 -0.000000e+00  7.071068e-01
    outer loop
      vertex   5.829834e-03 -6.400000e-03 -7.230040e-03
      vertex   6.205010e-03 -5.960472e-11 -7.605216e-03
      vertex   5.829834e-03 -5.960472e-11 -7.230040e-03
    endloop
  endfacet
  facet normal  9.659258e-01 -0.000000e+00  2.588189e-01
    outer loop
      vertex   5.829834e-03 -6.400000e-03 -7.230040e-03
      vertex   5.829834e-03 -5.960472e-11 -7.230040e-03
      vertex   5.692510e-03 -6.400000e-03 -6.717539e-03
    endloop
  endfacet
  facet normal  9.659258e-01 -0.000000e+00  2.588189e-01
    outer loop
      vertex   5.692510e-03 -6.400000e-03 -6.717539e-03
      vertex   5.829834e-03 -5.960472e-11 -7.230040e-03
      vertex   5.692510e-03 -5.960472e-11 -6.717539e-03
    endloop
  endfacet
  facet normal  9.998432e-01  0.000000e+00 -1.770588e-02
    outer loop
      vertex   5.692510e-03 -6.400000e-03 -6.717539e-03
      vertex   5.692510e-03 -5.960472e-11 -6.717539e-03
      vertex   5.693153e-03 -4.600000e-03 -6.681251e-03
    endloop
  endfacet
  facet normal  9.880908e-01 -1.075788e-03 -1.538684e-01
    outer loop
      vertex   5.693153e-03 -4.600000e-03 -6.681251e-03
      vertex   5.692510e-03 -5.960472e-11 -6.717539e-03
      vertex   5.730974e-03 -4.456388e-03 -6.439382e-03
    endloop
  endfacet
  facet normal -1.367084e-01  8.491197e-01  5.102026e-01
    outer loop
      vertex  -6.717490e-03 -7.015882e-03 -6.717539e-03
      vertex  -6.204990e-03 -6.400000e-03 -7.605216e-03
      vertex  -6.717490e-03 -6.400000e-03 -7.742540e-03
    endloop
  endfacet
  facet normal -3.734943e-01  8.491196e-01  3.734943e-01
    outer loop
      vertex  -5.829814e-03 -6.400000e-03 -7.230040e-03
      vertex  -6.204990e-03 -6.400000e-03 -7.605216e-03
      vertex  -6.717490e-03 -7.015882e-03 -6.717539e-03
    endloop
  endfacet
  facet normal -5.102027e-01  8.491195e-01  1.367083e-01
    outer loop
      vertex  -5.692490e-03 -6.400000e-03 -6.717539e-03
      vertex  -5.829814e-03 -6.400000e-03 -7.230040e-03
      vertex  -6.717490e-03 -7.015882e-03 -6.717539e-03
    endloop
  endfacet
  facet normal  5.102025e-01  8.491196e-01  1.367083e-01
    outer loop
      vertex  -6.717490e-03 -7.015882e-03 -6.717539e-03
      vertex  -7.605166e-03 -6.400000e-03 -7.230040e-03
      vertex  -7.742490e-03 -6.400000e-03 -6.717539e-03
    endloop
  endfacet
  facet normal  3.734941e-01  8.491197e-01  3.734941e-01
    outer loop
      vertex  -7.229990e-03 -6.400000e-03 -7.605216e-03
      vertex  -7.605166e-03 -6.400000e-03 -7.230040e-03
      vertex  -6.717490e-03 -7.015882e-03 -6.717539e-03
    endloop
  endfacet
  facet normal  1.367083e-01  8.491196e-01  5.102025e-01
    outer loop
      vertex  -6.717490e-03 -6.400000e-03 -7.742540e-03
      vertex  -7.229990e-03 -6.400000e-03 -7.605216e-03
      vertex  -6.717490e-03 -7.015882e-03 -6.717539e-03
    endloop
  endfacet
  facet normal  1.367083e-01  8.491195e-01 -5.102027e-01
    outer loop
      vertex  -6.717490e-03 -7.015882e-03 -6.717539e-03
      vertex  -7.229990e-03 -6.400000e-03 -5.829864e-03
      vertex  -6.717490e-03 -6.400000e-03 -5.692540e-03
    endloop
  endfacet
  facet normal  3.734943e-01  8.491196e-01 -3.734943e-01
    outer loop
      vertex  -7.605166e-03 -6.400000e-03 -6.205040e-03
      vertex  -7.229990e-03 -6.400000e-03 -5.829864e-03
      vertex  -6.717490e-03 -7.015882e-03 -6.717539e-03
    endloop
  endfacet
  facet normal  5.102026e-01  8.491197e-01 -1.367084e-01
    outer loop
      vertex  -7.742490e-03 -6.400000e-03 -6.717539e-03
      vertex  -7.605166e-03 -6.400000e-03 -6.205040e-03
      vertex  -6.717490e-03 -7.015882e-03 -6.717539e-03
    endloop
  endfacet
  facet normal -2.066994e-01  8.557152e-01 -4.743701e-01
    outer loop
      vertex  -6.547424e-03 -6.668129e-03 -6.164331e-03
      vertex  -6.467373e-03 -6.715311e-03 -6.284324e-03
      vertex  -6.717490e-03 -7.015882e-03 -6.717539e-03
    endloop
  endfacet
  facet normal -4.734567e-01  8.558097e-01 -2.083949e-01
    outer loop
      vertex  -6.717490e-03 -7.015882e-03 -6.717539e-03
      vertex  -6.284275e-03 -6.715311e-03 -6.467422e-03
      vertex  -6.169344e-03 -6.670514e-03 -6.544570e-03
    endloop
  endfacet
  facet normal -5.068409e-01  8.558924e-01 -1.027648e-01
    outer loop
      vertex  -5.935002e-03 -6.543612e-03 -6.643430e-03
      vertex  -6.717490e-03 -7.015882e-03 -6.717539e-03
      vertex  -6.169344e-03 -6.670514e-03 -6.544570e-03
    endloop
  endfacet
  facet normal -3.734946e-01  8.491193e-01 -3.734946e-01
    outer loop
      vertex  -6.467373e-03 -6.715311e-03 -6.284324e-03
      vertex  -6.284275e-03 -6.715311e-03 -6.467422e-03
      vertex  -6.717490e-03 -7.015882e-03 -6.717539e-03
    endloop
  endfacet
  facet normal -5.115700e-01  8.591939e-01 -9.059217e-03
    outer loop
      vertex  -5.693133e-03 -6.400000e-03 -6.681251e-03
      vertex  -5.692490e-03 -6.400000e-03 -6.717539e-03
      vertex  -5.935002e-03 -6.543612e-03 -6.643430e-03
    endloop
  endfacet
  facet normal -5.148858e-01  8.569134e-01 -2.432834e-02
    outer loop
      vertex  -5.935002e-03 -6.543612e-03 -6.643430e-03
      vertex  -5.692490e-03 -6.400000e-03 -6.717539e-03
      vertex  -6.717490e-03 -7.015882e-03 -6.717539e-03
    endloop
  endfacet
  facet normal -9.059368e-03  8.591888e-01 -5.115786e-01
    outer loop
      vertex  -6.717490e-03 -6.400000e-03 -5.692540e-03
      vertex  -6.681202e-03 -6.400000e-03 -5.693182e-03
      vertex  -6.643469e-03 -6.543429e-03 -5.934737e-03
    endloop
  endfacet
  facet normal -1.008193e-01  8.559790e-01 -5.070853e-01
    outer loop
      vertex  -6.643469e-03 -6.543429e-03 -5.934737e-03
      vertex  -6.547424e-03 -6.668129e-03 -6.164331e-03
      vertex  -6.717490e-03 -7.015882e-03 -6.717539e-03
    endloop
  endfacet
  facet normal -2.428963e-02  8.569143e-01 -5.148863e-01
    outer loop
      vertex  -6.717490e-03 -6.400000e-03 -5.692540e-03
      vertex  -6.643469e-03 -6.543429e-03 -5.934737e-03
      vertex  -6.717490e-03 -7.015882e-03 -6.717539e-03
    endloop
  endfacet
  facet normal -1.770588e-02 -0.000000e+00 -9.998433e-01
    outer loop
      vertex  -6.681202e-03 -4.600000e-03 -5.693182e-03
      vertex  -6.681202e-03 -6.400000e-03 -5.693182e-03
      vertex  -6.717490e-03 -6.400000e-03 -5.692540e-03
    endloop
  endfacet
  facet normal -2.588192e-01 -0.000000e+00 -9.659258e-01
    outer loop
      vertex  -6.204990e-03 -5.960470e-11 -5.829864e-03
      vertex  -6.204990e-03 -4.329486e-03 -5.829864e-03
      vertex  -6.717490e-03 -5.960470e-11 -5.692540e-03
    endloop
  endfacet
  facet normal -3.813553e-01 -1.582565e-02 -9.242931e-01
    outer loop
      vertex  -6.717490e-03 -5.960470e-11 -5.692540e-03
      vertex  -6.204990e-03 -4.329486e-03 -5.829864e-03
      vertex  -6.439332e-03 -4.456388e-03 -5.731003e-03
    endloop
  endfacet
  facet normal -8.318530e-01  9.096420e-05 -5.549961e-01
    outer loop
      vertex  -5.829814e-03 -5.960470e-11 -6.205040e-03
      vertex  -5.826910e-03 -4.331871e-03 -6.210103e-03
      vertex  -5.906962e-03 -4.284689e-03 -6.090110e-03
    endloop
  endfacet
  facet normal -7.070931e-01 -6.235142e-03 -7.070931e-01
    outer loop
      vertex  -5.829814e-03 -5.960470e-11 -6.205040e-03
      vertex  -5.906962e-03 -4.284689e-03 -6.090110e-03
      vertex  -6.204990e-03 -5.960470e-11 -5.829864e-03
    endloop
  endfacet
  facet normal -7.070931e-01 -6.235144e-03 -7.070931e-01
    outer loop
      vertex  -6.204990e-03 -5.960470e-11 -5.829864e-03
      vertex  -5.906962e-03 -4.284689e-03 -6.090110e-03
      vertex  -6.090060e-03 -4.284689e-03 -5.907011e-03
    endloop
  endfacet
  facet normal -5.573361e-01 -0.000000e+00 -8.302869e-01
    outer loop
      vertex  -6.204990e-03 -5.960470e-11 -5.829864e-03
      vertex  -6.090060e-03 -4.284689e-03 -5.907011e-03
      vertex  -6.204990e-03 -4.329486e-03 -5.829864e-03
    endloop
  endfacet
  facet normal -9.225657e-01 -1.675661e-04 -3.858399e-01
    outer loop
      vertex  -5.826910e-03 -4.331871e-03 -6.210103e-03
      vertex  -5.829814e-03 -5.960470e-11 -6.205040e-03
      vertex  -5.730866e-03 -4.456571e-03 -6.439697e-03
    endloop
  endfacet
  facet normal -9.658963e-01 -7.818217e-03 -2.588112e-01
    outer loop
      vertex  -5.730866e-03 -4.456571e-03 -6.439697e-03
      vertex  -5.829814e-03 -5.960470e-11 -6.205040e-03
      vertex  -5.692490e-03 -5.960470e-11 -6.717539e-03
    endloop
  endfacet
  facet normal -9.881151e-01 -1.074554e-03 -1.537124e-01
    outer loop
      vertex  -5.730866e-03 -4.456571e-03 -6.439697e-03
      vertex  -5.692490e-03 -5.960470e-11 -6.717539e-03
      vertex  -5.693133e-03 -4.600000e-03 -6.681251e-03
    endloop
  endfacet
  facet normal -9.998433e-01  0.000000e+00 -1.770588e-02
    outer loop
      vertex  -5.693133e-03 -6.400000e-03 -6.681251e-03
      vertex  -5.693133e-03 -4.600000e-03 -6.681251e-03
      vertex  -5.692490e-03 -6.400000e-03 -6.717539e-03
    endloop
  endfacet
  facet normal -9.998432e-01  0.000000e+00 -1.770588e-02
    outer loop
      vertex  -5.692490e-03 -6.400000e-03 -6.717539e-03
      vertex  -5.693133e-03 -4.600000e-03 -6.681251e-03
      vertex  -5.692490e-03 -5.960470e-11 -6.717539e-03
    endloop
  endfacet
  facet normal -9.659258e-01  0.000000e+00  2.588189e-01
    outer loop
      vertex  -5.692490e-03 -6.400000e-03 -6.717539e-03
      vertex  -5.692490e-03 -5.960470e-11 -6.717539e-03
      vertex  -5.829814e-03 -6.400000e-03 -7.230040e-03
    endloop
  endfacet
  facet normal -9.659258e-01  0.000000e+00  2.588189e-01
    outer loop
      vertex  -5.829814e-03 -6.400000e-03 -7.230040e-03
      vertex  -5.692490e-03 -5.960470e-11 -6.717539e-03
      vertex  -5.829814e-03 -5.960471e-11 -7.230040e-03
    endloop
  endfacet
  facet normal -7.071068e-01  0.000000e+00  7.071068e-01
    outer loop
      vertex  -5.829814e-03 -6.400000e-03 -7.230040e-03
      vertex  -5.829814e-03 -5.960471e-11 -7.230040e-03
      vertex  -6.204990e-03 -6.400000e-03 -7.605216e-03
    endloop
  endfacet
  facet normal -7.071068e-01  0.000000e+00  7.071068e-01
    outer loop
      vertex  -6.204990e-03 -6.400000e-03 -7.605216e-03
      vertex  -5.829814e-03 -5.960471e-11 -7.230040e-03
      vertex  -6.204990e-03 -5.960471e-11 -7.605216e-03
    endloop
  endfacet
  facet normal -2.588192e-01  0.000000e+00  9.659258e-01
    outer loop
      vertex  -6.204990e-03 -6.400000e-03 -7.605216e-03
      vertex  -6.204990e-03 -5.960471e-11 -7.605216e-03
      vertex  -6.717490e-03 -6.400000e-03 -7.742540e-03
    endloop
  endfacet
  facet normal -2.588192e-01  0.000000e+00  9.659258e-01
    outer loop
      vertex  -6.717490e-03 -6.400000e-03 -7.742540e-03
      vertex  -6.204990e-03 -5.960471e-11 -7.605216e-03
      vertex  -6.717490e-03 -5.960471e-11 -7.742540e-03
    endloop
  endfacet
  facet normal  2.588189e-01 -0.000000e+00  9.659258e-01
    outer loop
      vertex  -6.717490e-03 -6.400000e-03 -7.742540e-03
      vertex  -6.717490e-03 -5.960471e-11 -7.742540e-03
      vertex  -7.229990e-03 -6.400000e-03 -7.605216e-03
    endloop
  endfacet
  facet normal  2.588189e-01 -0.000000e+00  9.659258e-01
    outer loop
      vertex  -7.229990e-03 -6.400000e-03 -7.605216e-03
      vertex  -6.717490e-03 -5.960471e-11 -7.742540e-03
      vertex  -7.229990e-03 -5.960471e-11 -7.605216e-03
    endloop
  endfacet
  facet normal  7.071068e-01 -0.000000e+00  7.071068e-01
    outer loop
      vertex  -7.229990e-03 -6.400000e-03 -7.605216e-03
      vertex  -7.229990e-03 -5.960471e-11 -7.605216e-03
      vertex  -7.605166e-03 -6.400000e-03 -7.230040e-03
    endloop
  endfacet
  facet normal  7.071068e-01 -0.000000e+00  7.071068e-01
    outer loop
      vertex  -7.605166e-03 -6.400000e-03 -7.230040e-03
      vertex  -7.229990e-03 -5.960471e-11 -7.605216e-03
      vertex  -7.605166e-03 -5.960471e-11 -7.230040e-03
    endloop
  endfacet
  facet normal  9.659258e-01 -0.000000e+00  2.588189e-01
    outer loop
      vertex  -7.605166e-03 -6.400000e-03 -7.230040e-03
      vertex  -7.605166e-03 -5.960471e-11 -7.230040e-03
      vertex  -7.742490e-03 -6.400000e-03 -6.717539e-03
    endloop
  endfacet
  facet normal  9.659258e-01 -0.000000e+00  2.588189e-01
    outer loop
      vertex  -7.742490e-03 -6.400000e-03 -6.717539e-03
      vertex  -7.605166e-03 -5.960471e-11 -7.230040e-03
      vertex  -7.742490e-03 -5.960470e-11 -6.717539e-03
    endloop
  endfacet
  facet normal  9.659258e-01  0.000000e+00 -2.588192e-01
    outer loop
      vertex  -7.742490e-03 -6.400000e-03 -6.717539e-03
      vertex  -7.742490e-03 -5.960470e-11 -6.717539e-03
      vertex  -7.605166e-03 -6.400000e-03 -6.205040e-03
    endloop
  endfacet
  facet normal  9.659258e-01  0.000000e+00 -2.588192e-01
    outer loop
      vertex  -7.605166e-03 -6.400000e-03 -6.205040e-03
      vertex  -7.742490e-03 -5.960470e-11 -6.717539e-03
      vertex  -7.605166e-03 -5.960470e-11 -6.205040e-03
    endloop
  endfacet
  facet normal  7.071068e-01  0.000000e+00 -7.071068e-01
    outer loop
      vertex  -7.605166e-03 -6.400000e-03 -6.205040e-03
      vertex  -7.605166e-03 -5.960470e-11 -6.205040e-03
      vertex  -7.229990e-03 -6.400000e-03 -5.829864e-03
    endloop
  endfacet
  facet normal  7.071068e-01  0.000000e+00 -7.071068e-01
    outer loop
      vertex  -7.229990e-03 -6.400000e-03 -5.829864e-03
      vertex  -7.605166e-03 -5.960470e-11 -6.205040e-03
      vertex  -7.229990e-03 -5.960470e-11 -5.829864e-03
    endloop
  endfacet
  facet normal  2.588189e-01  0.000000e+00 -9.659258e-01
    outer loop
      vertex  -7.229990e-03 -6.400000e-03 -5.829864e-03
      vertex  -7.229990e-03 -5.960470e-11 -5.829864e-03
      vertex  -6.717490e-03 -6.400000e-03 -5.692540e-03
    endloop
  endfacet
  facet normal  2.588189e-01  0.000000e+00 -9.659258e-01
    outer loop
      vertex  -6.717490e-03 -6.400000e-03 -5.692540e-03
      vertex  -7.229990e-03 -5.960470e-11 -5.829864e-03
      vertex  -6.717490e-03 -5.960470e-11 -5.692540e-03
    endloop
  endfacet
  facet normal -1.770588e-02  0.000000e+00 -9.998432e-01
    outer loop
      vertex  -6.717490e-03 -6.400000e-03 -5.692540e-03
      vertex  -6.717490e-03 -5.960470e-11 -5.692540e-03
      vertex  -6.681202e-03 -4.600000e-03 -5.693182e-03
    endloop
  endfacet
  facet normal -1.538684e-01 -1.075788e-03 -9.880908e-01
    outer loop
      vertex  -6.681202e-03 -4.600000e-03 -5.693182e-03
      vertex  -6.717490e-03 -5.960470e-11 -5.692540e-03
      vertex  -6.439332e-03 -4.456388e-03 -5.731003e-03
    endloop
  endfacet
  facet normal -3.754261e-01 -7.010096e-01  6.063340e-01
    outer loop
      vertex   1.174045e-03 -1.090000e-02 -3.030574e-03
      vertex   1.210170e-03 -1.100000e-02 -3.123821e-03
      vertex   2.189521e-03 -1.090000e-02 -2.401819e-03
    endloop
  endfacet
  facet normal -3.754256e-01 -7.010104e-01  6.063333e-01
    outer loop
      vertex   2.189521e-03 -1.090000e-02 -2.401819e-03
      vertex   1.210170e-03 -1.100000e-02 -3.123821e-03
      vertex   2.256891e-03 -1.100000e-02 -2.475719e-03
    endloop
  endfacet
  facet normal -5.691066e-01 -7.010106e-01  4.297694e-01
    outer loop
      vertex   2.189521e-03 -1.090000e-02 -2.401819e-03
      vertex   2.256891e-03 -1.100000e-02 -2.475719e-03
      vertex   2.909291e-03 -1.090000e-02 -1.448689e-03
    endloop
  endfacet
  facet normal -5.691071e-01 -7.010100e-01  4.297696e-01
    outer loop
      vertex   2.909291e-03 -1.090000e-02 -1.448689e-03
      vertex   2.256891e-03 -1.100000e-02 -2.475719e-03
      vertex   2.998807e-03 -1.100000e-02 -1.493263e-03
    endloop
  endfacet
  facet normal -6.859272e-01 -7.010102e-01  1.951632e-01
    outer loop
      vertex   2.909291e-03 -1.090000e-02 -1.448689e-03
      vertex   2.998807e-03 -1.100000e-02 -1.493263e-03
      vertex   3.236146e-03 -1.090000e-02 -2.999117e-04
    endloop
  endfacet
  facet normal -6.859278e-01 -7.010095e-01  1.951633e-01
    outer loop
      vertex   3.236146e-03 -1.090000e-02 -2.999117e-04
      vertex   2.998807e-03 -1.100000e-02 -1.493263e-03
      vertex   3.335719e-03 -1.100000e-02 -3.091386e-04
    endloop
  endfacet
  facet normal -7.101098e-01 -7.010095e-01 -6.580148e-02
    outer loop
      vertex   3.236146e-03 -1.090000e-02 -2.999117e-04
      vertex   3.335719e-03 -1.100000e-02 -3.091386e-04
      vertex   3.125943e-03 -1.090000e-02  8.893652e-04
    endloop
  endfacet
  facet normal -7.101093e-01 -7.010099e-01 -6.580135e-02
    outer loop
      vertex   3.125943e-03 -1.090000e-02  8.893652e-04
      vertex   3.335719e-03 -1.100000e-02 -3.091386e-04
      vertex   3.222126e-03 -1.100000e-02  9.167314e-04
    endloop
  endfacet
  facet normal -6.383870e-01 -7.010099e-01 -3.178790e-01
    outer loop
      vertex   3.125943e-03 -1.090000e-02  8.893652e-04
      vertex   3.222126e-03 -1.100000e-02  9.167314e-04
      vertex   2.593566e-03 -1.090000e-02  1.958523e-03
    endloop
  endfacet
  facet normal -6.383868e-01 -7.010103e-01 -3.178788e-01
    outer loop
      vertex   2.593566e-03 -1.090000e-02  1.958523e-03
      vertex   3.222126e-03 -1.100000e-02  9.167314e-04
      vertex   2.673368e-03 -1.100000e-02  2.018787e-03
    endloop
  endfacet
  facet normal -4.804468e-01 -7.010103e-01 -5.270251e-01
    outer loop
      vertex   2.593566e-03 -1.090000e-02  1.958523e-03
      vertex   2.673368e-03 -1.100000e-02  2.018787e-03
      vertex   1.710914e-03 -1.090000e-02  2.763166e-03
    endloop
  endfacet
  facet normal -4.804468e-01 -7.010103e-01 -5.270250e-01
    outer loop
      vertex   1.710914e-03 -1.090000e-02  2.763166e-03
      vertex   2.673368e-03 -1.100000e-02  2.018787e-03
      vertex   1.763558e-03 -1.100000e-02  2.848188e-03
    endloop
  endfacet
  facet normal -2.576199e-01 -7.010104e-01 -6.649936e-01
    outer loop
      vertex   1.710914e-03 -1.090000e-02  2.763166e-03
      vertex   1.763558e-03 -1.100000e-02  2.848188e-03
      vertex   5.971958e-04 -1.090000e-02  3.194623e-03
    endloop
  endfacet
  facet normal -2.576199e-01 -7.010101e-01 -6.649938e-01
    outer loop
      vertex   5.971958e-04 -1.090000e-02  3.194623e-03
      vertex   1.763558e-03 -1.100000e-02  2.848188e-03
      vertex   6.155708e-04 -1.100000e-02  3.292920e-03
    endloop
  endfacet
  facet normal -6.538296e-02 -7.055945e-01 -7.055929e-01
    outer loop
      vertex   5.971958e-04 -1.090000e-02  3.194623e-03
      vertex   6.155708e-04 -1.100000e-02  3.292920e-03
      vertex   9.905194e-09 -1.090000e-02  3.249960e-03
    endloop
  endfacet
  facet normal -6.538278e-02 -7.055937e-01 -7.055937e-01
    outer loop
      vertex   9.905194e-09 -1.090000e-02  3.249960e-03
      vertex   6.155708e-04 -1.100000e-02  3.292920e-03
      vertex   9.905194e-09 -1.100000e-02  3.349960e-03
    endloop
  endfacet
  facet normal  6.538305e-02 -7.055937e-01 -7.055937e-01
    outer loop
      vertex   9.905194e-09 -1.090000e-02  3.249960e-03
      vertex   9.905194e-09 -1.100000e-02  3.349960e-03
      vertex  -5.971760e-04 -1.090000e-02  3.194623e-03
    endloop
  endfacet
  facet normal  6.538272e-02 -7.055946e-01 -7.055930e-01
    outer loop
      vertex  -5.971760e-04 -1.090000e-02  3.194623e-03
      vertex   9.905194e-09 -1.100000e-02  3.349960e-03
      vertex  -6.155510e-04 -1.100000e-02  3.292920e-03
    endloop
  endfacet
  facet normal  2.576199e-01 -7.010101e-01 -6.649938e-01
    outer loop
      vertex  -5.971760e-04 -1.090000e-02  3.194623e-03
      vertex  -6.155510e-04 -1.100000e-02  3.292920e-03
      vertex  -1.710895e-03 -1.090000e-02  2.763166e-03
    endloop
  endfacet
  facet normal  2.576198e-01 -7.010103e-01 -6.649936e-01
    outer loop
      vertex  -1.710895e-03 -1.090000e-02  2.763166e-03
      vertex  -6.155510e-04 -1.100000e-02  3.292920e-03
      vertex  -1.763538e-03 -1.100000e-02  2.848188e-03
    endloop
  endfacet
  facet normal  4.804468e-01 -7.010103e-01 -5.270250e-01
    outer loop
      vertex  -1.710895e-03 -1.090000e-02  2.763166e-03
      vertex  -1.763538e-03 -1.100000e-02  2.848188e-03
      vertex  -2.593546e-03 -1.090000e-02  1.958523e-03
    endloop
  endfacet
  facet normal  4.804468e-01 -7.010103e-01 -5.270250e-01
    outer loop
      vertex  -2.593546e-03 -1.090000e-02  1.958523e-03
      vertex  -1.763538e-03 -1.100000e-02  2.848188e-03
      vertex  -2.673348e-03 -1.100000e-02  2.018787e-03
    endloop
  endfacet
  facet normal  6.383868e-01 -7.010103e-01 -3.178788e-01
    outer loop
      vertex  -2.593546e-03 -1.090000e-02  1.958523e-03
      vertex  -2.673348e-03 -1.100000e-02  2.018787e-03
      vertex  -3.125923e-03 -1.090000e-02  8.893652e-04
    endloop
  endfacet
  facet normal  6.383871e-01 -7.010099e-01 -3.178789e-01
    outer loop
      vertex  -3.125923e-03 -1.090000e-02  8.893652e-04
      vertex  -2.673348e-03 -1.100000e-02  2.018787e-03
      vertex  -3.222106e-03 -1.100000e-02  9.167314e-04
    endloop
  endfacet
  facet normal  7.101093e-01 -7.010100e-01 -6.580143e-02
    outer loop
      vertex  -3.125923e-03 -1.090000e-02  8.893652e-04
      vertex  -3.222106e-03 -1.100000e-02  9.167314e-04
      vertex  -3.236126e-03 -1.090000e-02 -2.999117e-04
    endloop
  endfacet
  facet normal  7.101098e-01 -7.010095e-01 -6.580140e-02
    outer loop
      vertex  -3.236126e-03 -1.090000e-02 -2.999117e-04
      vertex  -3.222106e-03 -1.100000e-02  9.167314e-04
      vertex  -3.335699e-03 -1.100000e-02 -3.091386e-04
    endloop
  endfacet
  facet normal  6.859278e-01 -7.010095e-01  1.951634e-01
    outer loop
      vertex  -3.236126e-03 -1.090000e-02 -2.999117e-04
      vertex  -3.335699e-03 -1.100000e-02 -3.091386e-04
      vertex  -2.909271e-03 -1.090000e-02 -1.448689e-03
    endloop
  endfacet
  facet normal  6.859272e-01 -7.010102e-01  1.951631e-01
    outer loop
      vertex  -2.909271e-03 -1.090000e-02 -1.448689e-03
      vertex  -3.335699e-03 -1.100000e-02 -3.091386e-04
      vertex  -2.998787e-03 -1.100000e-02 -1.493263e-03
    endloop
  endfacet
  facet normal  5.691071e-01 -7.010101e-01  4.297698e-01
    outer loop
      vertex  -2.909271e-03 -1.090000e-02 -1.448689e-03
      vertex  -2.998787e-03 -1.100000e-02 -1.493263e-03
      vertex  -2.189501e-03 -1.090000e-02 -2.401819e-03
    endloop
  endfacet
  facet normal  5.691067e-01 -7.010106e-01  4.297693e-01
    outer loop
      vertex  -2.189501e-03 -1.090000e-02 -2.401819e-03
      vertex  -2.998787e-03 -1.100000e-02 -1.493263e-03
      vertex  -2.256871e-03 -1.100000e-02 -2.475719e-03
    endloop
  endfacet
  facet normal  3.754257e-01 -7.010105e-01  6.063332e-01
    outer loop
      vertex  -2.189501e-03 -1.090000e-02 -2.401819e-03
      vertex  -2.256871e-03 -1.100000e-02 -2.475719e-03
      vertex  -1.174025e-03 -1.090000e-02 -3.030574e-03
    endloop
  endfacet
  facet normal  3.754261e-01 -7.010096e-01  6.063340e-01
    outer loop
      vertex  -1.174025e-03 -1.090000e-02 -3.030574e-03
      vertex  -2.256871e-03 -1.100000e-02 -2.475719e-03
      vertex  -1.210150e-03 -1.100000e-02 -3.123821e-03
    endloop
  endfacet
  facet normal  1.310413e-01 -7.010093e-01  7.010093e-01
    outer loop
      vertex  -1.174025e-03 -1.090000e-02 -3.030574e-03
      vertex  -1.210150e-03 -1.100000e-02 -3.123821e-03
      vertex   9.905194e-09 -1.090000e-02 -3.250040e-03
    endloop
  endfacet
  facet normal  1.310413e-01 -7.010093e-01  7.010093e-01
    outer loop
      vertex   9.905194e-09 -1.090000e-02 -3.250040e-03
      vertex  -1.210150e-03 -1.100000e-02 -3.123821e-03
      vertex   9.905194e-09 -1.100000e-02 -3.350039e-03
    endloop
  endfacet
  facet normal -1.310413e-01 -7.010093e-01  7.010093e-01
    outer loop
      vertex   9.905194e-09 -1.090000e-02 -3.250040e-03
      vertex   9.905194e-09 -1.100000e-02 -3.350039e-03
      vertex   1.174045e-03 -1.090000e-02 -3.030574e-03
    endloop
  endfacet
  facet normal -1.310413e-01 -7.010093e-01  7.010093e-01
    outer loop
      vertex   1.174045e-03 -1.090000e-02 -3.030574e-03
      vertex   9.905194e-09 -1.100000e-02 -3.350039e-03
      vertex   1.210170e-03 -1.100000e-02 -3.123821e-03
    endloop
  endfacet
  facet normal -5.102026e-01 -8.491197e-01  1.367084e-01
    outer loop
      vertex  -5.656844e-03 -3.984118e-03  5.656815e-03
      vertex  -4.769168e-03 -4.600000e-03  5.144315e-03
      vertex  -4.631844e-03 -4.600000e-03  5.656815e-03
    endloop
  endfacet
  facet normal -3.734942e-01 -8.491195e-01  3.734942e-01
    outer loop
      vertex  -5.144345e-03 -4.600000e-03  4.769139e-03
      vertex  -4.769168e-03 -4.600000e-03  5.144315e-03
      vertex  -5.656844e-03 -3.984118e-03  5.656815e-03
    endloop
  endfacet
  facet normal -1.367084e-01 -8.491197e-01  5.102026e-01
    outer loop
      vertex  -5.656844e-03 -4.600000e-03  4.631815e-03
      vertex  -5.144345e-03 -4.600000e-03  4.769139e-03
      vertex  -5.656844e-03 -3.984118e-03  5.656815e-03
    endloop
  endfacet
  facet normal -1.367084e-01 -8.491197e-01 -5.102026e-01
    outer loop
      vertex  -5.656844e-03 -3.984118e-03  5.656815e-03
      vertex  -5.144345e-03 -4.600000e-03  6.544491e-03
      vertex  -5.656844e-03 -4.600000e-03  6.681815e-03
    endloop
  endfacet
  facet normal -3.734942e-01 -8.491195e-01 -3.734942e-01
    outer loop
      vertex  -4.769168e-03 -4.600000e-03  6.169314e-03
      vertex  -5.144345e-03 -4.600000e-03  6.544491e-03
      vertex  -5.656844e-03 -3.984118e-03  5.656815e-03
    endloop
  endfacet
  facet normal -5.102026e-01 -8.491197e-01 -1.367084e-01
    outer loop
      vertex  -4.631844e-03 -4.600000e-03  5.656815e-03
      vertex  -4.769168e-03 -4.600000e-03  6.169314e-03
      vertex  -5.656844e-03 -3.984118e-03  5.656815e-03
    endloop
  endfacet
  facet normal  3.734942e-01 -8.491195e-01  3.734942e-01
    outer loop
      vertex  -5.656844e-03 -3.984118e-03  5.656815e-03
      vertex  -6.544521e-03 -4.600000e-03  5.144315e-03
      vertex  -6.169344e-03 -4.600000e-03  4.769139e-03
    endloop
  endfacet
  facet normal  5.102026e-01 -8.491197e-01  1.367084e-01
    outer loop
      vertex  -6.681845e-03 -4.600000e-03  5.656815e-03
      vertex  -6.544521e-03 -4.600000e-03  5.144315e-03
      vertex  -5.656844e-03 -3.984118e-03  5.656815e-03
    endloop
  endfacet
  facet normal  1.367084e-01 -8.491197e-01  5.102025e-01
    outer loop
      vertex  -6.169344e-03 -4.600000e-03  4.769139e-03
      vertex  -5.656844e-03 -4.600000e-03  4.631815e-03
      vertex  -5.656844e-03 -3.984118e-03  5.656815e-03
    endloop
  endfacet
  facet normal  2.083894e-01 -8.558100e-01 -4.734585e-01
    outer loop
      vertex  -5.829814e-03 -4.329486e-03  6.204960e-03
      vertex  -5.906962e-03 -4.284689e-03  6.090031e-03
      vertex  -5.656844e-03 -3.984118e-03  5.656815e-03
    endloop
  endfacet
  facet normal  4.743713e-01 -8.557155e-01 -2.066949e-01
    outer loop
      vertex  -5.656844e-03 -3.984118e-03  5.656815e-03
      vertex  -6.090060e-03 -4.284689e-03  5.906932e-03
      vertex  -6.210053e-03 -4.331871e-03  5.826880e-03
    endloop
  endfacet
  facet normal  5.070851e-01 -8.559791e-01 -1.008188e-01
    outer loop
      vertex  -6.439647e-03 -4.456571e-03  5.730836e-03
      vertex  -5.656844e-03 -3.984118e-03  5.656815e-03
      vertex  -6.210053e-03 -4.331871e-03  5.826880e-03
    endloop
  endfacet
  facet normal  3.734938e-01 -8.491200e-01 -3.734938e-01
    outer loop
      vertex  -5.906962e-03 -4.284689e-03  6.090031e-03
      vertex  -6.090060e-03 -4.284689e-03  5.906932e-03
      vertex  -5.656844e-03 -3.984118e-03  5.656815e-03
    endloop
  endfacet
  facet normal  5.115785e-01 -8.591888e-01 -9.059249e-03
    outer loop
      vertex  -6.681202e-03 -4.600000e-03  5.693103e-03
      vertex  -6.681845e-03 -4.600000e-03  5.656815e-03
      vertex  -6.439647e-03 -4.456571e-03  5.730836e-03
    endloop
  endfacet
  facet normal  5.148862e-01 -8.569144e-01 -2.428890e-02
    outer loop
      vertex  -6.439647e-03 -4.456571e-03  5.730836e-03
      vertex  -6.681845e-03 -4.600000e-03  5.656815e-03
      vertex  -5.656844e-03 -3.984118e-03  5.656815e-03
    endloop
  endfacet
  facet normal  9.059088e-03 -8.591943e-01 -5.115694e-01
    outer loop
      vertex  -5.656844e-03 -4.600000e-03  6.681815e-03
      vertex  -5.693133e-03 -4.600000e-03  6.681172e-03
      vertex  -5.730954e-03 -4.456388e-03  6.439303e-03
    endloop
  endfacet
  facet normal  1.027644e-01 -8.558924e-01 -5.068409e-01
    outer loop
      vertex  -5.730954e-03 -4.456388e-03  6.439303e-03
      vertex  -5.829814e-03 -4.329486e-03  6.204960e-03
      vertex  -5.656844e-03 -3.984118e-03  5.656815e-03
    endloop
  endfacet
  facet normal  2.433081e-02 -8.569136e-01 -5.148856e-01
    outer loop
      vertex  -5.656844e-03 -4.600000e-03  6.681815e-03
      vertex  -5.730954e-03 -4.456388e-03  6.439303e-03
      vertex  -5.656844e-03 -3.984118e-03  5.656815e-03
    endloop
  endfacet
  facet normal  1.770565e-02  0.000000e+00 -9.998433e-01
    outer loop
      vertex  -5.693133e-03 -6.400000e-03  6.681172e-03
      vertex  -5.693133e-03 -4.600000e-03  6.681172e-03
      vertex  -5.656844e-03 -4.600000e-03  6.681815e-03
    endloop
  endfacet
  facet normal  9.880904e-01  1.075821e-03 -1.538706e-01
    outer loop
      vertex  -6.681845e-03 -1.100000e-02  5.656815e-03
      vertex  -6.681202e-03 -6.400000e-03  5.693103e-03
      vertex  -6.643381e-03 -6.543612e-03  5.934972e-03
    endloop
  endfacet
  facet normal  9.658962e-01  7.817542e-03 -2.588112e-01
    outer loop
      vertex  -6.681845e-03 -1.100000e-02  5.656815e-03
      vertex  -6.643381e-03 -6.543612e-03  5.934972e-03
      vertex  -6.544521e-03 -1.100000e-02  6.169314e-03
    endloop
  endfacet
  facet normal  2.588192e-01  3.450243e-04 -9.659258e-01
    outer loop
      vertex  -6.169344e-03 -1.100000e-02  6.544491e-03
      vertex  -6.164282e-03 -6.668129e-03  6.547395e-03
      vertex  -5.656844e-03 -1.100000e-02  6.681815e-03
    endloop
  endfacet
  facet normal  3.786304e-01  1.563680e-02 -9.254159e-01
    outer loop
      vertex  -5.656844e-03 -1.100000e-02  6.681815e-03
      vertex  -6.164282e-03 -6.668129e-03  6.547395e-03
      vertex  -5.934688e-03 -6.543429e-03  6.643439e-03
    endloop
  endfacet
  facet normal  9.213687e-01  0.000000e+00 -3.886898e-01
    outer loop
      vertex  -6.643381e-03 -6.543612e-03  5.934972e-03
      vertex  -6.544521e-03 -6.670514e-03  6.169314e-03
      vertex  -6.544521e-03 -1.100000e-02  6.169314e-03
    endloop
  endfacet
  facet normal  8.302881e-01  0.000000e+00 -5.573347e-01
    outer loop
      vertex  -6.544521e-03 -1.100000e-02  6.169314e-03
      vertex  -6.544521e-03 -6.670514e-03  6.169314e-03
      vertex  -6.467373e-03 -6.715311e-03  6.284245e-03
    endloop
  endfacet
  facet normal  7.070930e-01  6.235218e-03 -7.070930e-01
    outer loop
      vertex  -6.544521e-03 -1.100000e-02  6.169314e-03
      vertex  -6.467373e-03 -6.715311e-03  6.284245e-03
      vertex  -6.169344e-03 -1.100000e-02  6.544491e-03
    endloop
  endfacet
  facet normal  7.070930e-01  6.235219e-03 -7.070930e-01
    outer loop
      vertex  -6.169344e-03 -1.100000e-02  6.544491e-03
      vertex  -6.467373e-03 -6.715311e-03  6.284245e-03
      vertex  -6.284275e-03 -6.715311e-03  6.467343e-03
    endloop
  endfacet
  facet normal  5.549939e-01 -9.099036e-05 -8.318545e-01
    outer loop
      vertex  -6.169344e-03 -1.100000e-02  6.544491e-03
      vertex  -6.284275e-03 -6.715311e-03  6.467343e-03
      vertex  -6.164282e-03 -6.668129e-03  6.547395e-03
    endloop
  endfacet
  facet normal  9.998433e-01  0.000000e+00 -1.770565e-02
    outer loop
      vertex  -6.681202e-03 -4.600000e-03  5.693103e-03
      vertex  -6.681202e-03 -6.400000e-03  5.693103e-03
      vertex  -6.681845e-03 -4.600000e-03  5.656815e-03
    endloop
  endfacet
  facet normal  9.998432e-01  0.000000e+00 -1.770565e-02
    outer loop
      vertex  -6.681845e-03 -4.600000e-03  5.656815e-03
      vertex  -6.681202e-03 -6.400000e-03  5.693103e-03
      vertex  -6.681845e-03 -1.100000e-02  5.656815e-03
    endloop
  endfacet
  facet normal  9.659258e-01  0.000000e+00  2.588192e-01
    outer loop
      vertex  -6.681845e-03 -4.600000e-03  5.656815e-03
      vertex  -6.681845e-03 -1.100000e-02  5.656815e-03
      vertex  -6.544521e-03 -4.600000e-03  5.144315e-03
    endloop
  endfacet
  facet normal  9.659258e-01  0.000000e+00  2.588192e-01
    outer loop
      vertex  -6.544521e-03 -4.600000e-03  5.144315e-03
      vertex  -6.681845e-03 -1.100000e-02  5.656815e-03
      vertex  -6.544521e-03 -1.100000e-02  5.144315e-03
    endloop
  endfacet
  facet normal  7.071068e-01  0.000000e+00  7.071068e-01
    outer loop
      vertex  -6.544521e-03 -4.600000e-03  5.144315e-03
      vertex  -6.544521e-03 -1.100000e-02  5.144315e-03
      vertex  -6.169344e-03 -4.600000e-03  4.769139e-03
    endloop
  endfacet
  facet normal  7.071068e-01  0.000000e+00  7.071068e-01
    outer loop
      vertex  -6.169344e-03 -4.600000e-03  4.769139e-03
      vertex  -6.544521e-03 -1.100000e-02  5.144315e-03
      vertex  -6.169344e-03 -1.100000e-02  4.769139e-03
    endloop
  endfacet
  facet normal  2.588192e-01  0.000000e+00  9.659258e-01
    outer loop
      vertex  -6.169344e-03 -4.600000e-03  4.769139e-03
      vertex  -6.169344e-03 -1.100000e-02  4.769139e-03
      vertex  -5.656844e-03 -4.600000e-03  4.631815e-03
    endloop
  endfacet
  facet normal  2.588192e-01  0.000000e+00  9.659258e-01
    outer loop
      vertex  -5.656844e-03 -4.600000e-03  4.631815e-03
      vertex  -6.169344e-03 -1.100000e-02  4.769139e-03
      vertex  -5.656844e-03 -1.100000e-02  4.631815e-03
    endloop
  endfacet
  facet normal -2.588192e-01  0.000000e+00  9.659258e-01
    outer loop
      vertex  -5.656844e-03 -4.600000e-03  4.631815e-03
      vertex  -5.656844e-03 -1.100000e-02  4.631815e-03
      vertex  -5.144345e-03 -4.600000e-03  4.769139e-03
    endloop
  endfacet
  facet normal -2.588192e-01  0.000000e+00  9.659258e-01
    outer loop
      vertex  -5.144345e-03 -4.600000e-03  4.769139e-03
      vertex  -5.656844e-03 -1.100000e-02  4.631815e-03
      vertex  -5.144345e-03 -1.100000e-02  4.769139e-03
    endloop
  endfacet
  facet normal -7.071068e-01  0.000000e+00  7.071068e-01
    outer loop
      vertex  -5.144345e-03 -4.600000e-03  4.769139e-03
      vertex  -5.144345e-03 -1.100000e-02  4.769139e-03
      vertex  -4.769168e-03 -4.600000e-03  5.144315e-03
    endloop
  endfacet
  facet normal -7.071068e-01  0.000000e+00  7.071068e-01
    outer loop
      vertex  -4.769168e-03 -4.600000e-03  5.144315e-03
      vertex  -5.144345e-03 -1.100000e-02  4.769139e-03
      vertex  -4.769168e-03 -1.100000e-02  5.144315e-03
    endloop
  endfacet
  facet normal -9.659258e-01  0.000000e+00  2.588192e-01
    outer loop
      vertex  -4.769168e-03 -4.600000e-03  5.144315e-03
      vertex  -4.769168e-03 -1.100000e-02  5.144315e-03
      vertex  -4.631844e-03 -4.600000e-03  5.656815e-03
    endloop
  endfacet
  facet normal -9.659258e-01  0.000000e+00  2.588192e-01
    outer loop
      vertex  -4.631844e-03 -4.600000e-03  5.656815e-03
      vertex  -4.769168e-03 -1.100000e-02  5.144315e-03
      vertex  -4.631844e-03 -1.100000e-02  5.656815e-03
    endloop
  endfacet
  facet normal -9.659258e-01 -0.000000e+00 -2.588192e-01
    outer loop
      vertex  -4.631844e-03 -4.600000e-03  5.656815e-03
      vertex  -4.631844e-03 -1.100000e-02  5.656815e-03
      vertex  -4.769168e-03 -4.600000e-03  6.169314e-03
    endloop
  endfacet
  facet normal -9.659258e-01 -0.000000e+00 -2.588192e-01
    outer loop
      vertex  -4.769168e-03 -4.600000e-03  6.169314e-03
      vertex  -4.631844e-03 -1.100000e-02  5.656815e-03
      vertex  -4.769168e-03 -1.100000e-02  6.169314e-03
    endloop
  endfacet
  facet normal -7.071068e-01 -0.000000e+00 -7.071068e-01
    outer loop
      vertex  -4.769168e-03 -4.600000e-03  6.169314e-03
      vertex  -4.769168e-03 -1.100000e-02  6.169314e-03
      vertex  -5.144345e-03 -4.600000e-03  6.544491e-03
    endloop
  endfacet
  facet normal -7.071068e-01 -0.000000e+00 -7.071068e-01
    outer loop
      vertex  -5.144345e-03 -4.600000e-03  6.544491e-03
      vertex  -4.769168e-03 -1.100000e-02  6.169314e-03
      vertex  -5.144345e-03 -1.100000e-02  6.544491e-03
    endloop
  endfacet
  facet normal -2.588192e-01 -0.000000e+00 -9.659258e-01
    outer loop
      vertex  -5.144345e-03 -4.600000e-03  6.544491e-03
      vertex  -5.144345e-03 -1.100000e-02  6.544491e-03
      vertex  -5.656844e-03 -4.600000e-03  6.681815e-03
    endloop
  endfacet
  facet normal -2.588192e-01 -0.000000e+00 -9.659258e-01
    outer loop
      vertex  -5.656844e-03 -4.600000e-03  6.681815e-03
      vertex  -5.144345e-03 -1.100000e-02  6.544491e-03
      vertex  -5.656844e-03 -1.100000e-02  6.681815e-03
    endloop
  endfacet
  facet normal  1.770565e-02  0.000000e+00 -9.998432e-01
    outer loop
      vertex  -5.656844e-03 -4.600000e-03  6.681815e-03
      vertex  -5.656844e-03 -1.100000e-02  6.681815e-03
      vertex  -5.693133e-03 -6.400000e-03  6.681172e-03
    endloop
  endfacet
  facet normal  1.537142e-01  1.074584e-03 -9.881148e-01
    outer loop
      vertex  -5.693133e-03 -6.400000e-03  6.681172e-03
      vertex  -5.656844e-03 -1.100000e-02  6.681815e-03
      vertex  -5.934688e-03 -6.543429e-03  6.643439e-03
    endloop
  endfacet
  facet normal -5.102026e-01 -8.491197e-01  1.367084e-01
    outer loop
      vertex   5.656864e-03 -3.984118e-03  5.656815e-03
      vertex   6.544540e-03 -4.600000e-03  5.144315e-03
      vertex   6.681864e-03 -4.600000e-03  5.656815e-03
    endloop
  endfacet
  facet normal -3.734942e-01 -8.491195e-01  3.734942e-01
    outer loop
      vertex   6.169364e-03 -4.600000e-03  4.769139e-03
      vertex   6.544540e-03 -4.600000e-03  5.144315e-03
      vertex   5.656864e-03 -3.984118e-03  5.656815e-03
    endloop
  endfacet
  facet normal -1.367084e-01 -8.491197e-01  5.102026e-01
    outer loop
      vertex   5.656864e-03 -4.600000e-03  4.631815e-03
      vertex   6.169364e-03 -4.600000e-03  4.769139e-03
      vertex   5.656864e-03 -3.984118e-03  5.656815e-03
    endloop
  endfacet
  facet normal  3.734942e-01 -8.491195e-01 -3.734942e-01
    outer loop
      vertex   5.656864e-03 -3.984118e-03  5.656815e-03
      vertex   5.144364e-03 -4.600000e-03  6.544491e-03
      vertex   4.769188e-03 -4.600000e-03  6.169314e-03
    endloop
  endfacet
  facet normal  1.367084e-01 -8.491197e-01 -5.102026e-01
    outer loop
      vertex   5.656864e-03 -4.600000e-03  6.681815e-03
      vertex   5.144364e-03 -4.600000e-03  6.544491e-03
      vertex   5.656864e-03 -3.984118e-03  5.656815e-03
    endloop
  endfacet
  facet normal  3.734942e-01 -8.491195e-01  3.734942e-01
    outer loop
      vertex   5.656864e-03 -3.984118e-03  5.656815e-03
      vertex   4.769188e-03 -4.600000e-03  5.144315e-03
      vertex   5.144364e-03 -4.600000e-03  4.769139e-03
    endloop
  endfacet
  facet normal  5.102026e-01 -8.491197e-01  1.367084e-01
    outer loop
      vertex   4.631864e-03 -4.600000e-03  5.656815e-03
      vertex   4.769188e-03 -4.600000e-03  5.144315e-03
      vertex   5.656864e-03 -3.984118e-03  5.656815e-03
    endloop
  endfacet
  facet normal  5.102025e-01 -8.491197e-01 -1.367084e-01
    outer loop
      vertex   4.769188e-03 -4.600000e-03  6.169314e-03
      vertex   4.631864e-03 -4.600000e-03  5.656815e-03
      vertex   5.656864e-03 -3.984118e-03  5.656815e-03
    endloop
  endfacet
  facet normal  1.367084e-01 -8.491197e-01  5.102025e-01
    outer loop
      vertex   5.144364e-03 -4.600000e-03  4.769139e-03
      vertex   5.656864e-03 -4.600000e-03  4.631815e-03
      vertex   5.656864e-03 -3.984118e-03  5.656815e-03
    endloop
  endfacet
  facet normal -4.734585e-01 -8.558101e-01 -2.083895e-01
    outer loop
      vertex   6.205010e-03 -4.329486e-03  5.829785e-03
      vertex   6.090080e-03 -4.284689e-03  5.906932e-03
      vertex   5.656864e-03 -3.984118e-03  5.656815e-03
    endloop
  endfacet
  facet normal -2.066949e-01 -8.557155e-01 -4.743713e-01
    outer loop
      vertex   5.656864e-03 -3.984118e-03  5.656815e-03
      vertex   5.906981e-03 -4.284689e-03  6.090031e-03
      vertex   5.826930e-03 -4.331871e-03  6.210024e-03
    endloop
  endfacet
  facet normal -1.008188e-01 -8.559791e-01 -5.070851e-01
    outer loop
      vertex   5.730885e-03 -4.456571e-03  6.439617e-03
      vertex   5.656864e-03 -3.984118e-03  5.656815e-03
      vertex   5.826930e-03 -4.331871e-03  6.210024e-03
    endloop
  endfacet
  facet normal -3.734938e-01 -8.491200e-01 -3.734938e-01
    outer loop
      vertex   6.090080e-03 -4.284689e-03  5.906932e-03
      vertex   5.906981e-03 -4.284689e-03  6.090031e-03
      vertex   5.656864e-03 -3.984118e-03  5.656815e-03
    endloop
  endfacet
  facet normal -9.059249e-03 -8.591888e-01 -5.115785e-01
    outer loop
      vertex   5.693153e-03 -4.600000e-03  6.681172e-03
      vertex   5.656864e-03 -4.600000e-03  6.681815e-03
      vertex   5.730885e-03 -4.456571e-03  6.439617e-03
    endloop
  endfacet
  facet normal -2.428890e-02 -8.569144e-01 -5.148862e-01
    outer loop
      vertex   5.730885e-03 -4.456571e-03  6.439617e-03
      vertex   5.656864e-03 -4.600000e-03  6.681815e-03
      vertex   5.656864e-03 -3.984118e-03  5.656815e-03
    endloop
  endfacet
  facet normal -5.115694e-01 -8.591943e-01 -9.059088e-03
    outer loop
      vertex   6.681864e-03 -4.600000e-03  5.656815e-03
      vertex   6.681222e-03 -4.600000e-03  5.693103e-03
      vertex   6.439352e-03 -4.456388e-03  5.730924e-03
    endloop
  endfacet
  facet normal -5.068409e-01 -8.558924e-01 -1.027644e-01
    outer loop
      vertex   6.439352e-03 -4.456388e-03  5.730924e-03
      vertex   6.205010e-03 -4.329486e-03  5.829785e-03
      vertex   5.656864e-03 -3.984118e-03  5.656815e-03
    endloop
  endfacet
  facet normal -5.148856e-01 -8.569136e-01 -2.433081e-02
    outer loop
      vertex   6.681864e-03 -4.600000e-03  5.656815e-03
      vertex   6.439352e-03 -4.456388e-03  5.730924e-03
      vertex   5.656864e-03 -3.984118e-03  5.656815e-03
    endloop
  endfacet
  facet normal -9.998433e-01  0.000000e+00 -1.770565e-02
    outer loop
      vertex   6.681222e-03 -6.400000e-03  5.693103e-03
      vertex   6.681222e-03 -4.600000e-03  5.693103e-03
      vertex   6.681864e-03 -4.600000e-03  5.656815e-03
    endloop
  endfacet
  facet normal -1.538706e-01  1.075821e-03 -9.880904e-01
    outer loop
      vertex   5.656864e-03 -1.100000e-02  6.681815e-03
      vertex   5.693153e-03 -6.400000e-03  6.681172e-03
      vertex   5.935022e-03 -6.543612e-03  6.643351e-03
    endloop
  endfacet
  facet normal -2.588112e-01  7.817542e-03 -9.658962e-01
    outer loop
      vertex   5.656864e-03 -1.100000e-02  6.681815e-03
      vertex   5.935022e-03 -6.543612e-03  6.643351e-03
      vertex   6.169364e-03 -1.100000e-02  6.544491e-03
    endloop
  endfacet
  facet normal -9.659258e-01  3.450243e-04 -2.588192e-01
    outer loop
      vertex   6.544540e-03 -1.100000e-02  6.169314e-03
      vertex   6.547444e-03 -6.668129e-03  6.164252e-03
      vertex   6.681864e-03 -1.100000e-02  5.656815e-03
    endloop
  endfacet
  facet normal -9.254159e-01  1.563680e-02 -3.786304e-01
    outer loop
      vertex   6.681864e-03 -1.100000e-02  5.656815e-03
      vertex   6.547444e-03 -6.668129e-03  6.164252e-03
      vertex   6.643489e-03 -6.543429e-03  5.934658e-03
    endloop
  endfacet
  facet normal -3.886898e-01  0.000000e+00 -9.213687e-01
    outer loop
      vertex   5.935022e-03 -6.543612e-03  6.643351e-03
      vertex   6.169364e-03 -6.670514e-03  6.544491e-03
      vertex   6.169364e-03 -1.100000e-02  6.544491e-03
    endloop
  endfacet
  facet normal -5.573347e-01  0.000000e+00 -8.302881e-01
    outer loop
      vertex   6.169364e-03 -1.100000e-02  6.544491e-03
      vertex   6.169364e-03 -6.670514e-03  6.544491e-03
      vertex   6.284294e-03 -6.715311e-03  6.467343e-03
    endloop
  endfacet
  facet normal -7.070930e-01  6.235218e-03 -7.070930e-01
    outer loop
      vertex   6.169364e-03 -1.100000e-02  6.544491e-03
      vertex   6.284294e-03 -6.715311e-03  6.467343e-03
      vertex   6.544540e-03 -1.100000e-02  6.169314e-03
    endloop
  endfacet
  facet normal -7.070930e-01  6.235219e-03 -7.070930e-01
    outer loop
      vertex   6.544540e-03 -1.100000e-02  6.169314e-03
      vertex   6.284294e-03 -6.715311e-03  6.467343e-03
      vertex   6.467393e-03 -6.715311e-03  6.284245e-03
    endloop
  endfacet
  facet normal -8.318545e-01 -9.099036e-05 -5.549939e-01
    outer loop
      vertex   6.544540e-03 -1.100000e-02  6.169314e-03
      vertex   6.467393e-03 -6.715311e-03  6.284245e-03
      vertex   6.547444e-03 -6.668129e-03  6.164252e-03
    endloop
  endfacet
  facet normal -1.770565e-02 -0.000000e+00 -9.998433e-01
    outer loop
      vertex   5.693153e-03 -4.600000e-03  6.681172e-03
      vertex   5.693153e-03 -6.400000e-03  6.681172e-03
      vertex   5.656864e-03 -4.600000e-03  6.681815e-03
    endloop
  endfacet
  facet normal -1.770565e-02 -0.000000e+00 -9.998432e-01
    outer loop
      vertex   5.656864e-03 -4.600000e-03  6.681815e-03
      vertex   5.693153e-03 -6.400000e-03  6.681172e-03
      vertex   5.656864e-03 -1.100000e-02  6.681815e-03
    endloop
  endfacet
  facet normal  2.588192e-01  0.000000e+00 -9.659258e-01
    outer loop
      vertex   5.656864e-03 -4.600000e-03  6.681815e-03
      vertex   5.656864e-03 -1.100000e-02  6.681815e-03
      vertex   5.144364e-03 -4.600000e-03  6.544491e-03
    endloop
  endfacet
  facet normal  2.588192e-01  0.000000e+00 -9.659258e-01
    outer loop
      vertex   5.144364e-03 -4.600000e-03  6.544491e-03
      vertex   5.656864e-03 -1.100000e-02  6.681815e-03
      vertex   5.144364e-03 -1.100000e-02  6.544491e-03
    endloop
  endfacet
  facet normal  7.071068e-01  0.000000e+00 -7.071068e-01
    outer loop
      vertex   5.144364e-03 -4.600000e-03  6.544491e-03
      vertex   5.144364e-03 -1.100000e-02  6.544491e-03
      vertex   4.769188e-03 -4.600000e-03  6.169314e-03
    endloop
  endfacet
  facet normal  7.071068e-01  0.000000e+00 -7.071068e-01
    outer loop
      vertex   4.769188e-03 -4.600000e-03  6.169314e-03
      vertex   5.144364e-03 -1.100000e-02  6.544491e-03
      vertex   4.769188e-03 -1.100000e-02  6.169314e-03
    endloop
  endfacet
  facet normal  9.659258e-01  0.000000e+00 -2.588192e-01
    outer loop
      vertex   4.769188e-03 -4.600000e-03  6.169314e-03
      vertex   4.769188e-03 -1.100000e-02  6.169314e-03
      vertex   4.631864e-03 -4.600000e-03  5.656815e-03
    endloop
  endfacet
  facet normal  9.659258e-01  0.000000e+00 -2.588192e-01
    outer loop
      vertex   4.631864e-03 -4.600000e-03  5.656815e-03
      vertex   4.769188e-03 -1.100000e-02  6.169314e-03
      vertex   4.631864e-03 -1.100000e-02  5.656815e-03
    endloop
  endfacet
  facet normal  9.659258e-01  0.000000e+00  2.588192e-01
    outer loop
      vertex   4.631864e-03 -4.600000e-03  5.656815e-03
      vertex   4.631864e-03 -1.100000e-02  5.656815e-03
      vertex   4.769188e-03 -4.600000e-03  5.144315e-03
    endloop
  endfacet
  facet normal  9.659258e-01  0.000000e+00  2.588192e-01
    outer loop
      vertex   4.769188e-03 -4.600000e-03  5.144315e-03
      vertex   4.631864e-03 -1.100000e-02  5.656815e-03
      vertex   4.769188e-03 -1.100000e-02  5.144315e-03
    endloop
  endfacet
  facet normal  7.071068e-01  0.000000e+00  7.071068e-01
    outer loop
      vertex   4.769188e-03 -4.600000e-03  5.144315e-03
      vertex   4.769188e-03 -1.100000e-02  5.144315e-03
      vertex   5.144364e-03 -4.600000e-03  4.769139e-03
    endloop
  endfacet
  facet normal  7.071068e-01  0.000000e+00  7.071068e-01
    outer loop
      vertex   5.144364e-03 -4.600000e-03  4.769139e-03
      vertex   4.769188e-03 -1.100000e-02  5.144315e-03
      vertex   5.144364e-03 -1.100000e-02  4.769139e-03
    endloop
  endfacet
  facet normal  2.588192e-01  0.000000e+00  9.659258e-01
    outer loop
      vertex   5.144364e-03 -4.600000e-03  4.769139e-03
      vertex   5.144364e-03 -1.100000e-02  4.769139e-03
      vertex   5.656864e-03 -4.600000e-03  4.631815e-03
    endloop
  endfacet
  facet normal  2.588192e-01  0.000000e+00  9.659258e-01
    outer loop
      vertex   5.656864e-03 -4.600000e-03  4.631815e-03
      vertex   5.144364e-03 -1.100000e-02  4.769139e-03
      vertex   5.656864e-03 -1.100000e-02  4.631815e-03
    endloop
  endfacet
  facet normal -2.588192e-01  0.000000e+00  9.659258e-01
    outer loop
      vertex   5.656864e-03 -4.600000e-03  4.631815e-03
      vertex   5.656864e-03 -1.100000e-02  4.631815e-03
      vertex   6.169364e-03 -4.600000e-03  4.769139e-03
    endloop
  endfacet
  facet normal -2.588192e-01  0.000000e+00  9.659258e-01
    outer loop
      vertex   6.169364e-03 -4.600000e-03  4.769139e-03
      vertex   5.656864e-03 -1.100000e-02  4.631815e-03
      vertex   6.169364e-03 -1.100000e-02  4.769139e-03
    endloop
  endfacet
  facet normal -7.071068e-01  0.000000e+00  7.071068e-01
    outer loop
      vertex   6.169364e-03 -4.600000e-03  4.769139e-03
      vertex   6.169364e-03 -1.100000e-02  4.769139e-03
      vertex   6.544540e-03 -4.600000e-03  5.144315e-03
    endloop
  endfacet
  facet normal -7.071068e-01  0.000000e+00  7.071068e-01
    outer loop
      vertex   6.544540e-03 -4.600000e-03  5.144315e-03
      vertex   6.169364e-03 -1.100000e-02  4.769139e-03
      vertex   6.544540e-03 -1.100000e-02  5.144315e-03
    endloop
  endfacet
  facet normal -9.659258e-01  0.000000e+00  2.588192e-01
    outer loop
      vertex   6.544540e-03 -4.600000e-03  5.144315e-03
      vertex   6.544540e-03 -1.100000e-02  5.144315e-03
      vertex   6.681864e-03 -4.600000e-03  5.656815e-03
    endloop
  endfacet
  facet normal -9.659258e-01  0.000000e+00  2.588192e-01
    outer loop
      vertex   6.681864e-03 -4.600000e-03  5.656815e-03
      vertex   6.544540e-03 -1.100000e-02  5.144315e-03
      vertex   6.681864e-03 -1.100000e-02  5.656815e-03
    endloop
  endfacet
  facet normal -9.998432e-01 -0.000000e+00 -1.770565e-02
    outer loop
      vertex   6.681864e-03 -4.600000e-03  5.656815e-03
      vertex   6.681864e-03 -1.100000e-02  5.656815e-03
      vertex   6.681222e-03 -6.400000e-03  5.693103e-03
    endloop
  endfacet
  facet normal -9.881148e-01  1.074584e-03 -1.537142e-01
    outer loop
      vertex   6.681222e-03 -6.400000e-03  5.693103e-03
      vertex   6.681864e-03 -1.100000e-02  5.656815e-03
      vertex   6.643489e-03 -6.543429e-03  5.934658e-03
    endloop
  endfacet
  facet normal -1.367084e-01 -8.491197e-01 -5.102026e-01
    outer loop
      vertex   5.656864e-03 -3.984118e-03 -5.656894e-03
      vertex   6.169364e-03 -4.600000e-03 -4.769218e-03
      vertex   5.656864e-03 -4.600000e-03 -4.631894e-03
    endloop
  endfacet
  facet normal -3.734942e-01 -8.491195e-01 -3.734942e-01
    outer loop
      vertex   6.544540e-03 -4.600000e-03 -5.144394e-03
      vertex   6.169364e-03 -4.600000e-03 -4.769218e-03
      vertex   5.656864e-03 -3.984118e-03 -5.656894e-03
    endloop
  endfacet
  facet normal -5.102026e-01 -8.491197e-01 -1.367084e-01
    outer loop
      vertex   6.681864e-03 -4.600000e-03 -5.656894e-03
      vertex   6.544540e-03 -4.600000e-03 -5.144394e-03
      vertex   5.656864e-03 -3.984118e-03 -5.656894e-03
    endloop
  endfacet
  facet normal  5.102026e-01 -8.491197e-01 -1.367084e-01
    outer loop
      vertex   5.656864e-03 -3.984118e-03 -5.656894e-03
      vertex   4.769188e-03 -4.600000e-03 -5.144394e-03
      vertex   4.631864e-03 -4.600000e-03 -5.656894e-03
    endloop
  endfacet
  facet normal  3.734942e-01 -8.491195e-01 -3.734942e-01
    outer loop
      vertex   5.144364e-03 -4.600000e-03 -4.769218e-03
      vertex   4.769188e-03 -4.600000e-03 -5.144394e-03
      vertex   5.656864e-03 -3.984118e-03 -5.656894e-03
    endloop
  endfacet
  facet normal  1.367084e-01 -8.491197e-01 -5.102026e-01
    outer loop
      vertex   5.656864e-03 -4.600000e-03 -4.631894e-03
      vertex   5.144364e-03 -4.600000e-03 -4.769218e-03
      vertex   5.656864e-03 -3.984118e-03 -5.656894e-03
    endloop
  endfacet
  facet normal  1.367084e-01 -8.491197e-01  5.102026e-01
    outer loop
      vertex   5.656864e-03 -3.984118e-03 -5.656894e-03
      vertex   5.144364e-03 -4.600000e-03 -6.544570e-03
      vertex   5.656864e-03 -4.600000e-03 -6.681894e-03
    endloop
  endfacet
  facet normal  3.734942e-01 -8.491195e-01  3.734942e-01
    outer loop
      vertex   4.769188e-03 -4.600000e-03 -6.169394e-03
      vertex   5.144364e-03 -4.600000e-03 -6.544570e-03
      vertex   5.656864e-03 -3.984118e-03 -5.656894e-03
    endloop
  endfacet
  facet normal  5.102026e-01 -8.491197e-01  1.367084e-01
    outer loop
      vertex   4.631864e-03 -4.600000e-03 -5.656894e-03
      vertex   4.769188e-03 -4.600000e-03 -6.169394e-03
      vertex   5.656864e-03 -3.984118e-03 -5.656894e-03
    endloop
  endfacet
  facet normal -2.083894e-01 -8.558100e-01  4.734585e-01
    outer loop
      vertex   5.829834e-03 -4.329486e-03 -6.205040e-03
      vertex   5.906981e-03 -4.284689e-03 -6.090110e-03
      vertex   5.656864e-03 -3.984118e-03 -5.656894e-03
    endloop
  endfacet
  facet normal -4.743713e-01 -8.557155e-01  2.066949e-01
    outer loop
      vertex   5.656864e-03 -3.984118e-03 -5.656894e-03
      vertex   6.090080e-03 -4.284689e-03 -5.907011e-03
      vertex   6.210073e-03 -4.331871e-03 -5.826959e-03
    endloop
  endfacet
  facet normal -5.070851e-01 -8.559791e-01  1.008188e-01
    outer loop
      vertex   6.439667e-03 -4.456571e-03 -5.730915e-03
      vertex   5.656864e-03 -3.984118e-03 -5.656894e-03
      vertex   6.210073e-03 -4.331871e-03 -5.826959e-03
    endloop
  endfacet
  facet normal -3.734938e-01 -8.491200e-01  3.734938e-01
    outer loop
      vertex   5.906981e-03 -4.284689e-03 -6.090110e-03
      vertex   6.090080e-03 -4.284689e-03 -5.907011e-03
      vertex   5.656864e-03 -3.984118e-03 -5.656894e-03
    endloop
  endfacet
  facet normal -5.115785e-01 -8.591888e-01  9.059249e-03
    outer loop
      vertex   6.681222e-03 -4.600000e-03 -5.693182e-03
      vertex   6.681864e-03 -4.600000e-03 -5.656894e-03
      vertex   6.439667e-03 -4.456571e-03 -5.730915e-03
    endloop
  endfacet
  facet normal -5.148862e-01 -8.569144e-01  2.428890e-02
    outer loop
      vertex   6.439667e-03 -4.456571e-03 -5.730915e-03
      vertex   6.681864e-03 -4.600000e-03 -5.656894e-03
      vertex   5.656864e-03 -3.984118e-03 -5.656894e-03
    endloop
  endfacet
  facet normal -9.059088e-03 -8.591943e-01  5.115694e-01
    outer loop
      vertex   5.656864e-03 -4.600000e-03 -6.681894e-03
      vertex   5.693153e-03 -4.600000e-03 -6.681251e-03
      vertex   5.730974e-03 -4.456388e-03 -6.439382e-03
    endloop
  endfacet
  facet normal -1.027644e-01 -8.558924e-01  5.068409e-01
    outer loop
      vertex   5.730974e-03 -4.456388e-03 -6.439382e-03
      vertex   5.829834e-03 -4.329486e-03 -6.205040e-03
      vertex   5.656864e-03 -3.984118e-03 -5.656894e-03
    endloop
  endfacet
  facet normal -2.433081e-02 -8.569136e-01  5.148856e-01
    outer loop
      vertex   5.656864e-03 -4.600000e-03 -6.681894e-03
      vertex   5.730974e-03 -4.456388e-03 -6.439382e-03
      vertex   5.656864e-03 -3.984118e-03 -5.656894e-03
    endloop
  endfacet
  facet normal -1.770565e-02  0.000000e+00  9.998433e-01
    outer loop
      vertex   5.693153e-03 -6.400000e-03 -6.681251e-03
      vertex   5.693153e-03 -4.600000e-03 -6.681251e-03
      vertex   5.656864e-03 -4.600000e-03 -6.681894e-03
    endloop
  endfacet
  facet normal -9.880904e-01  1.075821e-03  1.538706e-01
    outer loop
      vertex   6.681864e-03 -1.100000e-02 -5.656894e-03
      vertex   6.681222e-03 -6.400000e-03 -5.693182e-03
      vertex   6.643400e-03 -6.543612e-03 -5.935051e-03
    endloop
  endfacet
  facet normal -9.658962e-01  7.817542e-03  2.588112e-01
    outer loop
      vertex   6.681864e-03 -1.100000e-02 -5.656894e-03
      vertex   6.643400e-03 -6.543612e-03 -5.935051e-03
      vertex   6.544540e-03 -1.100000e-02 -6.169394e-03
    endloop
  endfacet
  facet normal -2.588192e-01  3.450243e-04  9.659258e-01
    outer loop
      vertex   6.169364e-03 -1.100000e-02 -6.544570e-03
      vertex   6.164301e-03 -6.668129e-03 -6.547474e-03
      vertex   5.656864e-03 -1.100000e-02 -6.681894e-03
    endloop
  endfacet
  facet normal -3.786304e-01  1.563680e-02  9.254159e-01
    outer loop
      vertex   5.656864e-03 -1.100000e-02 -6.681894e-03
      vertex   6.164301e-03 -6.668129e-03 -6.547474e-03
      vertex   5.934707e-03 -6.543429e-03 -6.643518e-03
    endloop
  endfacet
  facet normal -9.213687e-01  0.000000e+00  3.886898e-01
    outer loop
      vertex   6.643400e-03 -6.543612e-03 -5.935051e-03
      vertex   6.544540e-03 -6.670514e-03 -6.169394e-03
      vertex   6.544540e-03 -1.100000e-02 -6.169394e-03
    endloop
  endfacet
  facet normal -8.302881e-01  0.000000e+00  5.573347e-01
    outer loop
      vertex   6.544540e-03 -1.100000e-02 -6.169394e-03
      vertex   6.544540e-03 -6.670514e-03 -6.169394e-03
      vertex   6.467393e-03 -6.715311e-03 -6.284324e-03
    endloop
  endfacet
  facet normal -7.070930e-01  6.235218e-03  7.070930e-01
    outer loop
      vertex   6.544540e-03 -1.100000e-02 -6.169394e-03
      vertex   6.467393e-03 -6.715311e-03 -6.284324e-03
      vertex   6.169364e-03 -1.100000e-02 -6.544570e-03
    endloop
  endfacet
  facet normal -7.070930e-01  6.235219e-03  7.070930e-01
    outer loop
      vertex   6.169364e-03 -1.100000e-02 -6.544570e-03
      vertex   6.467393e-03 -6.715311e-03 -6.284324e-03
      vertex   6.284294e-03 -6.715311e-03 -6.467422e-03
    endloop
  endfacet
  facet normal -5.549939e-01 -9.099036e-05  8.318545e-01
    outer loop
      vertex   6.169364e-03 -1.100000e-02 -6.544570e-03
      vertex   6.284294e-03 -6.715311e-03 -6.467422e-03
      vertex   6.164301e-03 -6.668129e-03 -6.547474e-03
    endloop
  endfacet
  facet normal -9.998433e-01  0.000000e+00  1.770565e-02
    outer loop
      vertex   6.681222e-03 -4.600000e-03 -5.693182e-03
      vertex   6.681222e-03 -6.400000e-03 -5.693182e-03
      vertex   6.681864e-03 -4.600000e-03 -5.656894e-03
    endloop
  endfacet
  facet normal -9.998432e-01  0.000000e+00  1.770565e-02
    outer loop
      vertex   6.681864e-03 -4.600000e-03 -5.656894e-03
      vertex   6.681222e-03 -6.400000e-03 -5.693182e-03
      vertex   6.681864e-03 -1.100000e-02 -5.656894e-03
    endloop
  endfacet
  facet normal -9.659258e-01 -0.000000e+00 -2.588192e-01
    outer loop
      vertex   6.681864e-03 -4.600000e-03 -5.656894e-03
      vertex   6.681864e-03 -1.100000e-02 -5.656894e-03
      vertex   6.544540e-03 -4.600000e-03 -5.144394e-03
    endloop
  endfacet
  facet normal -9.659258e-01 -0.000000e+00 -2.588192e-01
    outer loop
      vertex   6.544540e-03 -4.600000e-03 -5.144394e-03
      vertex   6.681864e-03 -1.100000e-02 -5.656894e-03
      vertex   6.544540e-03 -1.100000e-02 -5.144394e-03
    endloop
  endfacet
  facet normal -7.071068e-01 -0.000000e+00 -7.071068e-01
    outer loop
      vertex   6.544540e-03 -4.600000e-03 -5.144394e-03
      vertex   6.544540e-03 -1.100000e-02 -5.144394e-03
      vertex   6.169364e-03 -4.600000e-03 -4.769218e-03
    endloop
  endfacet
  facet normal -7.071068e-01 -0.000000e+00 -7.071068e-01
    outer loop
      vertex   6.169364e-03 -4.600000e-03 -4.769218e-03
      vertex   6.544540e-03 -1.100000e-02 -5.144394e-03
      vertex   6.169364e-03 -1.100000e-02 -4.769218e-03
    endloop
  endfacet
  facet normal -2.588192e-01 -0.000000e+00 -9.659258e-01
    outer loop
      vertex   6.169364e-03 -4.600000e-03 -4.769218e-03
      vertex   6.169364e-03 -1.100000e-02 -4.769218e-03
      vertex   5.656864e-03 -4.600000e-03 -4.631894e-03
    endloop
  endfacet
  facet normal -2.588192e-01 -0.000000e+00 -9.659258e-01
    outer loop
      vertex   5.656864e-03 -4.600000e-03 -4.631894e-03
      vertex   6.169364e-03 -1.100000e-02 -4.769218e-03
      vertex   5.656864e-03 -1.100000e-02 -4.631894e-03
    endloop
  endfacet
  facet normal  2.588192e-01  0.000000e+00 -9.659258e-01
    outer loop
      vertex   5.656864e-03 -4.600000e-03 -4.631894e-03
      vertex   5.656864e-03 -1.100000e-02 -4.631894e-03
      vertex   5.144364e-03 -4.600000e-03 -4.769218e-03
    endloop
  endfacet
  facet normal  2.588192e-01  0.000000e+00 -9.659258e-01
    outer loop
      vertex   5.144364e-03 -4.600000e-03 -4.769218e-03
      vertex   5.656864e-03 -1.100000e-02 -4.631894e-03
      vertex   5.144364e-03 -1.100000e-02 -4.769218e-03
    endloop
  endfacet
  facet normal  7.071068e-01  0.000000e+00 -7.071068e-01
    outer loop
      vertex   5.144364e-03 -4.600000e-03 -4.769218e-03
      vertex   5.144364e-03 -1.100000e-02 -4.769218e-03
      vertex   4.769188e-03 -4.600000e-03 -5.144394e-03
    endloop
  endfacet
  facet normal  7.071068e-01  0.000000e+00 -7.071068e-01
    outer loop
      vertex   4.769188e-03 -4.600000e-03 -5.144394e-03
      vertex   5.144364e-03 -1.100000e-02 -4.769218e-03
      vertex   4.769188e-03 -1.100000e-02 -5.144394e-03
    endloop
  endfacet
  facet normal  9.659258e-01  0.000000e+00 -2.588192e-01
    outer loop
      vertex   4.769188e-03 -4.600000e-03 -5.144394e-03
      vertex   4.769188e-03 -1.100000e-02 -5.144394e-03
      vertex   4.631864e-03 -4.600000e-03 -5.656894e-03
    endloop
  endfacet
  facet normal  9.659258e-01  0.000000e+00 -2.588192e-01
    outer loop
      vertex   4.631864e-03 -4.600000e-03 -5.656894e-03
      vertex   4.769188e-03 -1.100000e-02 -5.144394e-03
      vertex   4.631864e-03 -1.100000e-02 -5.656894e-03
    endloop
  endfacet
  facet normal  9.659258e-01  0.000000e+00  2.588192e-01
    outer loop
      vertex   4.631864e-03 -4.600000e-03 -5.656894e-03
      vertex   4.631864e-03 -1.100000e-02 -5.656894e-03
      vertex   4.769188e-03 -4.600000e-03 -6.169394e-03
    endloop
  endfacet
  facet normal  9.659258e-01  0.000000e+00  2.588192e-01
    outer loop
      vertex   4.769188e-03 -4.600000e-03 -6.169394e-03
      vertex   4.631864e-03 -1.100000e-02 -5.656894e-03
      vertex   4.769188e-03 -1.100000e-02 -6.169394e-03
    endloop
  endfacet
  facet normal  7.071068e-01  0.000000e+00  7.071068e-01
    outer loop
      vertex   4.769188e-03 -4.600000e-03 -6.169394e-03
      vertex   4.769188e-03 -1.100000e-02 -6.169394e-03
      vertex   5.144364e-03 -4.600000e-03 -6.544570e-03
    endloop
  endfacet
  facet normal  7.071068e-01  0.000000e+00  7.071068e-01
    outer loop
      vertex   5.144364e-03 -4.600000e-03 -6.544570e-03
      vertex   4.769188e-03 -1.100000e-02 -6.169394e-03
      vertex   5.144364e-03 -1.100000e-02 -6.544570e-03
    endloop
  endfacet
  facet normal  2.588192e-01  0.000000e+00  9.659258e-01
    outer loop
      vertex   5.144364e-03 -4.600000e-03 -6.544570e-03
      vertex   5.144364e-03 -1.100000e-02 -6.544570e-03
      vertex   5.656864e-03 -4.600000e-03 -6.681894e-03
    endloop
  endfacet
  facet normal  2.588192e-01  0.000000e+00  9.659258e-01
    outer loop
      vertex   5.656864e-03 -4.600000e-03 -6.681894e-03
      vertex   5.144364e-03 -1.100000e-02 -6.544570e-03
      vertex   5.656864e-03 -1.100000e-02 -6.681894e-03
    endloop
  endfacet
  facet normal -1.770565e-02  0.000000e+00  9.998432e-01
    outer loop
      vertex   5.656864e-03 -4.600000e-03 -6.681894e-03
      vertex   5.656864e-03 -1.100000e-02 -6.681894e-03
      vertex   5.693153e-03 -6.400000e-03 -6.681251e-03
    endloop
  endfacet
  facet normal -1.537142e-01  1.074584e-03  9.881148e-01
    outer loop
      vertex   5.693153e-03 -6.400000e-03 -6.681251e-03
      vertex   5.656864e-03 -1.100000e-02 -6.681894e-03
      vertex   5.934707e-03 -6.543429e-03 -6.643518e-03
    endloop
  endfacet
  facet normal -5.102026e-01 -8.491197e-01  1.367084e-01
    outer loop
      vertex  -5.656844e-03 -3.984118e-03 -5.656894e-03
      vertex  -4.769168e-03 -4.600000e-03 -6.169394e-03
      vertex  -4.631844e-03 -4.600000e-03 -5.656894e-03
    endloop
  endfacet
  facet normal -3.734942e-01 -8.491195e-01  3.734942e-01
    outer loop
      vertex  -5.144345e-03 -4.600000e-03 -6.544570e-03
      vertex  -4.769168e-03 -4.600000e-03 -6.169394e-03
      vertex  -5.656844e-03 -3.984118e-03 -5.656894e-03
    endloop
  endfacet
  facet normal -1.367084e-01 -8.491197e-01  5.102026e-01
    outer loop
      vertex  -5.656844e-03 -4.600000e-03 -6.681894e-03
      vertex  -5.144345e-03 -4.600000e-03 -6.544570e-03
      vertex  -5.656844e-03 -3.984118e-03 -5.656894e-03
    endloop
  endfacet
  facet normal -1.367084e-01 -8.491197e-01 -5.102026e-01
    outer loop
      vertex  -5.656844e-03 -3.984118e-03 -5.656894e-03
      vertex  -5.144345e-03 -4.600000e-03 -4.769218e-03
      vertex  -5.656844e-03 -4.600000e-03 -4.631894e-03
    endloop
  endfacet
  facet normal -3.734942e-01 -8.491195e-01 -3.734942e-01
    outer loop
      vertex  -4.769168e-03 -4.600000e-03 -5.144394e-03
      vertex  -5.144345e-03 -4.600000e-03 -4.769218e-03
      vertex  -5.656844e-03 -3.984118e-03 -5.656894e-03
    endloop
  endfacet
  facet normal -5.102026e-01 -8.491197e-01 -1.367084e-01
    outer loop
      vertex  -4.631844e-03 -4.600000e-03 -5.656894e-03
      vertex  -4.769168e-03 -4.600000e-03 -5.144394e-03
      vertex  -5.656844e-03 -3.984118e-03 -5.656894e-03
    endloop
  endfacet
  facet normal  5.102026e-01 -8.491197e-01 -1.367084e-01
    outer loop
      vertex  -5.656844e-03 -3.984118e-03 -5.656894e-03
      vertex  -6.544521e-03 -4.600000e-03 -5.144394e-03
      vertex  -6.681845e-03 -4.600000e-03 -5.656894e-03
    endloop
  endfacet
  facet normal  3.734942e-01 -8.491195e-01 -3.734942e-01
    outer loop
      vertex  -6.169344e-03 -4.600000e-03 -4.769218e-03
      vertex  -6.544521e-03 -4.600000e-03 -5.144394e-03
      vertex  -5.656844e-03 -3.984118e-03 -5.656894e-03
    endloop
  endfacet
  facet normal  1.367084e-01 -8.491197e-01 -5.102026e-01
    outer loop
      vertex  -5.656844e-03 -4.600000e-03 -4.631894e-03
      vertex  -6.169344e-03 -4.600000e-03 -4.769218e-03
      vertex  -5.656844e-03 -3.984118e-03 -5.656894e-03
    endloop
  endfacet
  facet normal  4.734585e-01 -8.558101e-01  2.083895e-01
    outer loop
      vertex  -6.204990e-03 -4.329486e-03 -5.829864e-03
      vertex  -6.090060e-03 -4.284689e-03 -5.907011e-03
      vertex  -5.656844e-03 -3.984118e-03 -5.656894e-03
    endloop
  endfacet
  facet normal  2.066949e-01 -8.557155e-01  4.743713e-01
    outer loop
      vertex  -5.656844e-03 -3.984118e-03 -5.656894e-03
      vertex  -5.906962e-03 -4.284689e-03 -6.090110e-03
      vertex  -5.826910e-03 -4.331871e-03 -6.210103e-03
    endloop
  endfacet
  facet normal  1.008188e-01 -8.559791e-01  5.070851e-01
    outer loop
      vertex  -5.730866e-03 -4.456571e-03 -6.439697e-03
      vertex  -5.656844e-03 -3.984118e-03 -5.656894e-03
      vertex  -5.826910e-03 -4.331871e-03 -6.210103e-03
    endloop
  endfacet
  facet normal  3.734938e-01 -8.491200e-01  3.734938e-01
    outer loop
      vertex  -6.090060e-03 -4.284689e-03 -5.907011e-03
      vertex  -5.906962e-03 -4.284689e-03 -6.090110e-03
      vertex  -5.656844e-03 -3.984118e-03 -5.656894e-03
    endloop
  endfacet
  facet normal  9.059249e-03 -8.591888e-01  5.115785e-01
    outer loop
      vertex  -5.693133e-03 -4.600000e-03 -6.681251e-03
      vertex  -5.656844e-03 -4.600000e-03 -6.681894e-03
      vertex  -5.730866e-03 -4.456571e-03 -6.439697e-03
    endloop
  endfacet
  facet normal  2.428890e-02 -8.569144e-01  5.148862e-01
    outer loop
      vertex  -5.730866e-03 -4.456571e-03 -6.439697e-03
      vertex  -5.656844e-03 -4.600000e-03 -6.681894e-03
      vertex  -5.656844e-03 -3.984118e-03 -5.656894e-03
    endloop
  endfacet
  facet normal  5.115694e-01 -8.591943e-01  9.059088e-03
    outer loop
      vertex  -6.681845e-03 -4.600000e-03 -5.656894e-03
      vertex  -6.681202e-03 -4.600000e-03 -5.693182e-03
      vertex  -6.439332e-03 -4.456388e-03 -5.731003e-03
    endloop
  endfacet
  facet normal  5.068409e-01 -8.558924e-01  1.027644e-01
    outer loop
      vertex  -6.439332e-03 -4.456388e-03 -5.731003e-03
      vertex  -6.204990e-03 -4.329486e-03 -5.829864e-03
      vertex  -5.656844e-03 -3.984118e-03 -5.656894e-03
    endloop
  endfacet
  facet normal  5.148856e-01 -8.569136e-01  2.433081e-02
    outer loop
      vertex  -6.681845e-03 -4.600000e-03 -5.656894e-03
      vertex  -6.439332e-03 -4.456388e-03 -5.731003e-03
      vertex  -5.656844e-03 -3.984118e-03 -5.656894e-03
    endloop
  endfacet
  facet normal  9.998433e-01 -0.000000e+00  1.770565e-02
    outer loop
      vertex  -6.681202e-03 -6.400000e-03 -5.693182e-03
      vertex  -6.681202e-03 -4.600000e-03 -5.693182e-03
      vertex  -6.681845e-03 -4.600000e-03 -5.656894e-03
    endloop
  endfacet
  facet normal  1.538706e-01  1.075821e-03  9.880904e-01
    outer loop
      vertex  -5.656844e-03 -1.100000e-02 -6.681894e-03
      vertex  -5.693133e-03 -6.400000e-03 -6.681251e-03
      vertex  -5.935002e-03 -6.543612e-03 -6.643430e-03
    endloop
  endfacet
  facet normal  2.588112e-01  7.817542e-03  9.658962e-01
    outer loop
      vertex  -5.656844e-03 -1.100000e-02 -6.681894e-03
      vertex  -5.935002e-03 -6.543612e-03 -6.643430e-03
      vertex  -6.169344e-03 -1.100000e-02 -6.544570e-03
    endloop
  endfacet
  facet normal  9.659258e-01  3.450243e-04  2.588192e-01
    outer loop
      vertex  -6.544521e-03 -1.100000e-02 -6.169394e-03
      vertex  -6.547424e-03 -6.668129e-03 -6.164331e-03
      vertex  -6.681845e-03 -1.100000e-02 -5.656894e-03
    endloop
  endfacet
  facet normal  9.254159e-01  1.563680e-02  3.786304e-01
    outer loop
      vertex  -6.681845e-03 -1.100000e-02 -5.656894e-03
      vertex  -6.547424e-03 -6.668129e-03 -6.164331e-03
      vertex  -6.643469e-03 -6.543429e-03 -5.934737e-03
    endloop
  endfacet
  facet normal  3.886898e-01  0.000000e+00  9.213687e-01
    outer loop
      vertex  -5.935002e-03 -6.543612e-03 -6.643430e-03
      vertex  -6.169344e-03 -6.670514e-03 -6.544570e-03
      vertex  -6.169344e-03 -1.100000e-02 -6.544570e-03
    endloop
  endfacet
  facet normal  5.573347e-01 -0.000000e+00  8.302881e-01
    outer loop
      vertex  -6.169344e-03 -1.100000e-02 -6.544570e-03
      vertex  -6.169344e-03 -6.670514e-03 -6.544570e-03
      vertex  -6.284275e-03 -6.715311e-03 -6.467422e-03
    endloop
  endfacet
  facet normal  7.070930e-01  6.235218e-03  7.070930e-01
    outer loop
      vertex  -6.169344e-03 -1.100000e-02 -6.544570e-03
      vertex  -6.284275e-03 -6.715311e-03 -6.467422e-03
      vertex  -6.544521e-03 -1.100000e-02 -6.169394e-03
    endloop
  endfacet
  facet normal  7.070930e-01  6.235219e-03  7.070930e-01
    outer loop
      vertex  -6.544521e-03 -1.100000e-02 -6.169394e-03
      vertex  -6.284275e-03 -6.715311e-03 -6.467422e-03
      vertex  -6.467373e-03 -6.715311e-03 -6.284324e-03
    endloop
  endfacet
  facet normal  8.318545e-01 -9.099036e-05  5.549939e-01
    outer loop
      vertex  -6.544521e-03 -1.100000e-02 -6.169394e-03
      vertex  -6.467373e-03 -6.715311e-03 -6.284324e-03
      vertex  -6.547424e-03 -6.668129e-03 -6.164331e-03
    endloop
  endfacet
  facet normal  1.770565e-02  0.000000e+00  9.998433e-01
    outer loop
      vertex  -5.693133e-03 -4.600000e-03 -6.681251e-03
      vertex  -5.693133e-03 -6.400000e-03 -6.681251e-03
      vertex  -5.656844e-03 -4.600000e-03 -6.681894e-03
    endloop
  endfacet
  facet normal  1.770565e-02  0.000000e+00  9.998432e-01
    outer loop
      vertex  -5.656844e-03 -4.600000e-03 -6.681894e-03
      vertex  -5.693133e-03 -6.400000e-03 -6.681251e-03
      vertex  -5.656844e-03 -1.100000e-02 -6.681894e-03
    endloop
  endfacet
  facet normal -2.588192e-01  0.000000e+00  9.659258e-01
    outer loop
      vertex  -5.656844e-03 -4.600000e-03 -6.681894e-03
      vertex  -5.656844e-03 -1.100000e-02 -6.681894e-03
      vertex  -5.144345e-03 -4.600000e-03 -6.544570e-03
    endloop
  endfacet
  facet normal -2.588192e-01  0.000000e+00  9.659258e-01
    outer loop
      vertex  -5.144345e-03 -4.600000e-03 -6.544570e-03
      vertex  -5.656844e-03 -1.100000e-02 -6.681894e-03
      vertex  -5.144345e-03 -1.100000e-02 -6.544570e-03
    endloop
  endfacet
  facet normal -7.071068e-01  0.000000e+00  7.071068e-01
    outer loop
      vertex  -5.144345e-03 -4.600000e-03 -6.544570e-03
      vertex  -5.144345e-03 -1.100000e-02 -6.544570e-03
      vertex  -4.769168e-03 -4.600000e-03 -6.169394e-03
    endloop
  endfacet
  facet normal -7.071068e-01  0.000000e+00  7.071068e-01
    outer loop
      vertex  -4.769168e-03 -4.600000e-03 -6.169394e-03
      vertex  -5.144345e-03 -1.100000e-02 -6.544570e-03
      vertex  -4.769168e-03 -1.100000e-02 -6.169394e-03
    endloop
  endfacet
  facet normal -9.659258e-01  0.000000e+00  2.588192e-01
    outer loop
      vertex  -4.769168e-03 -4.600000e-03 -6.169394e-03
      vertex  -4.769168e-03 -1.100000e-02 -6.169394e-03
      vertex  -4.631844e-03 -4.600000e-03 -5.656894e-03
    endloop
  endfacet
  facet normal -9.659258e-01  0.000000e+00  2.588192e-01
    outer loop
      vertex  -4.631844e-03 -4.600000e-03 -5.656894e-03
      vertex  -4.769168e-03 -1.100000e-02 -6.169394e-03
      vertex  -4.631844e-03 -1.100000e-02 -5.656894e-03
    endloop
  endfacet
  facet normal -9.659258e-01 -0.000000e+00 -2.588192e-01
    outer loop
      vertex  -4.631844e-03 -4.600000e-03 -5.656894e-03
      vertex  -4.631844e-03 -1.100000e-02 -5.656894e-03
      vertex  -4.769168e-03 -4.600000e-03 -5.144394e-03
    endloop
  endfacet
  facet normal -9.659258e-01 -0.000000e+00 -2.588192e-01
    outer loop
      vertex  -4.769168e-03 -4.600000e-03 -5.144394e-03
      vertex  -4.631844e-03 -1.100000e-02 -5.656894e-03
      vertex  -4.769168e-03 -1.100000e-02 -5.144394e-03
    endloop
  endfacet
  facet normal -7.071068e-01 -0.000000e+00 -7.071068e-01
    outer loop
      vertex  -4.769168e-03 -4.600000e-03 -5.144394e-03
      vertex  -4.769168e-03 -1.100000e-02 -5.144394e-03
      vertex  -5.144345e-03 -4.600000e-03 -4.769218e-03
    endloop
  endfacet
  facet normal -7.071068e-01 -0.000000e+00 -7.071068e-01
    outer loop
      vertex  -5.144345e-03 -4.600000e-03 -4.769218e-03
      vertex  -4.769168e-03 -1.100000e-02 -5.144394e-03
      vertex  -5.144345e-03 -1.100000e-02 -4.769218e-03
    endloop
  endfacet
  facet normal -2.588192e-01 -0.000000e+00 -9.659258e-01
    outer loop
      vertex  -5.144345e-03 -4.600000e-03 -4.769218e-03
      vertex  -5.144345e-03 -1.100000e-02 -4.769218e-03
      vertex  -5.656844e-03 -4.600000e-03 -4.631894e-03
    endloop
  endfacet
  facet normal -2.588192e-01 -0.000000e+00 -9.659258e-01
    outer loop
      vertex  -5.656844e-03 -4.600000e-03 -4.631894e-03
      vertex  -5.144345e-03 -1.100000e-02 -4.769218e-03
      vertex  -5.656844e-03 -1.100000e-02 -4.631894e-03
    endloop
  endfacet
  facet normal  2.588192e-01  0.000000e+00 -9.659258e-01
    outer loop
      vertex  -5.656844e-03 -4.600000e-03 -4.631894e-03
      vertex  -5.656844e-03 -1.100000e-02 -4.631894e-03
      vertex  -6.169344e-03 -4.600000e-03 -4.769218e-03
    endloop
  endfacet
  facet normal  2.588192e-01  0.000000e+00 -9.659258e-01
    outer loop
      vertex  -6.169344e-03 -4.600000e-03 -4.769218e-03
      vertex  -5.656844e-03 -1.100000e-02 -4.631894e-03
      vertex  -6.169344e-03 -1.100000e-02 -4.769218e-03
    endloop
  endfacet
  facet normal  7.071068e-01  0.000000e+00 -7.071068e-01
    outer loop
      vertex  -6.169344e-03 -4.600000e-03 -4.769218e-03
      vertex  -6.169344e-03 -1.100000e-02 -4.769218e-03
      vertex  -6.544521e-03 -4.600000e-03 -5.144394e-03
    endloop
  endfacet
  facet normal  7.071068e-01  0.000000e+00 -7.071068e-01
    outer loop
      vertex  -6.544521e-03 -4.600000e-03 -5.144394e-03
      vertex  -6.169344e-03 -1.100000e-02 -4.769218e-03
      vertex  -6.544521e-03 -1.100000e-02 -5.144394e-03
    endloop
  endfacet
  facet normal  9.659258e-01  0.000000e+00 -2.588192e-01
    outer loop
      vertex  -6.544521e-03 -4.600000e-03 -5.144394e-03
      vertex  -6.544521e-03 -1.100000e-02 -5.144394e-03
      vertex  -6.681845e-03 -4.600000e-03 -5.656894e-03
    endloop
  endfacet
  facet normal  9.659258e-01  0.000000e+00 -2.588192e-01
    outer loop
      vertex  -6.681845e-03 -4.600000e-03 -5.656894e-03
      vertex  -6.544521e-03 -1.100000e-02 -5.144394e-03
      vertex  -6.681845e-03 -1.100000e-02 -5.656894e-03
    endloop
  endfacet
  facet normal  9.998432e-01  0.000000e+00  1.770565e-02
    outer loop
      vertex  -6.681845e-03 -4.600000e-03 -5.656894e-03
      vertex  -6.681845e-03 -1.100000e-02 -5.656894e-03
      vertex  -6.681202e-03 -6.400000e-03 -5.693182e-03
    endloop
  endfacet
  facet normal  9.881148e-01  1.074584e-03  1.537142e-01
    outer loop
      vertex  -6.681202e-03 -6.400000e-03 -5.693182e-03
      vertex  -6.681845e-03 -1.100000e-02 -5.656894e-03
      vertex  -6.643469e-03 -6.543429e-03 -5.934737e-03
    endloop
  endfacet
  facet normal -3.734941e-01  8.491195e-01 -3.734945e-01
    outer loop
      vertex   1.338132e-02 -4.660947e-03 -3.956857e-08
      vertex   1.393132e-02 -4.000000e-03  9.525883e-04
      vertex   1.433395e-02 -4.000000e-03  5.499604e-04
    endloop
  endfacet
  facet normal -1.367084e-01  8.491195e-01 -5.102028e-01
    outer loop
      vertex   1.338132e-02 -4.000000e-03  1.099960e-03
      vertex   1.393132e-02 -4.000000e-03  9.525883e-04
      vertex   1.338132e-02 -4.660947e-03 -3.956857e-08
    endloop
  endfacet
  facet normal -3.734941e-01  8.491195e-01  3.734945e-01
    outer loop
      vertex   1.338132e-02 -4.660947e-03 -3.956857e-08
      vertex   1.433395e-02 -4.000000e-03 -5.500396e-04
      vertex   1.393132e-02 -4.000000e-03 -9.526675e-04
    endloop
  endfacet
  facet normal -5.102028e-01  8.491195e-01  1.367080e-01
    outer loop
      vertex   1.448132e-02 -4.000000e-03 -3.956857e-08
      vertex   1.433395e-02 -4.000000e-03 -5.500396e-04
      vertex   1.338132e-02 -4.660947e-03 -3.956857e-08
    endloop
  endfacet
  facet normal -5.102028e-01  8.491195e-01 -1.367080e-01
    outer loop
      vertex   1.433395e-02 -4.000000e-03  5.499604e-04
      vertex   1.448132e-02 -4.000000e-03 -3.956857e-08
      vertex   1.338132e-02 -4.660947e-03 -3.956857e-08
    endloop
  endfacet
  facet normal  3.734946e-01  8.491195e-01  3.734942e-01
    outer loop
      vertex   1.338132e-02 -4.660947e-03 -3.956857e-08
      vertex   1.283132e-02 -4.000000e-03 -9.526675e-04
      vertex   1.242869e-02 -4.000000e-03 -5.500396e-04
    endloop
  endfacet
  facet normal  1.367084e-01  8.491195e-01  5.102028e-01
    outer loop
      vertex   1.338132e-02 -4.000000e-03 -1.100040e-03
      vertex   1.283132e-02 -4.000000e-03 -9.526675e-04
      vertex   1.338132e-02 -4.660947e-03 -3.956857e-08
    endloop
  endfacet
  facet normal -1.367084e-01  8.491195e-01  5.102028e-01
    outer loop
      vertex   1.393132e-02 -4.000000e-03 -9.526675e-04
      vertex   1.338132e-02 -4.000000e-03 -1.100040e-03
      vertex   1.338132e-02 -4.660947e-03 -3.956857e-08
    endloop
  endfacet
  facet normal  3.734946e-01  8.491195e-01 -3.734942e-01
    outer loop
      vertex   1.338132e-02 -4.660947e-03 -3.956857e-08
      vertex   1.242869e-02 -4.000000e-03  5.499604e-04
      vertex   1.283132e-02 -4.000000e-03  9.525883e-04
    endloop
  endfacet
  facet normal  5.102028e-01  8.491195e-01 -1.367088e-01
    outer loop
      vertex   1.228132e-02 -4.000000e-03 -3.956857e-08
      vertex   1.242869e-02 -4.000000e-03  5.499604e-04
      vertex   1.338132e-02 -4.660947e-03 -3.956857e-08
    endloop
  endfacet
  facet normal  5.102028e-01  8.491195e-01  1.367088e-01
    outer loop
      vertex   1.242869e-02 -4.000000e-03 -5.500396e-04
      vertex   1.228132e-02 -4.000000e-03 -3.956857e-08
      vertex   1.338132e-02 -4.660947e-03 -3.956857e-08
    endloop
  endfacet
  facet normal  1.367084e-01  8.491195e-01 -5.102028e-01
    outer loop
      vertex   1.283132e-02 -4.000000e-03  9.525883e-04
      vertex   1.338132e-02 -4.000000e-03  1.099960e-03
      vertex   1.338132e-02 -4.660947e-03 -3.956857e-08
    endloop
  endfacet
  facet normal -2.588191e-01  0.000000e+00 -9.659258e-01
    outer loop
      vertex   1.338132e-02 -4.000000e-03  1.099960e-03
      vertex   1.338132e-02 -5.960469e-11  1.099960e-03
      vertex   1.393132e-02 -4.000000e-03  9.525883e-04
    endloop
  endfacet
  facet normal -2.588191e-01  0.000000e+00 -9.659258e-01
    outer loop
      vertex   1.393132e-02 -4.000000e-03  9.525883e-04
      vertex   1.338132e-02 -5.960469e-11  1.099960e-03
      vertex   1.393132e-02 -5.960470e-11  9.525883e-04
    endloop
  endfacet
  facet normal -7.071064e-01  0.000000e+00 -7.071072e-01
    outer loop
      vertex   1.393132e-02 -4.000000e-03  9.525883e-04
      vertex   1.393132e-02 -5.960470e-11  9.525883e-04
      vertex   1.433395e-02 -4.000000e-03  5.499604e-04
    endloop
  endfacet
  facet normal -7.071064e-01  0.000000e+00 -7.071072e-01
    outer loop
      vertex   1.433395e-02 -4.000000e-03  5.499604e-04
      vertex   1.393132e-02 -5.960470e-11  9.525883e-04
      vertex   1.433395e-02 -5.960470e-11  5.499604e-04
    endloop
  endfacet
  facet normal -9.659261e-01  0.000000e+00 -2.588182e-01
    outer loop
      vertex   1.433395e-02 -4.000000e-03  5.499604e-04
      vertex   1.433395e-02 -5.960470e-11  5.499604e-04
      vertex   1.448132e-02 -4.000000e-03 -3.956857e-08
    endloop
  endfacet
  facet normal -9.659261e-01  0.000000e+00 -2.588182e-01
    outer loop
      vertex   1.448132e-02 -4.000000e-03 -3.956857e-08
      vertex   1.433395e-02 -5.960470e-11  5.499604e-04
      vertex   1.448132e-02 -5.960470e-11 -3.956857e-08
    endloop
  endfacet
  facet normal -9.659261e-01  0.000000e+00  2.588182e-01
    outer loop
      vertex   1.448132e-02 -4.000000e-03 -3.956857e-08
      vertex   1.448132e-02 -5.960470e-11 -3.956857e-08
      vertex   1.433395e-02 -4.000000e-03 -5.500396e-04
    endloop
  endfacet
  facet normal -9.659261e-01  0.000000e+00  2.588182e-01
    outer loop
      vertex   1.433395e-02 -4.000000e-03 -5.500396e-04
      vertex   1.448132e-02 -5.960470e-11 -3.956857e-08
      vertex   1.433395e-02 -5.960470e-11 -5.500396e-04
    endloop
  endfacet
  facet normal -7.071064e-01  0.000000e+00  7.071072e-01
    outer loop
      vertex   1.433395e-02 -4.000000e-03 -5.500396e-04
      vertex   1.433395e-02 -5.960470e-11 -5.500396e-04
      vertex   1.393132e-02 -4.000000e-03 -9.526675e-04
    endloop
  endfacet
  facet normal -7.071064e-01  0.000000e+00  7.071072e-01
    outer loop
      vertex   1.393132e-02 -4.000000e-03 -9.526675e-04
      vertex   1.433395e-02 -5.960470e-11 -5.500396e-04
      vertex   1.393132e-02 -5.960470e-11 -9.526675e-04
    endloop
  endfacet
  facet normal -2.588191e-01  0.000000e+00  9.659258e-01
    outer loop
      vertex   1.393132e-02 -4.000000e-03 -9.526675e-04
      vertex   1.393132e-02 -5.960470e-11 -9.526675e-04
      vertex   1.338132e-02 -4.000000e-03 -1.100040e-03
    endloop
  endfacet
  facet normal -2.588191e-01  0.000000e+00  9.659258e-01
    outer loop
      vertex   1.338132e-02 -4.000000e-03 -1.100040e-03
      vertex   1.393132e-02 -5.960470e-11 -9.526675e-04
      vertex   1.338132e-02 -5.960470e-11 -1.100040e-03
    endloop
  endfacet
  facet normal  2.588191e-01 -0.000000e+00  9.659258e-01
    outer loop
      vertex   1.338132e-02 -4.000000e-03 -1.100040e-03
      vertex   1.338132e-02 -5.960470e-11 -1.100040e-03
      vertex   1.283132e-02 -4.000000e-03 -9.526675e-04
    endloop
  endfacet
  facet normal  2.588191e-01 -0.000000e+00  9.659258e-01
    outer loop
      vertex   1.283132e-02 -4.000000e-03 -9.526675e-04
      vertex   1.338132e-02 -5.960470e-11 -1.100040e-03
      vertex   1.283132e-02 -5.960470e-11 -9.526675e-04
    endloop
  endfacet
  facet normal  7.071071e-01 -0.000000e+00  7.071064e-01
    outer loop
      vertex   1.283132e-02 -4.000000e-03 -9.526675e-04
      vertex   1.283132e-02 -5.960470e-11 -9.526675e-04
      vertex   1.242869e-02 -4.000000e-03 -5.500396e-04
    endloop
  endfacet
  facet normal  7.071071e-01 -0.000000e+00  7.071064e-01
    outer loop
      vertex   1.242869e-02 -4.000000e-03 -5.500396e-04
      vertex   1.283132e-02 -5.960470e-11 -9.526675e-04
      vertex   1.242869e-02 -5.960470e-11 -5.500396e-04
    endloop
  endfacet
  facet normal  9.659256e-01 -0.000000e+00  2.588197e-01
    outer loop
      vertex   1.242869e-02 -4.000000e-03 -5.500396e-04
      vertex   1.242869e-02 -5.960470e-11 -5.500396e-04
      vertex   1.228132e-02 -4.000000e-03 -3.956857e-08
    endloop
  endfacet
  facet normal  9.659256e-01 -0.000000e+00  2.588197e-01
    outer loop
      vertex   1.228132e-02 -4.000000e-03 -3.956857e-08
      vertex   1.242869e-02 -5.960470e-11 -5.500396e-04
      vertex   1.228132e-02 -5.960470e-11 -3.956857e-08
    endloop
  endfacet
  facet normal  9.659256e-01  0.000000e+00 -2.588197e-01
    outer loop
      vertex   1.228132e-02 -4.000000e-03 -3.956857e-08
      vertex   1.228132e-02 -5.960470e-11 -3.956857e-08
      vertex   1.242869e-02 -4.000000e-03  5.499604e-04
    endloop
  endfacet
  facet normal  9.659256e-01  0.000000e+00 -2.588197e-01
    outer loop
      vertex   1.242869e-02 -4.000000e-03  5.499604e-04
      vertex   1.228132e-02 -5.960470e-11 -3.956857e-08
      vertex   1.242869e-02 -5.960470e-11  5.499604e-04
    endloop
  endfacet
  facet normal  7.071071e-01  0.000000e+00 -7.071064e-01
    outer loop
      vertex   1.242869e-02 -4.000000e-03  5.499604e-04
      vertex   1.242869e-02 -5.960470e-11  5.499604e-04
      vertex   1.283132e-02 -4.000000e-03  9.525883e-04
    endloop
  endfacet
  facet normal  7.071071e-01  0.000000e+00 -7.071064e-01
    outer loop
      vertex   1.283132e-02 -4.000000e-03  9.525883e-04
      vertex   1.242869e-02 -5.960470e-11  5.499604e-04
      vertex   1.283132e-02 -5.960469e-11  9.525883e-04
    endloop
  endfacet
  facet normal  2.588191e-01  0.000000e+00 -9.659258e-01
    outer loop
      vertex   1.283132e-02 -4.000000e-03  9.525883e-04
      vertex   1.283132e-02 -5.960469e-11  9.525883e-04
      vertex   1.338132e-02 -4.000000e-03  1.099960e-03
    endloop
  endfacet
  facet normal  2.588191e-01  0.000000e+00 -9.659258e-01
    outer loop
      vertex   1.338132e-02 -4.000000e-03  1.099960e-03
      vertex   1.283132e-02 -5.960469e-11  9.525883e-04
      vertex   1.338132e-02 -5.960469e-11  1.099960e-03
    endloop
  endfacet
  facet normal -3.734939e-01 -8.491197e-01  3.734943e-01
    outer loop
      vertex   7.778184e-03 -6.339053e-03  7.778135e-03
      vertex   8.328184e-03 -7.000000e-03  6.825507e-03
      vertex   8.730813e-03 -7.000000e-03  7.228135e-03
    endloop
  endfacet
  facet normal -1.367083e-01 -8.491196e-01  5.102025e-01
    outer loop
      vertex   7.778184e-03 -7.000000e-03  6.678135e-03
      vertex   8.328184e-03 -7.000000e-03  6.825507e-03
      vertex   7.778184e-03 -6.339053e-03  7.778135e-03
    endloop
  endfacet
  facet normal -3.734941e-01 -8.491197e-01 -3.734941e-01
    outer loop
      vertex   7.778184e-03 -6.339053e-03  7.778135e-03
      vertex   8.730813e-03 -7.000000e-03  8.328135e-03
      vertex   8.328184e-03 -7.000000e-03  8.730764e-03
    endloop
  endfacet
  facet normal -5.102025e-01 -8.491197e-01 -1.367079e-01
    outer loop
      vertex   8.878184e-03 -7.000000e-03  7.778135e-03
      vertex   8.730813e-03 -7.000000e-03  8.328135e-03
      vertex   7.778184e-03 -6.339053e-03  7.778135e-03
    endloop
  endfacet
  facet normal -5.102025e-01 -8.491197e-01  1.367079e-01
    outer loop
      vertex   8.730813e-03 -7.000000e-03  7.228135e-03
      vertex   8.878184e-03 -7.000000e-03  7.778135e-03
      vertex   7.778184e-03 -6.339053e-03  7.778135e-03
    endloop
  endfacet
  facet normal  3.734943e-01 -8.491197e-01 -3.734939e-01
    outer loop
      vertex   7.778184e-03 -6.339053e-03  7.778135e-03
      vertex   7.228184e-03 -7.000000e-03  8.730764e-03
      vertex   6.825557e-03 -7.000000e-03  8.328135e-03
    endloop
  endfacet
  facet normal  1.367079e-01 -8.491197e-01 -5.102026e-01
    outer loop
      vertex   7.778184e-03 -7.000000e-03  8.878135e-03
      vertex   7.228184e-03 -7.000000e-03  8.730764e-03
      vertex   7.778184e-03 -6.339053e-03  7.778135e-03
    endloop
  endfacet
  facet normal -1.367079e-01 -8.491197e-01 -5.102026e-01
    outer loop
      vertex   8.328184e-03 -7.000000e-03  8.730764e-03
      vertex   7.778184e-03 -7.000000e-03  8.878135e-03
      vertex   7.778184e-03 -6.339053e-03  7.778135e-03
    endloop
  endfacet
  facet normal  3.734941e-01 -8.491197e-01  3.734941e-01
    outer loop
      vertex   7.778184e-03 -6.339053e-03  7.778135e-03
      vertex   6.825557e-03 -7.000000e-03  7.228135e-03
      vertex   7.228184e-03 -7.000000e-03  6.825507e-03
    endloop
  endfacet
  facet normal  5.102025e-01 -8.491196e-01  1.367083e-01
    outer loop
      vertex   6.678184e-03 -7.000000e-03  7.778135e-03
      vertex   6.825557e-03 -7.000000e-03  7.228135e-03
      vertex   7.778184e-03 -6.339053e-03  7.778135e-03
    endloop
  endfacet
  facet normal  5.102025e-01 -8.491197e-01 -1.367083e-01
    outer loop
      vertex   6.825557e-03 -7.000000e-03  8.328135e-03
      vertex   6.678184e-03 -7.000000e-03  7.778135e-03
      vertex   7.778184e-03 -6.339053e-03  7.778135e-03
    endloop
  endfacet
  facet normal  1.367083e-01 -8.491197e-01  5.102025e-01
    outer loop
      vertex   7.228184e-03 -7.000000e-03  6.825507e-03
      vertex   7.778184e-03 -7.000000e-03  6.678135e-03
      vertex   7.778184e-03 -6.339053e-03  7.778135e-03
    endloop
  endfacet
  facet normal -2.588190e-01  0.000000e+00  9.659258e-01
    outer loop
      vertex   7.778184e-03 -7.000000e-03  6.678135e-03
      vertex   7.778184e-03 -1.100000e-02  6.678135e-03
      vertex   8.328184e-03 -7.000000e-03  6.825507e-03
    endloop
  endfacet
  facet normal -2.588190e-01  0.000000e+00  9.659258e-01
    outer loop
      vertex   8.328184e-03 -7.000000e-03  6.825507e-03
      vertex   7.778184e-03 -1.100000e-02  6.678135e-03
      vertex   8.328184e-03 -1.100000e-02  6.825507e-03
    endloop
  endfacet
  facet normal -7.071063e-01  0.000000e+00  7.071071e-01
    outer loop
      vertex   8.328184e-03 -7.000000e-03  6.825507e-03
      vertex   8.328184e-03 -1.100000e-02  6.825507e-03
      vertex   8.730813e-03 -7.000000e-03  7.228135e-03
    endloop
  endfacet
  facet normal -7.071063e-01  0.000000e+00  7.071071e-01
    outer loop
      vertex   8.730813e-03 -7.000000e-03  7.228135e-03
      vertex   8.328184e-03 -1.100000e-02  6.825507e-03
      vertex   8.730813e-03 -1.100000e-02  7.228135e-03
    endloop
  endfacet
  facet normal -9.659260e-01  0.000000e+00  2.588182e-01
    outer loop
      vertex   8.730813e-03 -7.000000e-03  7.228135e-03
      vertex   8.730813e-03 -1.100000e-02  7.228135e-03
      vertex   8.878184e-03 -7.000000e-03  7.778135e-03
    endloop
  endfacet
  facet normal -9.659260e-01  0.000000e+00  2.588182e-01
    outer loop
      vertex   8.878184e-03 -7.000000e-03  7.778135e-03
      vertex   8.730813e-03 -1.100000e-02  7.228135e-03
      vertex   8.878184e-03 -1.100000e-02  7.778135e-03
    endloop
  endfacet
  facet normal -9.659260e-01 -0.000000e+00 -2.588182e-01
    outer loop
      vertex   8.878184e-03 -7.000000e-03  7.778135e-03
      vertex   8.878184e-03 -1.100000e-02  7.778135e-03
      vertex   8.730813e-03 -7.000000e-03  8.328135e-03
    endloop
  endfacet
  facet normal -9.659260e-01 -0.000000e+00 -2.588182e-01
    outer loop
      vertex   8.730813e-03 -7.000000e-03  8.328135e-03
      vertex   8.878184e-03 -1.100000e-02  7.778135e-03
      vertex   8.730813e-03 -1.100000e-02  8.328135e-03
    endloop
  endfacet
  facet normal -7.071068e-01 -0.000000e+00 -7.071068e-01
    outer loop
      vertex   8.730813e-03 -7.000000e-03  8.328135e-03
      vertex   8.730813e-03 -1.100000e-02  8.328135e-03
      vertex   8.328184e-03 -7.000000e-03  8.730764e-03
    endloop
  endfacet
  facet normal -7.071068e-01 -0.000000e+00 -7.071068e-01
    outer loop
      vertex   8.328184e-03 -7.000000e-03  8.730764e-03
      vertex   8.730813e-03 -1.100000e-02  8.328135e-03
      vertex   8.328184e-03 -1.100000e-02  8.730764e-03
    endloop
  endfacet
  facet normal -2.588182e-01 -0.000000e+00 -9.659260e-01
    outer loop
      vertex   8.328184e-03 -7.000000e-03  8.730764e-03
      vertex   8.328184e-03 -1.100000e-02  8.730764e-03
      vertex   7.778184e-03 -7.000000e-03  8.878135e-03
    endloop
  endfacet
  facet normal -2.588182e-01 -0.000000e+00 -9.659260e-01
    outer loop
      vertex   7.778184e-03 -7.000000e-03  8.878135e-03
      vertex   8.328184e-03 -1.100000e-02  8.730764e-03
      vertex   7.778184e-03 -1.100000e-02  8.878135e-03
    endloop
  endfacet
  facet normal  2.588182e-01  0.000000e+00 -9.659260e-01
    outer loop
      vertex   7.778184e-03 -7.000000e-03  8.878135e-03
      vertex   7.778184e-03 -1.100000e-02  8.878135e-03
      vertex   7.228184e-03 -7.000000e-03  8.730764e-03
    endloop
  endfacet
  facet normal  2.588182e-01  0.000000e+00 -9.659260e-01
    outer loop
      vertex   7.228184e-03 -7.000000e-03  8.730764e-03
      vertex   7.778184e-03 -1.100000e-02  8.878135e-03
      vertex   7.228184e-03 -1.100000e-02  8.730764e-03
    endloop
  endfacet
  facet normal  7.071071e-01  0.000000e+00 -7.071063e-01
    outer loop
      vertex   7.228184e-03 -7.000000e-03  8.730764e-03
      vertex   7.228184e-03 -1.100000e-02  8.730764e-03
      vertex   6.825557e-03 -7.000000e-03  8.328135e-03
    endloop
  endfacet
  facet normal  7.071071e-01  0.000000e+00 -7.071063e-01
    outer loop
      vertex   6.825557e-03 -7.000000e-03  8.328135e-03
      vertex   7.228184e-03 -1.100000e-02  8.730764e-03
      vertex   6.825557e-03 -1.100000e-02  8.328135e-03
    endloop
  endfacet
  facet normal  9.659258e-01  0.000000e+00 -2.588190e-01
    outer loop
      vertex   6.825557e-03 -7.000000e-03  8.328135e-03
      vertex   6.825557e-03 -1.100000e-02  8.328135e-03
      vertex   6.678184e-03 -7.000000e-03  7.778135e-03
    endloop
  endfacet
  facet normal  9.659258e-01  0.000000e+00 -2.588190e-01
    outer loop
      vertex   6.678184e-03 -7.000000e-03  7.778135e-03
      vertex   6.825557e-03 -1.100000e-02  8.328135e-03
      vertex   6.678184e-03 -1.100000e-02  7.778135e-03
    endloop
  endfacet
  facet normal  9.659258e-01  0.000000e+00  2.588190e-01
    outer loop
      vertex   6.678184e-03 -7.000000e-03  7.778135e-03
      vertex   6.678184e-03 -1.100000e-02  7.778135e-03
      vertex   6.825557e-03 -7.000000e-03  7.228135e-03
    endloop
  endfacet
  facet normal  9.659258e-01  0.000000e+00  2.588190e-01
    outer loop
      vertex   6.825557e-03 -7.000000e-03  7.228135e-03
      vertex   6.678184e-03 -1.100000e-02  7.778135e-03
      vertex   6.825557e-03 -1.100000e-02  7.228135e-03
    endloop
  endfacet
  facet normal  7.071068e-01  0.000000e+00  7.071068e-01
    outer loop
      vertex   6.825557e-03 -7.000000e-03  7.228135e-03
      vertex   6.825557e-03 -1.100000e-02  7.228135e-03
      vertex   7.228184e-03 -7.000000e-03  6.825507e-03
    endloop
  endfacet
  facet normal  7.071068e-01  0.000000e+00  7.071068e-01
    outer loop
      vertex   7.228184e-03 -7.000000e-03  6.825507e-03
      vertex   6.825557e-03 -1.100000e-02  7.228135e-03
      vertex   7.228184e-03 -1.100000e-02  6.825507e-03
    endloop
  endfacet
  facet normal  2.588190e-01  0.000000e+00  9.659258e-01
    outer loop
      vertex   7.228184e-03 -7.000000e-03  6.825507e-03
      vertex   7.228184e-03 -1.100000e-02  6.825507e-03
      vertex   7.778184e-03 -7.000000e-03  6.678135e-03
    endloop
  endfacet
  facet normal  2.588190e-01  0.000000e+00  9.659258e-01
    outer loop
      vertex   7.778184e-03 -7.000000e-03  6.678135e-03
      vertex   7.228184e-03 -1.100000e-02  6.825507e-03
      vertex   7.778184e-03 -1.100000e-02  6.678135e-03
    endloop
  endfacet
endsolid vcg
