solid STL generated by MeshLab
  facet normal -8.464255e-01 -5.313339e-01  3.532943e-02
    outer loop
      vertex  -4.576868e-02  2.179605e-02  1.645890e-02
      vertex  -4.704372e-02  2.371995e-02  1.484568e-02
      vertex  -4.506562e-02  2.051258e-02  1.400042e-02
    endloop
  endfacet
  facet normal -8.464254e-01 -5.313342e-01  3.532932e-02
    outer loop
      vertex  -4.986693e-02  2.776779e-02  8.084095e-03
      vertex  -5.038839e-02  2.841965e-02  5.394715e-03
      vertex  -4.818292e-02  2.477914e-02  3.482145e-03
    endloop
  endfacet
  facet normal -8.464255e-01 -5.313337e-01  3.533156e-02
    outer loop
      vertex  -3.998306e-02  1.110024e-02 -5.787451e-03
      vertex  -4.005535e-02  1.118086e-02 -6.306864e-03
      vertex  -3.910682e-02  9.736151e-03 -5.309667e-03
    endloop
  endfacet
  facet normal -8.464257e-01 -5.313337e-01  3.532885e-02
    outer loop
      vertex  -4.085732e-02  1.263747e-02 -3.614002e-03
      vertex  -4.053056e-02  1.203638e-02 -4.825604e-03
      vertex  -4.008854e-02  1.136327e-02 -4.358702e-03
    endloop
  endfacet
  facet normal -8.464252e-01 -5.313345e-01  3.532742e-02
    outer loop
      vertex  -4.008854e-02  1.136327e-02 -4.358702e-03
      vertex  -4.053056e-02  1.203638e-02 -4.825604e-03
      vertex  -4.025742e-02  1.159418e-02 -4.932245e-03
    endloop
  endfacet
  facet normal -8.464258e-01 -5.313334e-01  3.532806e-02
    outer loop
      vertex  -4.008854e-02  1.136327e-02 -4.358702e-03
      vertex  -4.025742e-02  1.159418e-02 -4.932245e-03
      vertex  -3.910682e-02  9.736151e-03 -5.309667e-03
    endloop
  endfacet
  facet normal -8.464255e-01 -5.313337e-01  3.533059e-02
    outer loop
      vertex  -3.910682e-02  9.736151e-03 -5.309667e-03
      vertex  -4.025742e-02  1.159418e-02 -4.932245e-03
      vertex  -4.005703e-02  1.125153e-02 -5.284305e-03
    endloop
  endfacet
  facet normal -8.464255e-01 -5.313337e-01  3.533153e-02
    outer loop
      vertex  -3.910682e-02  9.736151e-03 -5.309667e-03
      vertex  -4.005703e-02  1.125153e-02 -5.284305e-03
      vertex  -3.998306e-02  1.110024e-02 -5.787451e-03
    endloop
  endfacet
  facet normal -8.464285e-01 -5.313291e-01  3.533066e-02
    outer loop
      vertex  -4.005535e-02  1.118086e-02 -6.306864e-03
      vertex  -4.025451e-02  1.147177e-02 -6.703369e-03
      vertex  -4.119236e-02  1.259056e-02 -1.234660e-02
    endloop
  endfacet
  facet normal -8.464254e-01 -5.313342e-01  3.532910e-02
    outer loop
      vertex  -4.119236e-02  1.259056e-02 -1.234660e-02
      vertex  -4.025451e-02  1.147177e-02 -6.703369e-03
      vertex  -4.052719e-02  1.189503e-02 -6.870723e-03
    endloop
  endfacet
  facet normal -8.464256e-01 -5.313336e-01  3.532922e-02
    outer loop
      vertex  -4.119236e-02  1.259056e-02 -1.234660e-02
      vertex  -4.052719e-02  1.189503e-02 -6.870723e-03
      vertex  -4.217408e-02  1.421768e-02 -1.139564e-02
    endloop
  endfacet
  facet normal -8.464251e-01 -5.313346e-01  3.532855e-02
    outer loop
      vertex  -4.217408e-02  1.421768e-02 -1.139564e-02
      vertex  -4.052719e-02  1.189503e-02 -6.870723e-03
      vertex  -4.080033e-02  1.233723e-02 -6.764083e-03
    endloop
  endfacet
  facet normal -8.464257e-01 -5.313339e-01  3.532898e-02
    outer loop
      vertex  -4.217408e-02  1.421768e-02 -1.139564e-02
      vertex  -4.080033e-02  1.233723e-02 -6.764083e-03
      vertex  -4.294286e-02  1.549188e-02 -1.065094e-02
    endloop
  endfacet
  facet normal -8.464259e-01 -5.313331e-01  3.532981e-02
    outer loop
      vertex  -4.294286e-02  1.549188e-02 -1.065094e-02
      vertex  -4.080033e-02  1.233723e-02 -6.764083e-03
      vertex  -4.100073e-02  1.267988e-02 -6.412022e-03
    endloop
  endfacet
  facet normal -8.464266e-01 -5.313320e-01  3.533081e-02
    outer loop
      vertex  -4.100073e-02  1.267988e-02 -6.412022e-03
      vertex  -4.107469e-02  1.283116e-02 -5.908876e-03
      vertex  -4.294286e-02  1.549188e-02 -1.065094e-02
    endloop
  endfacet
  facet normal -8.464212e-01 -5.313410e-01  3.532377e-02
    outer loop
      vertex  -4.294286e-02  1.549188e-02 -1.065094e-02
      vertex  -4.107469e-02  1.283116e-02 -5.908876e-03
      vertex  -4.100241e-02  1.275055e-02 -5.389463e-03
    endloop
  endfacet
  facet normal -8.464266e-01 -5.313321e-01  3.533030e-02
    outer loop
      vertex  -4.294286e-02  1.549188e-02 -1.065094e-02
      vertex  -4.100241e-02  1.275055e-02 -5.389463e-03
      vertex  -4.085732e-02  1.263747e-02 -3.614002e-03
    endloop
  endfacet
  facet normal -8.464232e-01 -5.313376e-01  3.532967e-02
    outer loop
      vertex  -4.085732e-02  1.263747e-02 -3.614002e-03
      vertex  -4.100241e-02  1.275055e-02 -5.389463e-03
      vertex  -4.080324e-02  1.245964e-02 -4.992958e-03
    endloop
  endfacet
  facet normal -8.464253e-01 -5.313342e-01  3.532914e-02
    outer loop
      vertex  -4.085732e-02  1.263747e-02 -3.614002e-03
      vertex  -4.080324e-02  1.245964e-02 -4.992958e-03
      vertex  -4.053056e-02  1.203638e-02 -4.825604e-03
    endloop
  endfacet
  facet normal -8.464256e-01 -5.313338e-01  3.532946e-02
    outer loop
      vertex  -3.649904e-02  6.313949e-03  5.700047e-03
      vertex  -3.481584e-02  4.162562e-03  1.367074e-02
      vertex  -3.697123e-02  7.096720e-03  6.159568e-03
    endloop
  endfacet
  facet normal -8.464253e-01 -5.313342e-01  3.532920e-02
    outer loop
      vertex  -3.697123e-02  7.096720e-03  6.159568e-03
      vertex  -3.481584e-02  4.162562e-03  1.367074e-02
      vertex  -3.589388e-02  6.002210e-03  1.551006e-02
    endloop
  endfacet
  facet normal -8.464255e-01 -5.313338e-01  3.532928e-02
    outer loop
      vertex  -3.697123e-02  7.096720e-03  6.159568e-03
      vertex  -3.589388e-02  6.002210e-03  1.551006e-02
      vertex  -3.774001e-02  8.370920e-03  6.904269e-03
    endloop
  endfacet
  facet normal -8.464215e-01 -5.313405e-01  3.532680e-02
    outer loop
      vertex  -3.649904e-02  6.313949e-03  5.700047e-03
      vertex  -3.628530e-02  6.001750e-03  6.125564e-03
      vertex  -3.481584e-02  4.162562e-03  1.367074e-02
    endloop
  endfacet
  facet normal -8.464248e-01 -5.313350e-01  3.532875e-02
    outer loop
      vertex  -3.481584e-02  4.162562e-03  1.367074e-02
      vertex  -3.628530e-02  6.001750e-03  6.125564e-03
      vertex  -3.599266e-02  5.547517e-03  6.305163e-03
    endloop
  endfacet
  facet normal -8.464259e-01 -5.313333e-01  3.532924e-02
    outer loop
      vertex  -3.481584e-02  4.162562e-03  1.367074e-02
      vertex  -3.599266e-02  5.547517e-03  6.305163e-03
      vertex  -3.392405e-02  2.597984e-03  1.150592e-02
    endloop
  endfacet
  facet normal -8.464271e-01 -5.313312e-01  3.533093e-02
    outer loop
      vertex  -3.392405e-02  2.597984e-03  1.150592e-02
      vertex  -3.599266e-02  5.547517e-03  6.305163e-03
      vertex  -3.569954e-02  5.072963e-03  6.190719e-03
    endloop
  endfacet
  facet normal -8.464251e-01 -5.313347e-01  3.532865e-02
    outer loop
      vertex  -3.392405e-02  2.597984e-03  1.150592e-02
      vertex  -3.569954e-02  5.072963e-03  6.190719e-03
      vertex  -3.324284e-02  1.351156e-03  9.074671e-03
    endloop
  endfacet
  facet normal -8.464258e-01 -5.313333e-01  3.533108e-02
    outer loop
      vertex  -3.324284e-02  1.351156e-03  9.074671e-03
      vertex  -3.569954e-02  5.072963e-03  6.190719e-03
      vertex  -3.548448e-02  4.705243e-03  5.812899e-03
    endloop
  endfacet
  facet normal -8.464252e-01 -5.313344e-01  3.532952e-02
    outer loop
      vertex  -3.324284e-02  1.351156e-03  9.074671e-03
      vertex  -3.548448e-02  4.705243e-03  5.812899e-03
      vertex  -3.279081e-02  4.560862e-04  6.443299e-03
    endloop
  endfacet
  facet normal -8.464250e-01 -5.313349e-01  3.532537e-02
    outer loop
      vertex  -3.279081e-02  4.560862e-04  6.443299e-03
      vertex  -3.548448e-02  4.705243e-03  5.812899e-03
      vertex  -3.540510e-02  4.542887e-03  5.272937e-03
    endloop
  endfacet
  facet normal -8.464254e-01 -5.313341e-01  3.532917e-02
    outer loop
      vertex  -3.279081e-02  4.560862e-04  6.443299e-03
      vertex  -3.540510e-02  4.542887e-03  5.272937e-03
      vertex  -3.258026e-02 -6.280906e-05  3.683584e-03
    endloop
  endfacet
  facet normal -8.464249e-01 -5.313347e-01  3.533203e-02
    outer loop
      vertex  -3.258026e-02 -6.280906e-05  3.683584e-03
      vertex  -3.540510e-02  4.542887e-03  5.272937e-03
      vertex  -3.548267e-02  4.629399e-03  4.715518e-03
    endloop
  endfacet
  facet normal -8.464252e-01 -5.313344e-01  3.532959e-02
    outer loop
      vertex  -3.258026e-02 -6.280906e-05  3.683584e-03
      vertex  -3.548267e-02  4.629399e-03  4.715518e-03
      vertex  -3.261696e-02 -1.913767e-04  8.708040e-04
    endloop
  endfacet
  facet normal -8.464252e-01 -5.313344e-01  3.532960e-02
    outer loop
      vertex  -3.261696e-02 -1.913767e-04  8.708040e-04
      vertex  -3.548267e-02  4.629399e-03  4.715518e-03
      vertex  -3.289990e-02  7.389041e-05 -1.918316e-03
    endloop
  endfacet
  facet normal -8.464255e-01 -5.313339e-01  3.532922e-02
    outer loop
      vertex  -3.910682e-02  9.736151e-03 -5.309667e-03
      vertex  -3.416710e-02  1.746442e-03 -7.123975e-03
      vertex  -3.342135e-02  7.257570e-04 -4.607695e-03
    endloop
  endfacet
  facet normal -8.464246e-01 -5.313353e-01  3.532849e-02
    outer loop
      vertex  -4.005535e-02  1.118086e-02 -6.306864e-03
      vertex  -4.119236e-02  1.259056e-02 -1.234660e-02
      vertex  -3.910682e-02  9.736151e-03 -5.309667e-03
    endloop
  endfacet
  facet normal -8.464256e-01 -5.313337e-01  3.532941e-02
    outer loop
      vertex  -3.910682e-02  9.736151e-03 -5.309667e-03
      vertex  -4.119236e-02  1.259056e-02 -1.234660e-02
      vertex  -3.890715e-02  8.827320e-03 -1.419419e-02
    endloop
  endfacet
  facet normal -8.464254e-01 -5.313340e-01  3.532945e-02
    outer loop
      vertex  -3.910682e-02  9.736151e-03 -5.309667e-03
      vertex  -3.890715e-02  8.827320e-03 -1.419419e-02
      vertex  -3.751960e-02  6.697497e-03 -1.298250e-02
    endloop
  endfacet
  facet normal -8.464255e-01 -5.313338e-01  3.532933e-02
    outer loop
      vertex  -3.751960e-02  6.697497e-03 -1.298250e-02
      vertex  -3.624456e-02  4.773599e-03 -1.136928e-02
      vertex  -3.910682e-02  9.736151e-03 -5.309667e-03
    endloop
  endfacet
  facet normal -8.464251e-01 -5.313344e-01  3.533002e-02
    outer loop
      vertex  -3.910682e-02  9.736151e-03 -5.309667e-03
      vertex  -3.624456e-02  4.773599e-03 -1.136928e-02
      vertex  -3.511681e-02  3.108103e-03 -9.398518e-03
    endloop
  endfacet
  facet normal -8.464255e-01 -5.313338e-01  3.532859e-02
    outer loop
      vertex  -3.910682e-02  9.736151e-03 -5.309667e-03
      vertex  -3.511681e-02  3.108103e-03 -9.398518e-03
      vertex  -3.416710e-02  1.746442e-03 -7.123975e-03
    endloop
  endfacet
  facet normal -8.464257e-01 -5.313336e-01  3.533021e-02
    outer loop
      vertex  -4.615950e-02  2.042680e-02 -1.349733e-02
      vertex  -4.480144e-02  1.819368e-02 -1.454541e-02
      vertex  -4.294286e-02  1.549188e-02 -1.065094e-02
    endloop
  endfacet
  facet normal -8.464251e-01 -5.313346e-01  3.532919e-02
    outer loop
      vertex  -4.294286e-02  1.549188e-02 -1.065094e-02
      vertex  -4.480144e-02  1.819368e-02 -1.454541e-02
      vertex  -4.335725e-02  1.585291e-02 -1.514931e-02
    endloop
  endfacet
  facet normal -8.464255e-01 -5.313340e-01  3.532927e-02
    outer loop
      vertex  -4.294286e-02  1.549188e-02 -1.065094e-02
      vertex  -4.335725e-02  1.585291e-02 -1.514931e-02
      vertex  -4.217408e-02  1.421768e-02 -1.139564e-02
    endloop
  endfacet
  facet normal -8.464255e-01 -5.313339e-01  3.532934e-02
    outer loop
      vertex  -4.217408e-02  1.421768e-02 -1.139564e-02
      vertex  -4.335725e-02  1.585291e-02 -1.514931e-02
      vertex  -4.186633e-02  1.346832e-02 -1.529257e-02
    endloop
  endfacet
  facet normal -8.464256e-01 -5.313336e-01  3.532929e-02
    outer loop
      vertex  -4.217408e-02  1.421768e-02 -1.139564e-02
      vertex  -4.186633e-02  1.346832e-02 -1.529257e-02
      vertex  -4.119236e-02  1.259056e-02 -1.234660e-02
    endloop
  endfacet
  facet normal -8.464254e-01 -5.313340e-01  3.532910e-02
    outer loop
      vertex  -4.119236e-02  1.259056e-02 -1.234660e-02
      vertex  -4.186633e-02  1.346832e-02 -1.529257e-02
      vertex  -4.036935e-02  1.110497e-02 -1.497127e-02
    endloop
  endfacet
  facet normal -8.464258e-01 -5.313335e-01  3.532860e-02
    outer loop
      vertex  -4.119236e-02  1.259056e-02 -1.234660e-02
      vertex  -4.036935e-02  1.110497e-02 -1.497127e-02
      vertex  -3.890715e-02  8.827320e-03 -1.419419e-02
    endloop
  endfacet
  facet normal -8.464255e-01 -5.313338e-01  3.532944e-02
    outer loop
      vertex  -5.004544e-02  2.714239e-02 -5.598271e-03
      vertex  -4.936424e-02  2.589556e-02 -8.029522e-03
      vertex  -4.663035e-02  2.160362e-02 -7.078956e-03
    endloop
  endfacet
  facet normal -8.464255e-01 -5.313338e-01  3.532973e-02
    outer loop
      vertex  -4.663035e-02  2.160362e-02 -7.078956e-03
      vertex  -4.936424e-02  2.589556e-02 -8.029522e-03
      vertex  -4.847245e-02  2.433098e-02 -1.019434e-02
    endloop
  endfacet
  facet normal -8.464252e-01 -5.313343e-01  3.532904e-02
    outer loop
      vertex  -4.663035e-02  2.160362e-02 -7.078956e-03
      vertex  -4.847245e-02  2.433098e-02 -1.019434e-02
      vertex  -4.739440e-02  2.249134e-02 -1.203366e-02
    endloop
  endfacet
  facet normal -8.464255e-01 -5.313340e-01  3.532922e-02
    outer loop
      vertex  -5.049748e-02  2.803746e-02 -2.966899e-03
      vertex  -5.026846e-02  2.763355e-02 -3.554792e-03
      vertex  -5.070802e-02  2.855635e-02 -2.071842e-04
    endloop
  endfacet
  facet normal -8.464255e-01 -5.313339e-01  3.532921e-02
    outer loop
      vertex  -5.070802e-02  2.855635e-02 -2.071842e-04
      vertex  -5.026846e-02  2.763355e-02 -3.554792e-03
      vertex  -4.818292e-02  2.477914e-02  3.482145e-03
    endloop
  endfacet
  facet normal -8.464256e-01 -5.313337e-01  3.532950e-02
    outer loop
      vertex  -5.070802e-02  2.855635e-02 -2.071842e-04
      vertex  -4.818292e-02  2.477914e-02  3.482145e-03
      vertex  -5.067132e-02  2.868492e-02  2.605595e-03
    endloop
  endfacet
  facet normal -8.464256e-01 -5.313339e-01  3.532861e-02
    outer loop
      vertex  -5.067132e-02  2.868492e-02  2.605595e-03
      vertex  -4.818292e-02  2.477914e-02  3.482145e-03
      vertex  -5.038839e-02  2.841965e-02  5.394715e-03
    endloop
  endfacet
  facet normal -8.464256e-01 -5.313337e-01  3.532884e-02
    outer loop
      vertex  -4.506562e-02  2.051258e-02  1.400042e-02
      vertex  -4.704372e-02  2.371995e-02  1.484568e-02
      vertex  -4.562838e-02  2.128282e-02  1.210156e-02
    endloop
  endfacet
  facet normal -8.464255e-01 -5.313339e-01  3.532902e-02
    outer loop
      vertex  -4.562838e-02  2.128282e-02  1.210156e-02
      vertex  -4.704372e-02  2.371995e-02  1.484568e-02
      vertex  -4.817148e-02  2.538544e-02  1.287492e-02
    endloop
  endfacet
  facet normal -8.464254e-01 -5.313340e-01  3.532967e-02
    outer loop
      vertex  -4.562838e-02  2.128282e-02  1.210156e-02
      vertex  -4.817148e-02  2.538544e-02  1.287492e-02
      vertex  -4.606909e-02  2.188600e-02  1.061457e-02
    endloop
  endfacet
  facet normal -8.464254e-01 -5.313339e-01  3.532956e-02
    outer loop
      vertex  -4.606909e-02  2.188600e-02  1.061457e-02
      vertex  -4.817148e-02  2.538544e-02  1.287492e-02
      vertex  -4.912118e-02  2.674710e-02  1.060038e-02
    endloop
  endfacet
  facet normal -8.464255e-01 -5.313339e-01  3.532919e-02
    outer loop
      vertex  -4.606909e-02  2.188600e-02  1.061457e-02
      vertex  -4.912118e-02  2.674710e-02  1.060038e-02
      vertex  -4.986693e-02  2.776779e-02  8.084095e-03
    endloop
  endfacet
  facet normal -8.464255e-01 -5.313340e-01  3.532901e-02
    outer loop
      vertex  -3.712878e-02  8.066747e-03  1.697373e-02
      vertex  -3.848685e-02  1.029986e-02  1.802181e-02
      vertex  -4.142750e-02  1.448266e-02  1.047625e-02
    endloop
  endfacet
  facet normal -8.464257e-01 -5.313336e-01  3.532931e-02
    outer loop
      vertex  -4.142750e-02  1.448266e-02  1.047625e-02
      vertex  -3.848685e-02  1.029986e-02  1.802181e-02
      vertex  -3.993103e-02  1.264064e-02  1.862571e-02
    endloop
  endfacet
  facet normal -8.464256e-01 -5.313339e-01  3.532924e-02
    outer loop
      vertex  -3.993103e-02  1.264064e-02  1.862571e-02
      vertex  -4.142195e-02  1.502522e-02  1.876897e-02
      vertex  -4.142750e-02  1.448266e-02  1.047625e-02
    endloop
  endfacet
  facet normal -8.464254e-01 -5.313342e-01  3.532925e-02
    outer loop
      vertex  -4.142750e-02  1.448266e-02  1.047625e-02
      vertex  -4.142195e-02  1.502522e-02  1.876897e-02
      vertex  -4.291893e-02  1.738857e-02  1.844767e-02
    endloop
  endfacet
  facet normal -8.464252e-01 -5.313343e-01  3.532937e-02
    outer loop
      vertex  -4.142750e-02  1.448266e-02  1.047625e-02
      vertex  -4.291893e-02  1.738857e-02  1.844767e-02
      vertex  -4.506562e-02  2.051258e-02  1.400042e-02
    endloop
  endfacet
  facet normal -8.464253e-01 -5.313341e-01  3.532954e-02
    outer loop
      vertex  -4.506562e-02  2.051258e-02  1.400042e-02
      vertex  -4.291893e-02  1.738857e-02  1.844767e-02
      vertex  -4.438113e-02  1.966622e-02  1.767058e-02
    endloop
  endfacet
  facet normal -8.464254e-01 -5.313341e-01  3.532958e-02
    outer loop
      vertex  -4.506562e-02  2.051258e-02  1.400042e-02
      vertex  -4.438113e-02  1.966622e-02  1.767058e-02
      vertex  -4.576868e-02  2.179605e-02  1.645890e-02
    endloop
  endfacet
  facet normal -8.464255e-01 -5.313339e-01  3.532893e-02
    outer loop
      vertex  -4.275772e-02  1.645717e-02  8.302004e-03
      vertex  -4.303086e-02  1.689937e-02  8.408644e-03
      vertex  -4.243096e-02  1.585607e-02  7.090401e-03
    endloop
  endfacet
  facet normal -8.464254e-01 -5.313342e-01  3.532923e-02
    outer loop
      vertex  -4.243096e-02  1.585607e-02  7.090401e-03
      vertex  -4.303086e-02  1.689937e-02  8.408644e-03
      vertex  -4.606909e-02  2.188600e-02  1.061457e-02
    endloop
  endfacet
  facet normal -8.464246e-01 -5.313351e-01  3.533245e-02
    outer loop
      vertex  -4.303086e-02  1.689937e-02  8.408644e-03
      vertex  -4.323126e-02  1.724202e-02  8.760705e-03
      vertex  -4.606909e-02  2.188600e-02  1.061457e-02
    endloop
  endfacet
  facet normal -8.464261e-01 -5.313331e-01  3.532474e-02
    outer loop
      vertex  -4.606909e-02  2.188600e-02  1.061457e-02
      vertex  -4.323126e-02  1.724202e-02  8.760705e-03
      vertex  -4.330523e-02  1.739330e-02  9.263851e-03
    endloop
  endfacet
  facet normal -8.464254e-01 -5.313340e-01  3.532964e-02
    outer loop
      vertex  -4.606909e-02  2.188600e-02  1.061457e-02
      vertex  -4.330523e-02  1.739330e-02  9.263851e-03
      vertex  -4.562838e-02  2.128282e-02  1.210156e-02
    endloop
  endfacet
  facet normal -8.464248e-01 -5.313349e-01  3.533114e-02
    outer loop
      vertex  -4.562838e-02  2.128282e-02  1.210156e-02
      vertex  -4.330523e-02  1.739330e-02  9.263851e-03
      vertex  -4.323294e-02  1.731269e-02  9.783264e-03
    endloop
  endfacet
  facet normal -8.464256e-01 -5.313339e-01  3.532878e-02
    outer loop
      vertex  -4.562838e-02  2.128282e-02  1.210156e-02
      vertex  -4.323294e-02  1.731269e-02  9.783264e-03
      vertex  -4.506562e-02  2.051258e-02  1.400042e-02
    endloop
  endfacet
  facet normal -8.464269e-01 -5.313318e-01  3.532663e-02
    outer loop
      vertex  -4.323294e-02  1.731269e-02  9.783264e-03
      vertex  -4.303377e-02  1.702178e-02  1.017977e-02
      vertex  -4.506562e-02  2.051258e-02  1.400042e-02
    endloop
  endfacet
  facet normal -8.464250e-01 -5.313346e-01  3.533045e-02
    outer loop
      vertex  -4.506562e-02  2.051258e-02  1.400042e-02
      vertex  -4.303377e-02  1.702178e-02  1.017977e-02
      vertex  -4.276109e-02  1.659851e-02  1.034712e-02
    endloop
  endfacet
  facet normal -8.464249e-01 -5.313347e-01  3.533032e-02
    outer loop
      vertex  -4.506562e-02  2.051258e-02  1.400042e-02
      vertex  -4.276109e-02  1.659851e-02  1.034712e-02
      vertex  -4.142750e-02  1.448266e-02  1.047625e-02
    endloop
  endfacet
  facet normal -8.464249e-01 -5.313346e-01  3.533318e-02
    outer loop
      vertex  -4.142750e-02  1.448266e-02  1.047625e-02
      vertex  -4.276109e-02  1.659851e-02  1.034712e-02
      vertex  -4.248796e-02  1.615631e-02  1.024048e-02
    endloop
  endfacet
  facet normal -8.464249e-01 -5.313347e-01  3.533192e-02
    outer loop
      vertex  -4.248796e-02  1.615631e-02  1.024048e-02
      vertex  -4.228756e-02  1.581367e-02  9.888422e-03
      vertex  -4.142750e-02  1.448266e-02  1.047625e-02
    endloop
  endfacet
  facet normal -8.464240e-01 -5.313366e-01  3.532627e-02
    outer loop
      vertex  -4.142750e-02  1.448266e-02  1.047625e-02
      vertex  -4.228756e-02  1.581367e-02  9.888422e-03
      vertex  -4.221359e-02  1.566238e-02  9.385276e-03
    endloop
  endfacet
  facet normal -8.464257e-01 -5.313336e-01  3.533091e-02
    outer loop
      vertex  -4.142750e-02  1.448266e-02  1.047625e-02
      vertex  -4.221359e-02  1.566238e-02  9.385276e-03
      vertex  -4.199027e-02  1.525290e-02  8.577395e-03
    endloop
  endfacet
  facet normal -8.464252e-01 -5.313343e-01  3.533141e-02
    outer loop
      vertex  -4.199027e-02  1.525290e-02  8.577395e-03
      vertex  -4.221359e-02  1.566238e-02  9.385276e-03
      vertex  -4.228587e-02  1.574299e-02  8.865862e-03
    endloop
  endfacet
  facet normal -8.464261e-01 -5.313330e-01  3.532843e-02
    outer loop
      vertex  -4.199027e-02  1.525290e-02  8.577395e-03
      vertex  -4.228587e-02  1.574299e-02  8.865862e-03
      vertex  -4.243096e-02  1.585607e-02  7.090401e-03
    endloop
  endfacet
  facet normal -8.464282e-01 -5.313297e-01  3.532881e-02
    outer loop
      vertex  -4.243096e-02  1.585607e-02  7.090401e-03
      vertex  -4.228587e-02  1.574299e-02  8.865862e-03
      vertex  -4.248504e-02  1.603391e-02  8.469357e-03
    endloop
  endfacet
  facet normal -8.464248e-01 -5.313349e-01  3.532962e-02
    outer loop
      vertex  -4.243096e-02  1.585607e-02  7.090401e-03
      vertex  -4.248504e-02  1.603391e-02  8.469357e-03
      vertex  -4.275772e-02  1.645717e-02  8.302004e-03
    endloop
  endfacet
  facet normal -8.464255e-01 -5.313340e-01  3.532929e-02
    outer loop
      vertex  -3.342135e-02  7.257570e-04 -4.607695e-03
      vertex  -3.289990e-02  7.389041e-05 -1.918316e-03
      vertex  -3.699299e-02  6.843009e-03  1.822753e-03
    endloop
  endfacet
  facet normal -8.464254e-01 -5.313342e-01  3.532956e-02
    outer loop
      vertex  -3.699299e-02  6.843009e-03  1.822753e-03
      vertex  -3.289990e-02  7.389041e-05 -1.918316e-03
      vertex  -3.655228e-02  6.239836e-03  3.309747e-03
    endloop
  endfacet
  facet normal -8.464254e-01 -5.313340e-01  3.532960e-02
    outer loop
      vertex  -3.699299e-02  6.843009e-03  1.822753e-03
      vertex  -3.655228e-02  6.239836e-03  3.309747e-03
      vertex  -3.705913e-02  7.080035e-03  3.802832e-03
    endloop
  endfacet
  facet normal -8.464265e-01 -5.313324e-01  3.532773e-02
    outer loop
      vertex  -3.548267e-02  4.629399e-03  4.715518e-03
      vertex  -3.569641e-02  4.941598e-03  4.290001e-03
      vertex  -3.289990e-02  7.389041e-05 -1.918316e-03
    endloop
  endfacet
  facet normal -8.464253e-01 -5.313342e-01  3.532980e-02
    outer loop
      vertex  -3.289990e-02  7.389041e-05 -1.918316e-03
      vertex  -3.569641e-02  4.941598e-03  4.290001e-03
      vertex  -3.598905e-02  5.395831e-03  4.110401e-03
    endloop
  endfacet
  facet normal -8.464252e-01 -5.313343e-01  3.532968e-02
    outer loop
      vertex  -3.289990e-02  7.389041e-05 -1.918316e-03
      vertex  -3.598905e-02  5.395831e-03  4.110401e-03
      vertex  -3.655228e-02  6.239836e-03  3.309747e-03
    endloop
  endfacet
  facet normal -8.464245e-01 -5.313358e-01  3.532734e-02
    outer loop
      vertex  -3.655228e-02  6.239836e-03  3.309747e-03
      vertex  -3.598905e-02  5.395831e-03  4.110401e-03
      vertex  -3.628217e-02  5.870385e-03  4.224845e-03
    endloop
  endfacet
  facet normal -8.464257e-01 -5.313337e-01  3.532858e-02
    outer loop
      vertex  -3.655228e-02  6.239836e-03  3.309747e-03
      vertex  -3.628217e-02  5.870385e-03  4.224845e-03
      vertex  -3.705913e-02  7.080035e-03  3.802832e-03
    endloop
  endfacet
  facet normal -8.464261e-01 -5.313329e-01  3.533123e-02
    outer loop
      vertex  -3.705913e-02  7.080035e-03  3.802832e-03
      vertex  -3.628217e-02  5.870385e-03  4.224845e-03
      vertex  -3.649723e-02  6.238106e-03  4.602666e-03
    endloop
  endfacet
  facet normal -8.464262e-01 -5.313325e-01  3.533187e-02
    outer loop
      vertex  -3.705913e-02  7.080035e-03  3.802832e-03
      vertex  -3.649723e-02  6.238106e-03  4.602666e-03
      vertex  -3.698684e-02  6.999422e-03  4.322245e-03
    endloop
  endfacet
  facet normal -8.464254e-01 -5.313343e-01  3.532540e-02
    outer loop
      vertex  -3.698684e-02  6.999422e-03  4.322245e-03
      vertex  -3.649723e-02  6.238106e-03  4.602666e-03
      vertex  -3.706081e-02  7.150708e-03  4.825391e-03
    endloop
  endfacet
  facet normal -8.464246e-01 -5.313352e-01  3.533094e-02
    outer loop
      vertex  -3.649723e-02  6.238106e-03  4.602666e-03
      vertex  -3.657661e-02  6.400461e-03  5.142627e-03
      vertex  -3.706081e-02  7.150708e-03  4.825391e-03
    endloop
  endfacet
  facet normal -8.464238e-01 -5.313368e-01  3.532587e-02
    outer loop
      vertex  -3.706081e-02  7.150708e-03  4.825391e-03
      vertex  -3.657661e-02  6.400461e-03  5.142627e-03
      vertex  -3.649904e-02  6.313949e-03  5.700047e-03
    endloop
  endfacet
  facet normal -8.464257e-01 -5.313334e-01  3.533022e-02
    outer loop
      vertex  -3.706081e-02  7.150708e-03  4.825391e-03
      vertex  -3.649904e-02  6.313949e-03  5.700047e-03
      vertex  -3.726121e-02  7.493356e-03  5.177451e-03
    endloop
  endfacet
  facet normal -8.464256e-01 -5.313338e-01  3.532940e-02
    outer loop
      vertex  -3.726121e-02  7.493356e-03  5.177451e-03
      vertex  -3.649904e-02  6.313949e-03  5.700047e-03
      vertex  -3.697123e-02  7.096720e-03  6.159568e-03
    endloop
  endfacet
  facet normal -8.464250e-01 -5.313347e-01  3.532884e-02
    outer loop
      vertex  -3.726121e-02  7.493356e-03  5.177451e-03
      vertex  -3.697123e-02  7.096720e-03  6.159568e-03
      vertex  -3.753434e-02  7.935555e-03  5.284092e-03
    endloop
  endfacet
  facet normal -8.464255e-01 -5.313340e-01  3.532979e-02
    outer loop
      vertex  -3.753434e-02  7.935555e-03  5.284092e-03
      vertex  -3.697123e-02  7.096720e-03  6.159568e-03
      vertex  -3.774001e-02  8.370920e-03  6.904269e-03
    endloop
  endfacet
  facet normal -8.464279e-01 -5.313300e-01  3.532904e-02
    outer loop
      vertex  -3.705913e-02  7.080035e-03  3.802832e-03
      vertex  -3.725829e-02  7.370948e-03  3.406327e-03
      vertex  -3.699299e-02  6.843009e-03  1.822753e-03
    endloop
  endfacet
  facet normal -8.464253e-01 -5.313341e-01  3.533085e-02
    outer loop
      vertex  -3.699299e-02  6.843009e-03  1.822753e-03
      vertex  -3.725829e-02  7.370948e-03  3.406327e-03
      vertex  -3.753098e-02  7.794211e-03  3.238973e-03
    endloop
  endfacet
  facet normal -8.464248e-01 -5.313348e-01  3.533150e-02
    outer loop
      vertex  -3.699299e-02  6.843009e-03  1.822753e-03
      vertex  -3.753098e-02  7.794211e-03  3.238973e-03
      vertex  -3.797470e-02  8.470131e-03  2.773718e-03
    endloop
  endfacet
  facet normal -8.464246e-01 -5.313350e-01  3.533102e-02
    outer loop
      vertex  -3.797470e-02  8.470131e-03  2.773718e-03
      vertex  -3.753098e-02  7.794211e-03  3.238973e-03
      vertex  -3.780411e-02  8.236409e-03  3.345614e-03
    endloop
  endfacet
  facet normal -8.464249e-01 -5.313348e-01  3.533123e-02
    outer loop
      vertex  -3.797470e-02  8.470131e-03  2.773718e-03
      vertex  -3.780411e-02  8.236409e-03  3.345614e-03
      vertex  -3.874348e-02  9.744330e-03  3.518418e-03
    endloop
  endfacet
  facet normal -8.464248e-01 -5.313348e-01  3.533196e-02
    outer loop
      vertex  -3.780411e-02  8.236409e-03  3.345614e-03
      vertex  -3.800451e-02  8.579058e-03  3.697674e-03
      vertex  -3.874348e-02  9.744330e-03  3.518418e-03
    endloop
  endfacet
  facet normal -8.464246e-01 -5.313355e-01  3.532585e-02
    outer loop
      vertex  -3.874348e-02  9.744330e-03  3.518418e-03
      vertex  -3.800451e-02  8.579058e-03  3.697674e-03
      vertex  -3.807848e-02  8.730344e-03  4.200820e-03
    endloop
  endfacet
  facet normal -8.464257e-01 -5.313336e-01  3.532987e-02
    outer loop
      vertex  -3.874348e-02  9.744330e-03  3.518418e-03
      vertex  -3.807848e-02  8.730344e-03  4.200820e-03
      vertex  -3.830278e-02  9.141157e-03  5.005412e-03
    endloop
  endfacet
  facet normal -8.464245e-01 -5.313354e-01  3.533114e-02
    outer loop
      vertex  -3.830278e-02  9.141157e-03  5.005412e-03
      vertex  -3.807848e-02  8.730344e-03  4.200820e-03
      vertex  -3.800619e-02  8.649730e-03  4.720233e-03
    endloop
  endfacet
  facet normal -8.464252e-01 -5.313345e-01  3.532891e-02
    outer loop
      vertex  -3.830278e-02  9.141157e-03  5.005412e-03
      vertex  -3.800619e-02  8.649730e-03  4.720233e-03
      vertex  -3.774001e-02  8.370920e-03  6.904269e-03
    endloop
  endfacet
  facet normal -8.464279e-01 -5.313299e-01  3.532985e-02
    outer loop
      vertex  -3.774001e-02  8.370920e-03  6.904269e-03
      vertex  -3.800619e-02  8.649730e-03  4.720233e-03
      vertex  -3.780703e-02  8.358818e-03  5.116738e-03
    endloop
  endfacet
  facet normal -8.464254e-01 -5.313340e-01  3.532978e-02
    outer loop
      vertex  -3.774001e-02  8.370920e-03  6.904269e-03
      vertex  -3.780703e-02  8.358818e-03  5.116738e-03
      vertex  -3.753434e-02  7.935555e-03  5.284092e-03
    endloop
  endfacet
  facet normal -8.464245e-01 -5.313356e-01  3.532892e-02
    outer loop
      vertex  -4.575394e-02  2.055799e-02 -1.807692e-03
      vertex  -4.602708e-02  2.100019e-02 -1.701052e-03
      vertex  -4.663035e-02  2.160362e-02 -7.078956e-03
    endloop
  endfacet
  facet normal -8.464256e-01 -5.313338e-01  3.532924e-02
    outer loop
      vertex  -4.663035e-02  2.160362e-02 -7.078956e-03
      vertex  -4.602708e-02  2.100019e-02 -1.701052e-03
      vertex  -5.026846e-02  2.763355e-02 -3.554792e-03
    endloop
  endfacet
  facet normal -8.464255e-01 -5.313337e-01  3.532936e-02
    outer loop
      vertex  -4.663035e-02  2.160362e-02 -7.078956e-03
      vertex  -5.026846e-02  2.763355e-02 -3.554792e-03
      vertex  -5.004544e-02  2.714239e-02 -5.598271e-03
    endloop
  endfacet
  facet normal -8.464253e-01 -5.313342e-01  3.532945e-02
    outer loop
      vertex  -5.004544e-02  2.714239e-02 -5.598271e-03
      vertex  -5.026846e-02  2.763355e-02 -3.554792e-03
      vertex  -5.049748e-02  2.803746e-02 -2.966899e-03
    endloop
  endfacet
  facet normal -8.464257e-01 -5.313336e-01  3.533033e-02
    outer loop
      vertex  -4.602708e-02  2.100019e-02 -1.701052e-03
      vertex  -4.622747e-02  2.134284e-02 -1.348992e-03
      vertex  -5.026846e-02  2.763355e-02 -3.554792e-03
    endloop
  endfacet
  facet normal -8.464258e-01 -5.313334e-01  3.533134e-02
    outer loop
      vertex  -5.026846e-02  2.763355e-02 -3.554792e-03
      vertex  -4.622747e-02  2.134284e-02 -1.348992e-03
      vertex  -4.630144e-02  2.149412e-02 -8.458457e-04
    endloop
  endfacet
  facet normal -8.464254e-01 -5.313340e-01  3.532915e-02
    outer loop
      vertex  -5.026846e-02  2.763355e-02 -3.554792e-03
      vertex  -4.630144e-02  2.149412e-02 -8.458457e-04
      vertex  -4.818292e-02  2.477914e-02  3.482145e-03
    endloop
  endfacet
  facet normal -8.464274e-01 -5.313311e-01  3.532615e-02
    outer loop
      vertex  -4.818292e-02  2.477914e-02  3.482145e-03
      vertex  -4.630144e-02  2.149412e-02 -8.458457e-04
      vertex  -4.622916e-02  2.141351e-02 -3.264321e-04
    endloop
  endfacet
  facet normal -8.464240e-01 -5.313361e-01  3.533233e-02
    outer loop
      vertex  -4.818292e-02  2.477914e-02  3.482145e-03
      vertex  -4.622916e-02  2.141351e-02 -3.264321e-04
      vertex  -4.602999e-02  2.112260e-02  7.007285e-05
    endloop
  endfacet
  facet normal -8.464257e-01 -5.313336e-01  3.532845e-02
    outer loop
      vertex  -4.602999e-02  2.112260e-02  7.007285e-05
      vertex  -4.575730e-02  2.069933e-02  2.374264e-04
      vertex  -4.818292e-02  2.477914e-02  3.482145e-03
    endloop
  endfacet
  facet normal -8.464239e-01 -5.313361e-01  3.533324e-02
    outer loop
      vertex  -4.818292e-02  2.477914e-02  3.482145e-03
      vertex  -4.575730e-02  2.069933e-02  2.374264e-04
      vertex  -4.548417e-02  2.025714e-02  1.307860e-04
    endloop
  endfacet
  facet normal -8.464262e-01 -5.313329e-01  3.532679e-02
    outer loop
      vertex  -4.818292e-02  2.477914e-02  3.482145e-03
      vertex  -4.548417e-02  2.025714e-02  1.307860e-04
      vertex  -4.454480e-02  1.874921e-02 -4.201886e-05
    endloop
  endfacet
  facet normal -8.464260e-01 -5.313331e-01  3.532976e-02
    outer loop
      vertex  -4.454480e-02  1.874921e-02 -4.201886e-05
      vertex  -4.548417e-02  2.025714e-02  1.307860e-04
      vertex  -4.528377e-02  1.991449e-02 -2.212742e-04
    endloop
  endfacet
  facet normal -8.464261e-01 -5.313329e-01  3.533119e-02
    outer loop
      vertex  -4.528377e-02  1.991449e-02 -2.212742e-04
      vertex  -4.520981e-02  1.976320e-02 -7.244202e-04
      vertex  -4.454480e-02  1.874921e-02 -4.201886e-05
    endloop
  endfacet
  facet normal -8.464243e-01 -5.313361e-01  3.532499e-02
    outer loop
      vertex  -4.454480e-02  1.874921e-02 -4.201886e-05
      vertex  -4.520981e-02  1.976320e-02 -7.244202e-04
      vertex  -4.528209e-02  1.984381e-02 -1.243834e-03
    endloop
  endfacet
  facet normal -8.464270e-01 -5.313314e-01  3.533087e-02
    outer loop
      vertex  -4.454480e-02  1.874921e-02 -4.201886e-05
      vertex  -4.528209e-02  1.984381e-02 -1.243834e-03
      vertex  -4.663035e-02  2.160362e-02 -7.078956e-03
    endloop
  endfacet
  facet normal -8.464203e-01 -5.313423e-01  3.532587e-02
    outer loop
      vertex  -4.663035e-02  2.160362e-02 -7.078956e-03
      vertex  -4.528209e-02  1.984381e-02 -1.243834e-03
      vertex  -4.548126e-02  2.013473e-02 -1.640339e-03
    endloop
  endfacet
  facet normal -8.464258e-01 -5.313333e-01  3.532962e-02
    outer loop
      vertex  -4.663035e-02  2.160362e-02 -7.078956e-03
      vertex  -4.548126e-02  2.013473e-02 -1.640339e-03
      vertex  -4.575394e-02  2.055799e-02 -1.807692e-03
    endloop
  endfacet
  facet normal -8.464257e-01 -5.313338e-01  3.532709e-02
    outer loop
      vertex  -4.454480e-02  1.874921e-02 -4.201886e-05
      vertex  -4.253132e-02  1.546103e-02 -1.255291e-03
      vertex  -4.303049e-02  1.630566e-02 -5.115851e-04
    endloop
  endfacet
  facet normal -8.464254e-01 -5.313341e-01  3.532944e-02
    outer loop
      vertex  -4.065420e-02  1.249182e-02 -9.381142e-04
      vertex  -4.125714e-02  1.341602e-02 -1.484000e-03
      vertex  -4.085732e-02  1.263747e-02 -3.614002e-03
    endloop
  endfacet
  facet normal -8.464259e-01 -5.313333e-01  3.532908e-02
    outer loop
      vertex  -4.085732e-02  1.263747e-02 -3.614002e-03
      vertex  -4.125714e-02  1.341602e-02 -1.484000e-03
      vertex  -4.191234e-02  1.445241e-02 -1.594709e-03
    endloop
  endfacet
  facet normal -8.464254e-01 -5.313342e-01  3.532918e-02
    outer loop
      vertex  -3.987445e-02  1.146802e-02  2.345819e-03
      vertex  -3.991279e-02  1.144729e-02  1.115469e-03
      vertex  -3.874348e-02  9.744330e-03  3.518418e-03
    endloop
  endfacet
  facet normal -8.464254e-01 -5.313341e-01  3.532913e-02
    outer loop
      vertex  -3.874348e-02  9.744330e-03  3.518418e-03
      vertex  -3.991279e-02  1.144729e-02  1.115469e-03
      vertex  -4.018496e-02  1.180464e-02 -3.077779e-05
    endloop
  endfacet
  facet normal -8.464253e-01 -5.313342e-01  3.532989e-02
    outer loop
      vertex  -4.303049e-02  1.630566e-02 -5.115851e-04
      vertex  -4.334242e-02  1.687222e-02  5.359666e-04
      vertex  -4.454480e-02  1.874921e-02 -4.201886e-05
    endloop
  endfacet
  facet normal -8.464252e-01 -5.313342e-01  3.532977e-02
    outer loop
      vertex  -4.454480e-02  1.874921e-02 -4.201886e-05
      vertex  -4.334242e-02  1.687222e-02  5.359666e-04
      vertex  -4.342499e-02  1.708421e-02  1.745887e-03
    endloop
  endfacet
  facet normal -8.464239e-01 -5.313367e-01  3.532665e-02
    outer loop
      vertex  -4.454480e-02  1.874921e-02 -4.201886e-05
      vertex  -4.342499e-02  1.708421e-02  1.745887e-03
      vertex  -4.326705e-02  1.691298e-02  2.954768e-03
    endloop
  endfacet
  facet normal -8.464255e-01 -5.313339e-01  3.532914e-02
    outer loop
      vertex  -4.986693e-02  2.776779e-02  8.084095e-03
      vertex  -4.818292e-02  2.477914e-02  3.482145e-03
      vertex  -4.606909e-02  2.188600e-02  1.061457e-02
    endloop
  endfacet
  facet normal -8.464255e-01 -5.313339e-01  3.532919e-02
    outer loop
      vertex  -4.606909e-02  2.188600e-02  1.061457e-02
      vertex  -4.818292e-02  2.477914e-02  3.482145e-03
      vertex  -4.454480e-02  1.874921e-02 -4.201886e-05
    endloop
  endfacet
  facet normal -8.464254e-01 -5.313342e-01  3.532931e-02
    outer loop
      vertex  -4.606909e-02  2.188600e-02  1.061457e-02
      vertex  -4.454480e-02  1.874921e-02 -4.201886e-05
      vertex  -4.243096e-02  1.585607e-02  7.090401e-03
    endloop
  endfacet
  facet normal -8.464264e-01 -5.313324e-01  3.533036e-02
    outer loop
      vertex  -4.243096e-02  1.585607e-02  7.090401e-03
      vertex  -4.454480e-02  1.874921e-02 -4.201886e-05
      vertex  -4.326705e-02  1.691298e-02  2.954768e-03
    endloop
  endfacet
  facet normal -8.464215e-01 -5.313405e-01  3.532728e-02
    outer loop
      vertex  -4.243096e-02  1.585607e-02  7.090401e-03
      vertex  -4.326705e-02  1.691298e-02  2.954768e-03
      vertex  -4.288992e-02  1.638166e-02  3.999346e-03
    endloop
  endfacet
  facet normal -8.464255e-01 -5.313340e-01  3.532898e-02
    outer loop
      vertex  -4.288992e-02  1.638166e-02  3.999346e-03
      vertex  -4.234454e-02  1.556202e-02  4.738543e-03
      vertex  -4.243096e-02  1.585607e-02  7.090401e-03
    endloop
  endfacet
  facet normal -8.464255e-01 -5.313340e-01  3.532896e-02
    outer loop
      vertex  -4.243096e-02  1.585607e-02  7.090401e-03
      vertex  -4.234454e-02  1.556202e-02  4.738543e-03
      vertex  -4.170457e-02  1.456475e-02  5.072528e-03
    endloop
  endfacet
  facet normal -8.464257e-01 -5.313337e-01  3.532879e-02
    outer loop
      vertex  -4.243096e-02  1.585607e-02  7.090401e-03
      vertex  -4.170457e-02  1.456475e-02  5.072528e-03
      vertex  -4.105644e-02  1.352453e-02  4.956192e-03
    endloop
  endfacet
  facet normal -8.464239e-01 -5.313359e-01  3.533811e-02
    outer loop
      vertex  -4.075696e-02  1.303252e-02  4.731691e-03
      vertex  -4.048769e-02  1.258185e-02  4.405249e-03
      vertex  -3.874348e-02  9.744330e-03  3.518418e-03
    endloop
  endfacet
  facet normal -8.464254e-01 -5.313341e-01  3.532925e-02
    outer loop
      vertex  -3.874348e-02  9.744330e-03  3.518418e-03
      vertex  -4.048769e-02  1.258185e-02  4.405249e-03
      vertex  -4.007512e-02  1.186403e-02  3.494107e-03
    endloop
  endfacet
  facet normal -8.464254e-01 -5.313341e-01  3.532925e-02
    outer loop
      vertex  -3.874348e-02  9.744330e-03  3.518418e-03
      vertex  -4.007512e-02  1.186403e-02  3.494107e-03
      vertex  -3.987445e-02  1.146802e-02  2.345819e-03
    endloop
  endfacet
  facet normal -8.464256e-01 -5.313336e-01  3.532933e-02
    outer loop
      vertex  -3.589388e-02  6.002210e-03  1.551006e-02
      vertex  -3.712878e-02  8.066747e-03  1.697373e-02
      vertex  -3.774001e-02  8.370920e-03  6.904269e-03
    endloop
  endfacet
  facet normal -8.464255e-01 -5.313338e-01  3.532933e-02
    outer loop
      vertex  -3.774001e-02  8.370920e-03  6.904269e-03
      vertex  -3.712878e-02  8.066747e-03  1.697373e-02
      vertex  -4.142750e-02  1.448266e-02  1.047625e-02
    endloop
  endfacet
  facet normal -8.464256e-01 -5.313338e-01  3.532933e-02
    outer loop
      vertex  -3.774001e-02  8.370920e-03  6.904269e-03
      vertex  -4.142750e-02  1.448266e-02  1.047625e-02
      vertex  -3.830278e-02  9.141157e-03  5.005412e-03
    endloop
  endfacet
  facet normal -8.464251e-01 -5.313345e-01  3.533031e-02
    outer loop
      vertex  -3.830278e-02  9.141157e-03  5.005412e-03
      vertex  -4.142750e-02  1.448266e-02  1.047625e-02
      vertex  -4.199027e-02  1.525290e-02  8.577395e-03
    endloop
  endfacet
  facet normal -8.464253e-01 -5.313342e-01  3.532952e-02
    outer loop
      vertex  -3.830278e-02  9.141157e-03  5.005412e-03
      vertex  -4.199027e-02  1.525290e-02  8.577395e-03
      vertex  -3.874348e-02  9.744330e-03  3.518418e-03
    endloop
  endfacet
  facet normal -8.464259e-01 -5.313334e-01  3.532821e-02
    outer loop
      vertex  -3.874348e-02  9.744330e-03  3.518418e-03
      vertex  -4.199027e-02  1.525290e-02  8.577395e-03
      vertex  -4.243096e-02  1.585607e-02  7.090401e-03
    endloop
  endfacet
  facet normal -8.464256e-01 -5.313336e-01  3.532899e-02
    outer loop
      vertex  -3.874348e-02  9.744330e-03  3.518418e-03
      vertex  -4.243096e-02  1.585607e-02  7.090401e-03
      vertex  -4.075696e-02  1.303252e-02  4.731691e-03
    endloop
  endfacet
  facet normal -8.464270e-01 -5.313317e-01  3.532571e-02
    outer loop
      vertex  -4.075696e-02  1.303252e-02  4.731691e-03
      vertex  -4.243096e-02  1.585607e-02  7.090401e-03
      vertex  -4.105644e-02  1.352453e-02  4.956192e-03
    endloop
  endfacet
  facet normal -8.464252e-01 -5.313344e-01  3.532904e-02
    outer loop
      vertex  -4.739440e-02  2.249134e-02 -1.203366e-02
      vertex  -4.615950e-02  2.042680e-02 -1.349733e-02
      vertex  -4.663035e-02  2.160362e-02 -7.078956e-03
    endloop
  endfacet
  facet normal -8.464254e-01 -5.313340e-01  3.532898e-02
    outer loop
      vertex  -4.663035e-02  2.160362e-02 -7.078956e-03
      vertex  -4.615950e-02  2.042680e-02 -1.349733e-02
      vertex  -4.294286e-02  1.549188e-02 -1.065094e-02
    endloop
  endfacet
  facet normal -8.464254e-01 -5.313342e-01  3.532921e-02
    outer loop
      vertex  -4.663035e-02  2.160362e-02 -7.078956e-03
      vertex  -4.294286e-02  1.549188e-02 -1.065094e-02
      vertex  -4.454480e-02  1.874921e-02 -4.201886e-05
    endloop
  endfacet
  facet normal -8.464254e-01 -5.313340e-01  3.532914e-02
    outer loop
      vertex  -4.454480e-02  1.874921e-02 -4.201886e-05
      vertex  -4.294286e-02  1.549188e-02 -1.065094e-02
      vertex  -4.085732e-02  1.263747e-02 -3.614002e-03
    endloop
  endfacet
  facet normal -8.464248e-01 -5.313349e-01  3.533145e-02
    outer loop
      vertex  -4.454480e-02  1.874921e-02 -4.201886e-05
      vertex  -4.085732e-02  1.263747e-02 -3.614002e-03
      vertex  -4.253132e-02  1.546103e-02 -1.255291e-03
    endloop
  endfacet
  facet normal -8.464252e-01 -5.313342e-01  3.533019e-02
    outer loop
      vertex  -4.253132e-02  1.546103e-02 -1.255291e-03
      vertex  -4.085732e-02  1.263747e-02 -3.614002e-03
      vertex  -4.191234e-02  1.445241e-02 -1.594709e-03
    endloop
  endfacet
  facet normal -8.464255e-01 -5.313339e-01  3.532914e-02
    outer loop
      vertex  -3.342135e-02  7.257570e-04 -4.607695e-03
      vertex  -3.699299e-02  6.843009e-03  1.822753e-03
      vertex  -3.910682e-02  9.736151e-03 -5.309667e-03
    endloop
  endfacet
  facet normal -8.464256e-01 -5.313338e-01  3.532913e-02
    outer loop
      vertex  -3.910682e-02  9.736151e-03 -5.309667e-03
      vertex  -3.699299e-02  6.843009e-03  1.822753e-03
      vertex  -3.797470e-02  8.470131e-03  2.773718e-03
    endloop
  endfacet
  facet normal -8.464255e-01 -5.313339e-01  3.532913e-02
    outer loop
      vertex  -3.910682e-02  9.736151e-03 -5.309667e-03
      vertex  -3.797470e-02  8.470131e-03  2.773718e-03
      vertex  -4.008854e-02  1.136327e-02 -4.358702e-03
    endloop
  endfacet
  facet normal -8.464255e-01 -5.313338e-01  3.532913e-02
    outer loop
      vertex  -4.008854e-02  1.136327e-02 -4.358702e-03
      vertex  -3.797470e-02  8.470131e-03  2.773718e-03
      vertex  -3.874348e-02  9.744330e-03  3.518418e-03
    endloop
  endfacet
  facet normal -8.464255e-01 -5.313339e-01  3.532913e-02
    outer loop
      vertex  -4.008854e-02  1.136327e-02 -4.358702e-03
      vertex  -3.874348e-02  9.744330e-03  3.518418e-03
      vertex  -4.085732e-02  1.263747e-02 -3.614002e-03
    endloop
  endfacet
  facet normal -8.464249e-01 -5.313349e-01  3.532849e-02
    outer loop
      vertex  -4.085732e-02  1.263747e-02 -3.614002e-03
      vertex  -3.874348e-02  9.744330e-03  3.518418e-03
      vertex  -4.018496e-02  1.180464e-02 -3.077779e-05
    endloop
  endfacet
  facet normal -8.464270e-01 -5.313315e-01  3.532970e-02
    outer loop
      vertex  -4.085732e-02  1.263747e-02 -3.614002e-03
      vertex  -4.018496e-02  1.180464e-02 -3.077779e-05
      vertex  -4.065420e-02  1.249182e-02 -9.381142e-04
    endloop
  endfacet
  facet normal -4.138348e-01  6.145927e-01 -6.715777e-01
    outer loop
      vertex  -4.003731e-02  1.198829e-02  3.438158e-03
      vertex  -4.043756e-02  1.268469e-02  4.322103e-03
      vertex  -3.121153e-02  1.847623e-02  3.937014e-03
    endloop
  endfacet
  facet normal -3.063273e-01  4.315688e-01 -8.484763e-01
    outer loop
      vertex  -3.121153e-02  1.847623e-02  3.937014e-03
      vertex  -4.043756e-02  1.268469e-02  4.322103e-03
      vertex  -4.069880e-02  1.312190e-02  4.638800e-03
    endloop
  endfacet
  facet normal -2.691241e-01  3.597624e-01 -8.933886e-01
    outer loop
      vertex  -3.121153e-02  1.847623e-02  3.937014e-03
      vertex  -4.069880e-02  1.312190e-02  4.638800e-03
      vertex  -3.176331e-02  1.939076e-02  4.471511e-03
    endloop
  endfacet
  facet normal -2.210740e-01  2.902676e-01 -9.310591e-01
    outer loop
      vertex  -3.176331e-02  1.939076e-02  4.471511e-03
      vertex  -4.069880e-02  1.312190e-02  4.638800e-03
      vertex  -4.098935e-02  1.359922e-02  4.856599e-03
    endloop
  endfacet
  facet normal -8.005959e-02  6.138412e-02 -9.948983e-01
    outer loop
      vertex  -3.176331e-02  1.939076e-02  4.471511e-03
      vertex  -4.098935e-02  1.359922e-02  4.856599e-03
      vertex  -3.239209e-02  2.039993e-02  4.584373e-03
    endloop
  endfacet
  facet normal -8.005968e-02  6.138425e-02 -9.948982e-01
    outer loop
      vertex  -3.239209e-02  2.039993e-02  4.584373e-03
      vertex  -4.098935e-02  1.359922e-02  4.856599e-03
      vertex  -4.161813e-02  1.460839e-02  4.969462e-03
    endloop
  endfacet
  facet normal  1.155240e-01 -2.479869e-01 -9.618506e-01
    outer loop
      vertex  -3.239209e-02  2.039993e-02  4.584373e-03
      vertex  -4.161813e-02  1.460839e-02  4.969462e-03
      vertex  -3.301296e-02  2.136743e-02  4.260359e-03
    endloop
  endfacet
  facet normal  1.155242e-01 -2.479873e-01 -9.618505e-01
    outer loop
      vertex  -3.301296e-02  2.136743e-02  4.260359e-03
      vertex  -4.161813e-02  1.460839e-02  4.969462e-03
      vertex  -4.223899e-02  1.557589e-02  4.645448e-03
    endloop
  endfacet
  facet normal  2.955062e-01 -5.238671e-01 -7.988988e-01
    outer loop
      vertex  -3.301296e-02  2.136743e-02  4.260359e-03
      vertex  -4.223899e-02  1.557589e-02  4.645448e-03
      vertex  -3.354205e-02  2.216261e-02  3.543227e-03
    endloop
  endfacet
  facet normal  2.955054e-01 -5.238661e-01 -7.988998e-01
    outer loop
      vertex  -3.354205e-02  2.216261e-02  3.543227e-03
      vertex  -4.223899e-02  1.557589e-02  4.645448e-03
      vertex  -4.276809e-02  1.637107e-02  3.928316e-03
    endloop
  endfacet
  facet normal  4.355764e-01 -7.289933e-01 -5.280548e-01
    outer loop
      vertex  -3.354205e-02  2.216261e-02  3.543227e-03
      vertex  -4.276809e-02  1.637107e-02  3.928316e-03
      vertex  -3.390792e-02  2.267806e-02  2.529831e-03
    endloop
  endfacet
  facet normal  4.355774e-01 -7.289942e-01 -5.280528e-01
    outer loop
      vertex  -3.390792e-02  2.267806e-02  2.529831e-03
      vertex  -4.276809e-02  1.637107e-02  3.928316e-03
      vertex  -4.313396e-02  1.688652e-02  2.914920e-03
    endloop
  endfacet
  facet normal  5.168221e-01 -8.356675e-01 -1.858890e-01
    outer loop
      vertex  -3.390792e-02  2.267806e-02  2.529831e-03
      vertex  -4.313396e-02  1.688652e-02  2.914920e-03
      vertex  -3.406115e-02  2.284418e-02  1.357035e-03
    endloop
  endfacet
  facet normal  5.168220e-01 -8.356674e-01 -1.858892e-01
    outer loop
      vertex  -3.406115e-02  2.284418e-02  1.357035e-03
      vertex  -4.313396e-02  1.688652e-02  2.914920e-03
      vertex  -4.328718e-02  1.705264e-02  1.742124e-03
    endloop
  endfacet
  facet normal  5.282668e-01 -8.294789e-01  1.813801e-01
    outer loop
      vertex  -3.406115e-02  2.284418e-02  1.357035e-03
      vertex  -4.328718e-02  1.705264e-02  1.742124e-03
      vertex  -3.398104e-02  2.263852e-02  1.832323e-04
    endloop
  endfacet
  facet normal  5.282668e-01 -8.294796e-01  1.813773e-01
    outer loop
      vertex  -3.398104e-02  2.263852e-02  1.832323e-04
      vertex  -4.328718e-02  1.705264e-02  1.742124e-03
      vertex  -4.320708e-02  1.684698e-02  5.683211e-04
    endloop
  endfacet
  facet normal  4.683664e-01 -7.112654e-01  5.241513e-01
    outer loop
      vertex  -3.398104e-02  2.263852e-02  1.832323e-04
      vertex  -4.320708e-02  1.684698e-02  5.683211e-04
      vertex  -3.367842e-02  2.208887e-02 -8.330494e-04
    endloop
  endfacet
  facet normal  4.683663e-01 -7.112653e-01  5.241514e-01
    outer loop
      vertex  -3.367842e-02  2.208887e-02 -8.330494e-04
      vertex  -4.320708e-02  1.684698e-02  5.683211e-04
      vertex  -4.290446e-02  1.629733e-02 -4.479605e-04
    endloop
  endfacet
  facet normal  3.452109e-01 -4.969918e-01  7.961336e-01
    outer loop
      vertex  -3.367842e-02  2.208887e-02 -8.330494e-04
      vertex  -4.290446e-02  1.629733e-02 -4.479605e-04
      vertex  -3.319416e-02  2.126946e-02 -1.554555e-03
    endloop
  endfacet
  facet normal  3.452103e-01 -4.969903e-01  7.961348e-01
    outer loop
      vertex  -3.319416e-02  2.126946e-02 -1.554555e-03
      vertex  -4.290446e-02  1.629733e-02 -4.479605e-04
      vertex  -4.242020e-02  1.547792e-02 -1.169466e-03
    endloop
  endfacet
  facet normal  1.754322e-01 -2.155953e-01  9.605947e-01
    outer loop
      vertex  -3.319416e-02  2.126946e-02 -1.554555e-03
      vertex  -4.242020e-02  1.547792e-02 -1.169466e-03
      vertex  -3.259366e-02  2.029094e-02 -1.883841e-03
    endloop
  endfacet
  facet normal  1.754322e-01 -2.155953e-01  9.605947e-01
    outer loop
      vertex  -3.259366e-02  2.029094e-02 -1.883841e-03
      vertex  -4.242020e-02  1.547792e-02 -1.169466e-03
      vertex  -4.181969e-02  1.449940e-02 -1.498753e-03
    endloop
  endfacet
  facet normal -1.803943e-02  9.491768e-02  9.953216e-01
    outer loop
      vertex  -3.259366e-02  2.029094e-02 -1.883841e-03
      vertex  -4.181969e-02  1.449940e-02 -1.498753e-03
      vertex  -3.195801e-02  1.928549e-02 -1.776436e-03
    endloop
  endfacet
  facet normal -1.803954e-02  9.491790e-02  9.953216e-01
    outer loop
      vertex  -3.195801e-02  1.928549e-02 -1.776436e-03
      vertex  -4.181969e-02  1.449940e-02 -1.498753e-03
      vertex  -4.118405e-02  1.349395e-02 -1.391347e-03
    endloop
  endfacet
  facet normal -2.090745e-01  3.926114e-01  8.956250e-01
    outer loop
      vertex  -3.195801e-02  1.928549e-02 -1.776436e-03
      vertex  -4.118405e-02  1.349395e-02 -1.391347e-03
      vertex  -3.137307e-02  1.838888e-02 -1.246846e-03
    endloop
  endfacet
  facet normal -2.090748e-01  3.926120e-01  8.956248e-01
    outer loop
      vertex  -3.137307e-02  1.838888e-02 -1.246846e-03
      vertex  -4.118405e-02  1.349395e-02 -1.391347e-03
      vertex  -4.059911e-02  1.259734e-02 -8.617572e-04
    endloop
  endfacet
  facet normal -3.718734e-01  6.372817e-01  6.749684e-01
    outer loop
      vertex  -3.137307e-02  1.838888e-02 -1.246846e-03
      vertex  -4.059911e-02  1.259734e-02 -8.617572e-04
      vertex  -3.091784e-02  1.772222e-02 -3.665944e-04
    endloop
  endfacet
  facet normal -3.718730e-01  6.372806e-01  6.749696e-01
    outer loop
      vertex  -3.091784e-02  1.772222e-02 -3.665944e-04
      vertex  -4.059911e-02  1.259734e-02 -8.617572e-04
      vertex  -4.014387e-02  1.193067e-02  1.849453e-05
    endloop
  endfacet
  facet normal -4.844482e-01  7.958822e-01  3.631549e-01
    outer loop
      vertex  -3.091784e-02  1.772222e-02 -3.665944e-04
      vertex  -4.014387e-02  1.193067e-02  1.849453e-05
      vertex  -3.065379e-02  1.737553e-02  7.454361e-04
    endloop
  endfacet
  facet normal -4.844483e-01  7.958823e-01  3.631543e-01
    outer loop
      vertex  -3.065379e-02  1.737553e-02  7.454361e-04
      vertex  -4.014387e-02  1.193067e-02  1.849453e-05
      vertex  -3.987983e-02  1.158399e-02  1.130525e-03
    endloop
  endfacet
  facet normal -5.315958e-01  8.469951e-01  2.295430e-03
    outer loop
      vertex  -3.065379e-02  1.737553e-02  7.454361e-04
      vertex  -3.987983e-02  1.158399e-02  1.130525e-03
      vertex  -3.061659e-02  1.739564e-02  1.939059e-03
    endloop
  endfacet
  facet normal -5.315958e-01  8.469951e-01  2.294791e-03
    outer loop
      vertex  -3.061659e-02  1.739564e-02  1.939059e-03
      vertex  -3.987983e-02  1.158399e-02  1.130525e-03
      vertex  -3.984263e-02  1.160410e-02  2.324148e-03
    endloop
  endfacet
  facet normal -5.069482e-01  7.837163e-01 -3.588763e-01
    outer loop
      vertex  -3.061659e-02  1.739564e-02  1.939059e-03
      vertex  -3.984263e-02  1.160410e-02  2.324148e-03
      vertex  -3.081127e-02  1.777983e-02  3.053070e-03
    endloop
  endfacet
  facet normal -5.069485e-01  7.837167e-01 -3.588752e-01
    outer loop
      vertex  -3.081127e-02  1.777983e-02  3.053070e-03
      vertex  -3.984263e-02  1.160410e-02  2.324148e-03
      vertex  -4.003731e-02  1.198829e-02  3.438158e-03
    endloop
  endfacet
  facet normal -4.138350e-01  6.145930e-01 -6.715773e-01
    outer loop
      vertex  -3.081127e-02  1.777983e-02  3.053070e-03
      vertex  -4.003731e-02  1.198829e-02  3.438158e-03
      vertex  -3.121153e-02  1.847623e-02  3.937014e-03
    endloop
  endfacet
  facet normal  8.464254e-01  5.313340e-01 -3.532954e-02
    outer loop
      vertex  -3.645800e-02  2.764072e-02  1.607028e-02
      vertex  -3.507045e-02  2.551090e-02  1.728196e-02
      vertex  -3.687620e-02  2.796264e-02  1.089248e-02
    endloop
  endfacet
  facet normal  8.464260e-01  5.313334e-01 -3.532679e-02
    outer loop
      vertex  -3.195801e-02  1.928549e-02 -1.776436e-03
      vertex  -3.084383e-02  1.745615e-02 -2.594899e-03
      vertex  -3.259366e-02  2.029094e-02 -1.883841e-03
    endloop
  endfacet
  facet normal  8.464258e-01  5.313336e-01 -3.532831e-02
    outer loop
      vertex  -3.259366e-02  2.029094e-02 -1.883841e-03
      vertex  -3.084383e-02  1.745615e-02 -2.594899e-03
      vertex  -3.145194e-02  1.828846e-02 -4.646780e-03
    endloop
  endfacet
  facet normal  8.464258e-01  5.313334e-01 -3.532819e-02
    outer loop
      vertex  -3.259366e-02  2.029094e-02 -1.883841e-03
      vertex  -3.145194e-02  1.828846e-02 -4.646780e-03
      vertex  -3.319416e-02  2.126946e-02 -1.554555e-03
    endloop
  endfacet
  facet normal  8.464256e-01  5.313337e-01 -3.532854e-02
    outer loop
      vertex  -3.319416e-02  2.126946e-02 -1.554555e-03
      vertex  -3.145194e-02  1.828846e-02 -4.646780e-03
      vertex  -3.558323e-02  2.513577e-02 -6.448965e-04
    endloop
  endfacet
  facet normal  8.464269e-01  5.313314e-01 -3.533290e-02
    outer loop
      vertex  -3.390792e-02  2.267806e-02  2.529831e-03
      vertex  -3.497511e-02  2.430346e-02  1.406985e-03
      vertex  -3.354205e-02  2.216261e-02  3.543227e-03
    endloop
  endfacet
  facet normal  8.464251e-01  5.313345e-01 -3.532859e-02
    outer loop
      vertex  -3.354205e-02  2.216261e-02  3.543227e-03
      vertex  -3.497511e-02  2.430346e-02  1.406985e-03
      vertex  -3.382310e-02  2.272674e-02  5.294055e-03
    endloop
  endfacet
  facet normal  8.464261e-01  5.313329e-01 -3.532792e-02
    outer loop
      vertex  -3.354205e-02  2.216261e-02  3.543227e-03
      vertex  -3.382310e-02  2.272674e-02  5.294055e-03
      vertex  -3.301296e-02  2.136743e-02  4.260359e-03
    endloop
  endfacet
  facet normal  8.464258e-01  5.313334e-01 -3.532886e-02
    outer loop
      vertex  -3.390792e-02  2.267806e-02  2.529831e-03
      vertex  -3.406115e-02  2.284418e-02  1.357035e-03
      vertex  -3.497511e-02  2.430346e-02  1.406985e-03
    endloop
  endfacet
  facet normal  8.464258e-01  5.313334e-01 -3.532901e-02
    outer loop
      vertex  -3.497511e-02  2.430346e-02  1.406985e-03
      vertex  -3.406115e-02  2.284418e-02  1.357035e-03
      vertex  -3.398104e-02  2.263852e-02  1.832323e-04
    endloop
  endfacet
  facet normal  8.464257e-01  5.313337e-01 -3.532951e-02
    outer loop
      vertex  -3.497511e-02  2.430346e-02  1.406985e-03
      vertex  -3.398104e-02  2.263852e-02  1.832323e-04
      vertex  -3.558323e-02  2.513577e-02 -6.448965e-04
    endloop
  endfacet
  facet normal  8.464254e-01  5.313340e-01 -3.532807e-02
    outer loop
      vertex  -3.558323e-02  2.513577e-02 -6.448965e-04
      vertex  -3.398104e-02  2.263852e-02  1.832323e-04
      vertex  -3.367842e-02  2.208887e-02 -8.330494e-04
    endloop
  endfacet
  facet normal  8.464252e-01  5.313342e-01 -3.533137e-02
    outer loop
      vertex  -3.558323e-02  2.513577e-02 -6.448965e-04
      vertex  -3.367842e-02  2.208887e-02 -8.330494e-04
      vertex  -3.319416e-02  2.126946e-02 -1.554555e-03
    endloop
  endfacet
  facet normal  8.464255e-01  5.313339e-01 -3.532913e-02
    outer loop
      vertex  -2.969181e-02  1.587943e-02  1.292171e-03
      vertex  -3.061659e-02  1.739564e-02  1.939059e-03
      vertex  -2.908370e-02  1.504712e-02  3.344052e-03
    endloop
  endfacet
  facet normal  8.464256e-01  5.313336e-01 -3.532971e-02
    outer loop
      vertex  -2.908370e-02  1.504712e-02  3.344052e-03
      vertex  -3.061659e-02  1.739564e-02  1.939059e-03
      vertex  -3.081127e-02  1.777983e-02  3.053070e-03
    endloop
  endfacet
  facet normal  8.464256e-01  5.313337e-01 -3.532894e-02
    outer loop
      vertex  -2.908370e-02  1.504712e-02  3.344052e-03
      vertex  -3.081127e-02  1.777983e-02  3.053070e-03
      vertex  -3.121153e-02  1.847623e-02  3.937014e-03
    endloop
  endfacet
  facet normal  8.464258e-01  5.313335e-01 -3.532889e-02
    outer loop
      vertex  -3.301296e-02  2.136743e-02  4.260359e-03
      vertex  -3.382310e-02  2.272674e-02  5.294055e-03
      vertex  -3.239209e-02  2.039993e-02  4.584373e-03
    endloop
  endfacet
  facet normal  8.464257e-01  5.313336e-01 -3.532955e-02
    outer loop
      vertex  -3.239209e-02  2.039993e-02  4.584373e-03
      vertex  -3.382310e-02  2.272674e-02  5.294055e-03
      vertex  -3.321498e-02  2.189443e-02  7.345937e-03
    endloop
  endfacet
  facet normal  8.464244e-01  5.313356e-01 -3.533100e-02
    outer loop
      vertex  -3.239209e-02  2.039993e-02  4.584373e-03
      vertex  -3.321498e-02  2.189443e-02  7.345937e-03
      vertex  -3.176331e-02  1.939076e-02  4.471511e-03
    endloop
  endfacet
  facet normal  8.464250e-01  5.313346e-01 -3.533086e-02
    outer loop
      vertex  -3.195801e-02  1.928549e-02 -1.776436e-03
      vertex  -3.137307e-02  1.838888e-02 -1.246846e-03
      vertex  -3.084383e-02  1.745615e-02 -2.594899e-03
    endloop
  endfacet
  facet normal  8.464258e-01  5.313334e-01 -3.532973e-02
    outer loop
      vertex  -3.084383e-02  1.745615e-02 -2.594899e-03
      vertex  -3.137307e-02  1.838888e-02 -1.246846e-03
      vertex  -3.091784e-02  1.772222e-02 -3.665944e-04
    endloop
  endfacet
  facet normal  8.464257e-01  5.313336e-01 -3.532976e-02
    outer loop
      vertex  -3.084383e-02  1.745615e-02 -2.594899e-03
      vertex  -3.091784e-02  1.772222e-02 -3.665944e-04
      vertex  -2.969181e-02  1.587943e-02  1.292171e-03
    endloop
  endfacet
  facet normal  8.464254e-01  5.313343e-01 -3.532884e-02
    outer loop
      vertex  -2.969181e-02  1.587943e-02  1.292171e-03
      vertex  -3.091784e-02  1.772222e-02 -3.665944e-04
      vertex  -3.065379e-02  1.737553e-02  7.454361e-04
    endloop
  endfacet
  facet normal  8.464254e-01  5.313340e-01 -3.532950e-02
    outer loop
      vertex  -2.969181e-02  1.587943e-02  1.292171e-03
      vertex  -3.065379e-02  1.737553e-02  7.454361e-04
      vertex  -3.061659e-02  1.739564e-02  1.939059e-03
    endloop
  endfacet
  facet normal  8.464254e-01  5.313341e-01 -3.533007e-02
    outer loop
      vertex  -3.073764e-02  1.701116e-02 -6.743290e-03
      vertex  -3.101077e-02  1.745336e-02 -6.636650e-03
      vertex  -3.145194e-02  1.828846e-02 -4.646780e-03
    endloop
  endfacet
  facet normal  8.464264e-01  5.313324e-01 -3.532913e-02
    outer loop
      vertex  -3.145194e-02  1.828846e-02 -4.646780e-03
      vertex  -3.101077e-02  1.745336e-02 -6.636650e-03
      vertex  -3.128345e-02  1.787662e-02 -6.804003e-03
    endloop
  endfacet
  facet normal  8.464229e-01  5.313380e-01 -3.533047e-02
    outer loop
      vertex  -3.145194e-02  1.828846e-02 -4.646780e-03
      vertex  -3.128345e-02  1.787662e-02 -6.804003e-03
      vertex  -3.148262e-02  1.816753e-02 -7.200508e-03
    endloop
  endfacet
  facet normal  8.464257e-01  5.313334e-01 -3.532947e-02
    outer loop
      vertex  -3.808372e-02  2.833601e-02 -1.242228e-02
      vertex  -3.558323e-02  2.513577e-02 -6.448965e-04
      vertex  -3.684882e-02  2.627147e-02 -1.388595e-02
    endloop
  endfacet
  facet normal  8.464254e-01  5.313341e-01 -3.532939e-02
    outer loop
      vertex  -3.684882e-02  2.627147e-02 -1.388595e-02
      vertex  -3.558323e-02  2.513577e-02 -6.448965e-04
      vertex  -3.145194e-02  1.828846e-02 -4.646780e-03
    endloop
  endfacet
  facet normal  8.464253e-01  5.313343e-01 -3.532919e-02
    outer loop
      vertex  -3.684882e-02  2.627147e-02 -1.388595e-02
      vertex  -3.145194e-02  1.828846e-02 -4.646780e-03
      vertex  -3.549076e-02  2.403836e-02 -1.493403e-02
    endloop
  endfacet
  facet normal  8.464261e-01  5.313329e-01 -3.533028e-02
    outer loop
      vertex  -3.549076e-02  2.403836e-02 -1.493403e-02
      vertex  -3.145194e-02  1.828846e-02 -4.646780e-03
      vertex  -3.148262e-02  1.816753e-02 -7.200508e-03
    endloop
  endfacet
  facet normal  8.464253e-01  5.313343e-01 -3.532790e-02
    outer loop
      vertex  -3.073472e-02  1.688875e-02 -8.514415e-03
      vertex  -3.053555e-02  1.659784e-02 -8.117910e-03
      vertex  -2.889225e-02  1.404596e-02 -7.126295e-03
    endloop
  endfacet
  facet normal  8.464254e-01  5.313340e-01 -3.532861e-02
    outer loop
      vertex  -2.889225e-02  1.404596e-02 -7.126295e-03
      vertex  -3.053555e-02  1.659784e-02 -8.117910e-03
      vertex  -3.046327e-02  1.651722e-02 -7.598497e-03
    endloop
  endfacet
  facet normal  8.464254e-01  5.313341e-01 -3.532866e-02
    outer loop
      vertex  -2.889225e-02  1.404596e-02 -7.126295e-03
      vertex  -3.046327e-02  1.651722e-02 -7.598497e-03
      vertex  -3.053724e-02  1.666851e-02 -7.095351e-03
    endloop
  endfacet
  facet normal  8.464228e-01  5.313385e-01 -3.532435e-02
    outer loop
      vertex  -3.148262e-02  1.816753e-02 -7.200508e-03
      vertex  -3.155490e-02  1.824814e-02 -7.719922e-03
      vertex  -3.549076e-02  2.403836e-02 -1.493403e-02
    endloop
  endfacet
  facet normal  8.464257e-01  5.313336e-01 -3.532976e-02
    outer loop
      vertex  -3.549076e-02  2.403836e-02 -1.493403e-02
      vertex  -3.155490e-02  1.824814e-02 -7.719922e-03
      vertex  -3.148094e-02  1.809686e-02 -8.223068e-03
    endloop
  endfacet
  facet normal  8.464256e-01  5.313337e-01 -3.532965e-02
    outer loop
      vertex  -3.549076e-02  2.403836e-02 -1.493403e-02
      vertex  -3.148094e-02  1.809686e-02 -8.223068e-03
      vertex  -3.404657e-02  2.169758e-02 -1.553793e-02
    endloop
  endfacet
  facet normal  8.464257e-01  5.313334e-01 -3.533000e-02
    outer loop
      vertex  -3.404657e-02  2.169758e-02 -1.553793e-02
      vertex  -3.148094e-02  1.809686e-02 -8.223068e-03
      vertex  -3.128054e-02  1.775421e-02 -8.575128e-03
    endloop
  endfacet
  facet normal  8.464255e-01  5.313339e-01 -3.532952e-02
    outer loop
      vertex  -3.404657e-02  2.169758e-02 -1.553793e-02
      vertex  -3.128054e-02  1.775421e-02 -8.575128e-03
      vertex  -3.255565e-02  1.931300e-02 -1.568119e-02
    endloop
  endfacet
  facet normal  8.464254e-01  5.313341e-01 -3.532945e-02
    outer loop
      vertex  -3.255565e-02  1.931300e-02 -1.568119e-02
      vertex  -3.128054e-02  1.775421e-02 -8.575128e-03
      vertex  -3.100741e-02  1.731201e-02 -8.681769e-03
    endloop
  endfacet
  facet normal  8.464250e-01  5.313348e-01 -3.532914e-02
    outer loop
      vertex  -3.255565e-02  1.931300e-02 -1.568119e-02
      vertex  -3.100741e-02  1.731201e-02 -8.681769e-03
      vertex  -3.105867e-02  1.694965e-02 -1.535990e-02
    endloop
  endfacet
  facet normal  8.464248e-01  5.313351e-01 -3.532915e-02
    outer loop
      vertex  -3.100741e-02  1.731201e-02 -8.681769e-03
      vertex  -3.073472e-02  1.688875e-02 -8.514415e-03
      vertex  -3.105867e-02  1.694965e-02 -1.535990e-02
    endloop
  endfacet
  facet normal  8.464256e-01  5.313338e-01 -3.532920e-02
    outer loop
      vertex  -3.105867e-02  1.694965e-02 -1.535990e-02
      vertex  -3.073472e-02  1.688875e-02 -8.514415e-03
      vertex  -2.889225e-02  1.404596e-02 -7.126295e-03
    endloop
  endfacet
  facet normal  8.464256e-01  5.313337e-01 -3.532923e-02
    outer loop
      vertex  -3.105867e-02  1.694965e-02 -1.535990e-02
      vertex  -2.889225e-02  1.404596e-02 -7.126295e-03
      vertex  -2.959647e-02  1.467199e-02 -1.458281e-02
    endloop
  endfacet
  facet normal  8.464255e-01  5.313340e-01 -3.532919e-02
    outer loop
      vertex  -2.959647e-02  1.467199e-02 -1.458281e-02
      vertex  -2.889225e-02  1.404596e-02 -7.126295e-03
      vertex  -2.820892e-02  1.254217e-02 -1.337113e-02
    endloop
  endfacet
  facet normal  8.464254e-01  5.313341e-01 -3.532957e-02
    outer loop
      vertex  -2.652400e-02  1.080461e-02  8.645381e-04
      vertex  -2.358922e-02  5.918564e-03 -2.306938e-03
      vertex  -2.713212e-02  1.163692e-02 -1.187343e-03
    endloop
  endfacet
  facet normal  8.464254e-01  5.313340e-01 -3.532929e-02
    outer loop
      vertex  -2.713212e-02  1.163692e-02 -1.187343e-03
      vertex  -2.358922e-02  5.918564e-03 -2.306938e-03
      vertex  -2.586021e-02  9.446606e-03 -3.655793e-03
    endloop
  endfacet
  facet normal  8.464254e-01  5.313341e-01 -3.532933e-02
    outer loop
      vertex  -2.411067e-02  6.570430e-03 -4.996317e-03
      vertex  -2.556576e-02  8.916530e-03 -4.573575e-03
      vertex  -2.358922e-02  5.918564e-03 -2.306938e-03
    endloop
  endfacet
  facet normal  8.464249e-01  5.313350e-01 -3.532788e-02
    outer loop
      vertex  -2.358922e-02  5.918564e-03 -2.306938e-03
      vertex  -2.556576e-02  8.916530e-03 -4.573575e-03
      vertex  -2.564514e-02  9.078885e-03 -4.033613e-03
    endloop
  endfacet
  facet normal  8.464257e-01  5.313333e-01 -3.533171e-02
    outer loop
      vertex  -2.358922e-02  5.918564e-03 -2.306938e-03
      vertex  -2.564514e-02  9.078885e-03 -4.033613e-03
      vertex  -2.586021e-02  9.446606e-03 -3.655793e-03
    endloop
  endfacet
  facet normal  8.464240e-01  5.313361e-01 -3.533178e-02
    outer loop
      vertex  -2.586021e-02  9.446606e-03 -3.655793e-03
      vertex  -2.615333e-02  9.921161e-03 -3.541349e-03
      vertex  -2.713212e-02  1.163692e-02 -1.187343e-03
    endloop
  endfacet
  facet normal  8.464260e-01  5.313331e-01 -3.532875e-02
    outer loop
      vertex  -2.713212e-02  1.163692e-02 -1.187343e-03
      vertex  -2.615333e-02  9.921161e-03 -3.541349e-03
      vertex  -2.644596e-02  1.037539e-02 -3.720948e-03
    endloop
  endfacet
  facet normal  8.464256e-01  5.313338e-01 -3.532926e-02
    outer loop
      vertex  -2.713212e-02  1.163692e-02 -1.187343e-03
      vertex  -2.644596e-02  1.037539e-02 -3.720948e-03
      vertex  -2.828413e-02  1.321365e-02 -5.074413e-03
    endloop
  endfacet
  facet normal  8.464254e-01  5.313341e-01 -3.532879e-02
    outer loop
      vertex  -2.828413e-02  1.321365e-02 -5.074413e-03
      vertex  -2.644596e-02  1.037539e-02 -3.720948e-03
      vertex  -2.665970e-02  1.068759e-02 -4.146466e-03
    endloop
  endfacet
  facet normal  8.464257e-01  5.313336e-01 -3.533022e-02
    outer loop
      vertex  -2.828413e-02  1.321365e-02 -5.074413e-03
      vertex  -2.665970e-02  1.068759e-02 -4.146466e-03
      vertex  -2.673727e-02  1.077410e-02 -4.703886e-03
    endloop
  endfacet
  facet normal  8.464256e-01  5.313336e-01 -3.532945e-02
    outer loop
      vertex  -2.673727e-02  1.077410e-02 -4.703886e-03
      vertex  -2.665790e-02  1.061175e-02 -5.243847e-03
      vertex  -2.828413e-02  1.321365e-02 -5.074413e-03
    endloop
  endfacet
  facet normal  8.464257e-01  5.313337e-01 -3.532906e-02
    outer loop
      vertex  -2.828413e-02  1.321365e-02 -5.074413e-03
      vertex  -2.665790e-02  1.061175e-02 -5.243847e-03
      vertex  -2.580613e-02  8.952777e-03 -9.787139e-03
    endloop
  endfacet
  facet normal  8.464254e-01  5.313341e-01 -3.532958e-02
    outer loop
      vertex  -2.828413e-02  1.321365e-02 -5.074413e-03
      vertex  -2.580613e-02  8.952777e-03 -9.787139e-03
      vertex  -2.889225e-02  1.404596e-02 -7.126295e-03
    endloop
  endfacet
  facet normal  8.464255e-01  5.313338e-01 -3.532906e-02
    outer loop
      vertex  -2.889225e-02  1.404596e-02 -7.126295e-03
      vertex  -2.580613e-02  8.952777e-03 -9.787139e-03
      vertex  -2.693388e-02  1.061827e-02 -1.175790e-02
    endloop
  endfacet
  facet normal  8.464255e-01  5.313340e-01 -3.532919e-02
    outer loop
      vertex  -2.889225e-02  1.404596e-02 -7.126295e-03
      vertex  -2.693388e-02  1.061827e-02 -1.175790e-02
      vertex  -2.820892e-02  1.254217e-02 -1.337113e-02
    endloop
  endfacet
  facet normal  8.464248e-01  5.313350e-01 -3.532974e-02
    outer loop
      vertex  -2.665790e-02  1.061175e-02 -5.243847e-03
      vertex  -2.644283e-02  1.024403e-02 -5.621667e-03
      vertex  -2.580613e-02  8.952777e-03 -9.787139e-03
    endloop
  endfacet
  facet normal  8.464260e-01  5.313333e-01 -3.532900e-02
    outer loop
      vertex  -2.580613e-02  8.952777e-03 -9.787139e-03
      vertex  -2.644283e-02  1.024403e-02 -5.621667e-03
      vertex  -2.614971e-02  9.769474e-03 -5.736111e-03
    endloop
  endfacet
  facet normal  8.464251e-01  5.313345e-01 -3.532932e-02
    outer loop
      vertex  -2.580613e-02  8.952777e-03 -9.787139e-03
      vertex  -2.614971e-02  9.769474e-03 -5.736111e-03
      vertex  -2.485642e-02  7.591115e-03 -7.512597e-03
    endloop
  endfacet
  facet normal  8.464251e-01  5.313346e-01 -3.532943e-02
    outer loop
      vertex  -2.485642e-02  7.591115e-03 -7.512597e-03
      vertex  -2.614971e-02  9.769474e-03 -5.736111e-03
      vertex  -2.585708e-02  9.315241e-03 -5.556512e-03
    endloop
  endfacet
  facet normal  8.464254e-01  5.313342e-01 -3.532903e-02
    outer loop
      vertex  -2.485642e-02  7.591115e-03 -7.512597e-03
      vertex  -2.585708e-02  9.315241e-03 -5.556512e-03
      vertex  -2.411067e-02  6.570430e-03 -4.996317e-03
    endloop
  endfacet
  facet normal  8.464254e-01  5.313341e-01 -3.532964e-02
    outer loop
      vertex  -2.411067e-02  6.570430e-03 -4.996317e-03
      vertex  -2.585708e-02  9.315241e-03 -5.556512e-03
      vertex  -2.564334e-02  9.003042e-03 -5.130995e-03
    endloop
  endfacet
  facet normal  8.464254e-01  5.313341e-01 -3.532932e-02
    outer loop
      vertex  -2.411067e-02  6.570430e-03 -4.996317e-03
      vertex  -2.564334e-02  9.003042e-03 -5.130995e-03
      vertex  -2.556576e-02  8.916530e-03 -4.573575e-03
    endloop
  endfacet
  facet normal  8.464255e-01  5.313338e-01 -3.532911e-02
    outer loop
      vertex  -2.348013e-02  6.300760e-03  6.054677e-03
      vertex  -2.326959e-02  5.781865e-03  3.294962e-03
      vertex  -2.652400e-02  1.080461e-02  8.645381e-04
    endloop
  endfacet
  facet normal  8.464255e-01  5.313339e-01 -3.532903e-02
    outer loop
      vertex  -2.652400e-02  1.080461e-02  8.645381e-04
      vertex  -2.326959e-02  5.781865e-03  3.294962e-03
      vertex  -2.330628e-02  5.653297e-03  4.821822e-04
    endloop
  endfacet
  facet normal  8.464255e-01  5.313338e-01 -3.532906e-02
    outer loop
      vertex  -2.652400e-02  1.080461e-02  8.645381e-04
      vertex  -2.330628e-02  5.653297e-03  4.821822e-04
      vertex  -2.358922e-02  5.918564e-03 -2.306938e-03
    endloop
  endfacet
  facet normal  8.464258e-01  5.313335e-01 -3.532908e-02
    outer loop
      vertex  -2.393217e-02  7.195830e-03  8.686049e-03
      vertex  -2.442522e-02  7.932081e-03  7.946154e-03
      vertex  -2.461337e-02  8.442658e-03  1.111730e-02
    endloop
  endfacet
  facet normal  8.464254e-01  5.313342e-01 -3.532921e-02
    outer loop
      vertex  -2.461337e-02  8.442658e-03  1.111730e-02
      vertex  -2.442522e-02  7.932081e-03  7.946154e-03
      vertex  -2.698491e-02  1.217458e-02  1.042567e-02
    endloop
  endfacet
  facet normal  8.464254e-01  5.313341e-01 -3.532929e-02
    outer loop
      vertex  -2.461337e-02  8.442658e-03  1.111730e-02
      vertex  -2.698491e-02  1.217458e-02  1.042567e-02
      vertex  -2.550516e-02  1.000724e-02  1.328211e-02
    endloop
  endfacet
  facet normal  8.464255e-01  5.313339e-01 -3.532955e-02
    outer loop
      vertex  -2.550516e-02  1.000724e-02  1.328211e-02
      vertex  -2.698491e-02  1.217458e-02  1.042567e-02
      vertex  -2.658320e-02  1.184688e-02  1.512144e-02
    endloop
  endfacet
  facet normal  8.464254e-01  5.313340e-01 -3.532894e-02
    outer loop
      vertex  -2.917617e-02  1.614453e-02  1.763318e-02
      vertex  -2.781810e-02  1.391142e-02  1.658511e-02
      vertex  -3.111620e-02  1.902190e-02  1.442755e-02
    endloop
  endfacet
  facet normal  8.464253e-01  5.313343e-01 -3.532916e-02
    outer loop
      vertex  -3.360825e-02  2.323325e-02  1.805905e-02
      vertex  -3.211127e-02  2.086990e-02  1.838035e-02
      vertex  -3.111620e-02  1.902190e-02  1.442755e-02
    endloop
  endfacet
  facet normal  8.464252e-01  5.313343e-01 -3.532922e-02
    outer loop
      vertex  -3.111620e-02  1.902190e-02  1.442755e-02
      vertex  -3.211127e-02  2.086990e-02  1.838035e-02
      vertex  -3.062035e-02  1.848531e-02  1.823709e-02
    endloop
  endfacet
  facet normal  8.464257e-01  5.313336e-01 -3.532938e-02
    outer loop
      vertex  -3.111620e-02  1.902190e-02  1.442755e-02
      vertex  -3.062035e-02  1.848531e-02  1.823709e-02
      vertex  -2.917617e-02  1.614453e-02  1.763318e-02
    endloop
  endfacet
  facet normal  8.464249e-01  5.313346e-01 -3.533198e-02
    outer loop
      vertex  -3.687620e-02  2.796264e-02  1.089248e-02
      vertex  -3.420365e-02  2.366567e-02  1.029765e-02
      vertex  -3.412969e-02  2.351438e-02  9.794507e-03
    endloop
  endfacet
  facet normal  8.464254e-01  5.313340e-01 -3.532924e-02
    outer loop
      vertex  -3.392929e-02  2.317174e-02  9.442447e-03
      vertex  -3.365615e-02  2.272954e-02  9.335806e-03
      vertex  -3.321498e-02  2.189443e-02  7.345937e-03
    endloop
  endfacet
  facet normal  8.464249e-01  5.313348e-01 -3.532971e-02
    outer loop
      vertex  -3.321498e-02  2.189443e-02  7.345937e-03
      vertex  -3.365615e-02  2.272954e-02  9.335806e-03
      vertex  -3.338347e-02  2.230627e-02  9.503160e-03
    endloop
  endfacet
  facet normal  8.464255e-01  5.313339e-01 -3.532964e-02
    outer loop
      vertex  -3.318430e-02  2.201536e-02  9.899665e-03
      vertex  -3.311202e-02  2.193475e-02  1.041908e-02
      vertex  -3.111620e-02  1.902190e-02  1.442755e-02
    endloop
  endfacet
  facet normal  8.464268e-01  5.313319e-01 -3.532900e-02
    outer loop
      vertex  -3.338347e-02  2.230627e-02  9.503160e-03
      vertex  -3.318430e-02  2.201536e-02  9.899665e-03
      vertex  -3.321498e-02  2.189443e-02  7.345937e-03
    endloop
  endfacet
  facet normal  8.464252e-01  5.313344e-01 -3.532910e-02
    outer loop
      vertex  -3.321498e-02  2.189443e-02  7.345937e-03
      vertex  -3.318430e-02  2.201536e-02  9.899665e-03
      vertex  -3.111620e-02  1.902190e-02  1.442755e-02
    endloop
  endfacet
  facet normal  8.464256e-01  5.313339e-01 -3.532942e-02
    outer loop
      vertex  -3.321498e-02  2.189443e-02  7.345937e-03
      vertex  -3.111620e-02  1.902190e-02  1.442755e-02
      vertex  -2.698491e-02  1.217458e-02  1.042567e-02
    endloop
  endfacet
  facet normal  8.464255e-01  5.313339e-01 -3.532938e-02
    outer loop
      vertex  -2.698491e-02  1.217458e-02  1.042567e-02
      vertex  -3.111620e-02  1.902190e-02  1.442755e-02
      vertex  -2.781810e-02  1.391142e-02  1.658511e-02
    endloop
  endfacet
  facet normal  8.464253e-01  5.313342e-01 -3.532951e-02
    outer loop
      vertex  -2.698491e-02  1.217458e-02  1.042567e-02
      vertex  -2.781810e-02  1.391142e-02  1.658511e-02
      vertex  -2.658320e-02  1.184688e-02  1.512144e-02
    endloop
  endfacet
  facet normal  8.464264e-01  5.313325e-01 -3.533106e-02
    outer loop
      vertex  -3.311202e-02  2.193475e-02  1.041908e-02
      vertex  -3.318598e-02  2.208603e-02  1.092222e-02
      vertex  -3.111620e-02  1.902190e-02  1.442755e-02
    endloop
  endfacet
  facet normal  8.464258e-01  5.313333e-01 -3.533003e-02
    outer loop
      vertex  -3.111620e-02  1.902190e-02  1.442755e-02
      vertex  -3.318598e-02  2.208603e-02  1.092222e-02
      vertex  -3.338638e-02  2.242868e-02  1.127428e-02
    endloop
  endfacet
  facet normal  8.464254e-01  5.313341e-01 -3.532888e-02
    outer loop
      vertex  -3.111620e-02  1.902190e-02  1.442755e-02
      vertex  -3.338638e-02  2.242868e-02  1.127428e-02
      vertex  -3.360825e-02  2.323325e-02  1.805905e-02
    endloop
  endfacet
  facet normal  8.464255e-01  5.313340e-01 -3.532887e-02
    outer loop
      vertex  -3.360825e-02  2.323325e-02  1.805905e-02
      vertex  -3.338638e-02  2.242868e-02  1.127428e-02
      vertex  -3.365952e-02  2.287088e-02  1.138092e-02
    endloop
  endfacet
  facet normal  8.464259e-01  5.313334e-01 -3.532884e-02
    outer loop
      vertex  -3.360825e-02  2.323325e-02  1.805905e-02
      vertex  -3.365952e-02  2.287088e-02  1.138092e-02
      vertex  -3.507045e-02  2.551090e-02  1.728196e-02
    endloop
  endfacet
  facet normal  8.464249e-01  5.313349e-01 -3.532967e-02
    outer loop
      vertex  -3.507045e-02  2.551090e-02  1.728196e-02
      vertex  -3.365952e-02  2.287088e-02  1.138092e-02
      vertex  -3.393220e-02  2.329414e-02  1.121357e-02
    endloop
  endfacet
  facet normal  8.464253e-01  5.313342e-01 -3.532943e-02
    outer loop
      vertex  -3.507045e-02  2.551090e-02  1.728196e-02
      vertex  -3.393220e-02  2.329414e-02  1.121357e-02
      vertex  -3.687620e-02  2.796264e-02  1.089248e-02
    endloop
  endfacet
  facet normal  8.464253e-01  5.313340e-01 -3.533202e-02
    outer loop
      vertex  -3.687620e-02  2.796264e-02  1.089248e-02
      vertex  -3.393220e-02  2.329414e-02  1.121357e-02
      vertex  -3.413137e-02  2.358506e-02  1.081707e-02
    endloop
  endfacet
  facet normal  8.464255e-01  5.313341e-01 -3.532549e-02
    outer loop
      vertex  -3.687620e-02  2.796264e-02  1.089248e-02
      vertex  -3.413137e-02  2.358506e-02  1.081707e-02
      vertex  -3.420365e-02  2.366567e-02  1.029765e-02
    endloop
  endfacet
  facet normal  8.464255e-01  5.313339e-01 -3.532893e-02
    outer loop
      vertex  -3.924445e-02  3.120398e-02  2.901644e-03
      vertex  -4.055625e-02  3.361246e-02  7.695473e-03
      vertex  -3.863633e-02  3.037167e-02  4.953525e-03
    endloop
  endfacet
  facet normal  8.464255e-01  5.313340e-01 -3.532914e-02
    outer loop
      vertex  -3.863633e-02  3.037167e-02  4.953525e-03
      vertex  -4.055625e-02  3.361246e-02  7.695473e-03
      vertex  -3.981050e-02  3.259178e-02  1.021175e-02
    endloop
  endfacet
  facet normal  8.464255e-01  5.313340e-01 -3.532914e-02
    outer loop
      vertex  -3.863633e-02  3.037167e-02  4.953525e-03
      vertex  -3.981050e-02  3.259178e-02  1.021175e-02
      vertex  -3.748432e-02  2.879495e-02  8.840595e-03
    endloop
  endfacet
  facet normal  8.464253e-01  5.313341e-01 -3.532980e-02
    outer loop
      vertex  -3.748432e-02  2.879495e-02  8.840595e-03
      vertex  -3.981050e-02  3.259178e-02  1.021175e-02
      vertex  -3.886079e-02  3.123011e-02  1.248630e-02
    endloop
  endfacet
  facet normal  8.464258e-01  5.313335e-01 -3.532917e-02
    outer loop
      vertex  -3.748432e-02  2.879495e-02  8.840595e-03
      vertex  -3.886079e-02  3.123011e-02  1.248630e-02
      vertex  -3.687620e-02  2.796264e-02  1.089248e-02
    endloop
  endfacet
  facet normal  8.464257e-01  5.313336e-01 -3.532943e-02
    outer loop
      vertex  -3.687620e-02  2.796264e-02  1.089248e-02
      vertex  -3.886079e-02  3.123011e-02  1.248630e-02
      vertex  -3.773304e-02  2.956462e-02  1.445706e-02
    endloop
  endfacet
  facet normal  8.464256e-01  5.313337e-01 -3.532957e-02
    outer loop
      vertex  -3.687620e-02  2.796264e-02  1.089248e-02
      vertex  -3.773304e-02  2.956462e-02  1.445706e-02
      vertex  -3.645800e-02  2.764072e-02  1.607028e-02
    endloop
  endfacet
  facet normal  8.464255e-01  5.313338e-01 -3.532960e-02
    outer loop
      vertex  -3.924445e-02  3.120398e-02  2.901644e-03
      vertex  -4.118680e-02  3.388213e-02 -3.355521e-03
      vertex  -4.139734e-02  3.440103e-02 -5.958060e-04
    endloop
  endfacet
  facet normal  8.464253e-01  5.313342e-01 -3.532909e-02
    outer loop
      vertex  -4.139734e-02  3.440103e-02 -5.958060e-04
      vertex  -4.136064e-02  3.452960e-02  2.216974e-03
      vertex  -3.924445e-02  3.120398e-02  2.901644e-03
    endloop
  endfacet
  facet normal  8.464253e-01  5.313342e-01 -3.532897e-02
    outer loop
      vertex  -3.924445e-02  3.120398e-02  2.901644e-03
      vertex  -4.136064e-02  3.452960e-02  2.216974e-03
      vertex  -4.107771e-02  3.426433e-02  5.006094e-03
    endloop
  endfacet
  facet normal  8.464252e-01  5.313343e-01 -3.532924e-02
    outer loop
      vertex  -3.924445e-02  3.120398e-02  2.901644e-03
      vertex  -4.107771e-02  3.426433e-02  5.006094e-03
      vertex  -4.055625e-02  3.361246e-02  7.695473e-03
    endloop
  endfacet
  facet normal  8.464300e-01  5.313275e-01 -3.532005e-02
    outer loop
      vertex  -3.694439e-02  2.729840e-02 -7.309546e-04
      vertex  -3.721752e-02  2.774060e-02 -6.243140e-04
      vertex  -3.924445e-02  3.120398e-02  2.901644e-03
    endloop
  endfacet
  facet normal  8.464254e-01  5.313340e-01 -3.532918e-02
    outer loop
      vertex  -3.748729e-02  2.804145e-02 -2.562792e-03
      vertex  -3.721415e-02  2.759925e-02 -2.669432e-03
      vertex  -3.808372e-02  2.833601e-02 -1.242228e-02
    endloop
  endfacet
  facet normal  8.464248e-01  5.313351e-01 -3.532904e-02
    outer loop
      vertex  -3.721415e-02  2.759925e-02 -2.669432e-03
      vertex  -3.694147e-02  2.717599e-02 -2.502079e-03
      vertex  -3.808372e-02  2.833601e-02 -1.242228e-02
    endloop
  endfacet
  facet normal  8.464273e-01  5.313311e-01 -3.532979e-02
    outer loop
      vertex  -3.808372e-02  2.833601e-02 -1.242228e-02
      vertex  -3.694147e-02  2.717599e-02 -2.502079e-03
      vertex  -3.674230e-02  2.688508e-02 -2.105574e-03
    endloop
  endfacet
  facet normal  8.464251e-01  5.313346e-01 -3.532899e-02
    outer loop
      vertex  -3.808372e-02  2.833601e-02 -1.242228e-02
      vertex  -3.674230e-02  2.688508e-02 -2.105574e-03
      vertex  -3.558323e-02  2.513577e-02 -6.448965e-04
    endloop
  endfacet
  facet normal  8.464260e-01  5.313329e-01 -3.533173e-02
    outer loop
      vertex  -3.558323e-02  2.513577e-02 -6.448965e-04
      vertex  -3.674230e-02  2.688508e-02 -2.105574e-03
      vertex  -3.667002e-02  2.680446e-02 -1.586160e-03
    endloop
  endfacet
  facet normal  8.464255e-01  5.313339e-01 -3.532965e-02
    outer loop
      vertex  -3.558323e-02  2.513577e-02 -6.448965e-04
      vertex  -3.667002e-02  2.680446e-02 -1.586160e-03
      vertex  -3.674398e-02  2.695575e-02 -1.083015e-03
    endloop
  endfacet
  facet normal  8.464249e-01  5.313348e-01 -3.533014e-02
    outer loop
      vertex  -3.721752e-02  2.774060e-02 -6.243140e-04
      vertex  -3.749020e-02  2.816386e-02 -7.916673e-04
      vertex  -3.924445e-02  3.120398e-02  2.901644e-03
    endloop
  endfacet
  facet normal  8.464245e-01  5.313354e-01 -3.533095e-02
    outer loop
      vertex  -3.924445e-02  3.120398e-02  2.901644e-03
      vertex  -3.749020e-02  2.816386e-02 -7.916673e-04
      vertex  -3.768937e-02  2.845477e-02 -1.188172e-03
    endloop
  endfacet
  facet normal  8.464255e-01  5.313339e-01 -3.532952e-02
    outer loop
      vertex  -3.924445e-02  3.120398e-02  2.901644e-03
      vertex  -3.768937e-02  2.845477e-02 -1.188172e-03
      vertex  -4.118680e-02  3.388213e-02 -3.355521e-03
    endloop
  endfacet
  facet normal  8.464248e-01  5.313353e-01 -3.532515e-02
    outer loop
      vertex  -4.118680e-02  3.388213e-02 -3.355521e-03
      vertex  -3.768937e-02  2.845477e-02 -1.188172e-03
      vertex  -3.776165e-02  2.853538e-02 -1.707586e-03
    endloop
  endfacet
  facet normal  8.464252e-01  5.313344e-01 -3.532872e-02
    outer loop
      vertex  -4.118680e-02  3.388213e-02 -3.355521e-03
      vertex  -3.776165e-02  2.853538e-02 -1.707586e-03
      vertex  -4.073476e-02  3.298706e-02 -5.986893e-03
    endloop
  endfacet
  facet normal  8.464261e-01  5.313330e-01 -3.533092e-02
    outer loop
      vertex  -4.073476e-02  3.298706e-02 -5.986893e-03
      vertex  -3.776165e-02  2.853538e-02 -1.707586e-03
      vertex  -3.768769e-02  2.838410e-02 -2.210732e-03
    endloop
  endfacet
  facet normal  8.464255e-01  5.313337e-01 -3.532938e-02
    outer loop
      vertex  -4.073476e-02  3.298706e-02 -5.986893e-03
      vertex  -3.768769e-02  2.838410e-02 -2.210732e-03
      vertex  -4.005355e-02  3.174023e-02 -8.418145e-03
    endloop
  endfacet
  facet normal  8.464260e-01  5.313330e-01 -3.532980e-02
    outer loop
      vertex  -4.005355e-02  3.174023e-02 -8.418145e-03
      vertex  -3.768769e-02  2.838410e-02 -2.210732e-03
      vertex  -3.748729e-02  2.804145e-02 -2.562792e-03
    endloop
  endfacet
  facet normal  8.464257e-01  5.313336e-01 -3.532949e-02
    outer loop
      vertex  -4.005355e-02  3.174023e-02 -8.418145e-03
      vertex  -3.748729e-02  2.804145e-02 -2.562792e-03
      vertex  -3.916177e-02  3.017566e-02 -1.058296e-02
    endloop
  endfacet
  facet normal  8.464252e-01  5.313344e-01 -3.532915e-02
    outer loop
      vertex  -3.916177e-02  3.017566e-02 -1.058296e-02
      vertex  -3.748729e-02  2.804145e-02 -2.562792e-03
      vertex  -3.808372e-02  2.833601e-02 -1.242228e-02
    endloop
  endfacet
  facet normal  8.464250e-01  5.313345e-01 -3.533169e-02
    outer loop
      vertex  -3.412969e-02  2.351438e-02  9.794507e-03
      vertex  -3.392929e-02  2.317174e-02  9.442447e-03
      vertex  -3.687620e-02  2.796264e-02  1.089248e-02
    endloop
  endfacet
  facet normal  8.464252e-01  5.313342e-01 -3.532935e-02
    outer loop
      vertex  -3.687620e-02  2.796264e-02  1.089248e-02
      vertex  -3.392929e-02  2.317174e-02  9.442447e-03
      vertex  -3.321498e-02  2.189443e-02  7.345937e-03
    endloop
  endfacet
  facet normal  8.464255e-01  5.313339e-01 -3.532888e-02
    outer loop
      vertex  -3.687620e-02  2.796264e-02  1.089248e-02
      vertex  -3.321498e-02  2.189443e-02  7.345937e-03
      vertex  -3.748432e-02  2.879495e-02  8.840595e-03
    endloop
  endfacet
  facet normal  8.464254e-01  5.313340e-01 -3.532929e-02
    outer loop
      vertex  -3.748432e-02  2.879495e-02  8.840595e-03
      vertex  -3.321498e-02  2.189443e-02  7.345937e-03
      vertex  -3.382310e-02  2.272674e-02  5.294055e-03
    endloop
  endfacet
  facet normal  8.464255e-01  5.313339e-01 -3.532918e-02
    outer loop
      vertex  -3.748432e-02  2.879495e-02  8.840595e-03
      vertex  -3.382310e-02  2.272674e-02  5.294055e-03
      vertex  -3.863633e-02  3.037167e-02  4.953525e-03
    endloop
  endfacet
  facet normal  8.464255e-01  5.313339e-01 -3.532893e-02
    outer loop
      vertex  -3.863633e-02  3.037167e-02  4.953525e-03
      vertex  -3.382310e-02  2.272674e-02  5.294055e-03
      vertex  -3.497511e-02  2.430346e-02  1.406985e-03
    endloop
  endfacet
  facet normal  8.464255e-01  5.313339e-01 -3.532888e-02
    outer loop
      vertex  -3.863633e-02  3.037167e-02  4.953525e-03
      vertex  -3.497511e-02  2.430346e-02  1.406985e-03
      vertex  -3.924445e-02  3.120398e-02  2.901644e-03
    endloop
  endfacet
  facet normal  8.464254e-01  5.313340e-01 -3.532929e-02
    outer loop
      vertex  -3.924445e-02  3.120398e-02  2.901644e-03
      vertex  -3.497511e-02  2.430346e-02  1.406985e-03
      vertex  -3.558323e-02  2.513577e-02 -6.448965e-04
    endloop
  endfacet
  facet normal  8.464249e-01  5.313348e-01 -3.533110e-02
    outer loop
      vertex  -3.924445e-02  3.120398e-02  2.901644e-03
      vertex  -3.558323e-02  2.513577e-02 -6.448965e-04
      vertex  -3.694439e-02  2.729840e-02 -7.309546e-04
    endloop
  endfacet
  facet normal  8.464250e-01  5.313351e-01 -3.532325e-02
    outer loop
      vertex  -3.694439e-02  2.729840e-02 -7.309546e-04
      vertex  -3.558323e-02  2.513577e-02 -6.448965e-04
      vertex  -3.674398e-02  2.695575e-02 -1.083015e-03
    endloop
  endfacet
  facet normal  8.464265e-01  5.313322e-01 -3.532949e-02
    outer loop
      vertex  -2.698491e-02  1.217458e-02  1.042567e-02
      vertex  -2.745277e-02  1.258364e-02  5.368588e-03
      vertex  -2.772545e-02  1.300690e-02  5.201235e-03
    endloop
  endfacet
  facet normal  8.464249e-01  5.313349e-01 -3.532827e-02
    outer loop
      vertex  -2.792462e-02  1.329782e-02  4.804729e-03
      vertex  -2.799691e-02  1.337843e-02  4.285316e-03
      vertex  -2.908370e-02  1.504712e-02  3.344052e-03
    endloop
  endfacet
  facet normal  8.464257e-01  5.313335e-01 -3.533139e-02
    outer loop
      vertex  -2.908370e-02  1.504712e-02  3.344052e-03
      vertex  -2.799691e-02  1.337843e-02  4.285316e-03
      vertex  -2.792294e-02  1.322714e-02  3.782171e-03
    endloop
  endfacet
  facet normal  8.464261e-01  5.313330e-01 -3.532933e-02
    outer loop
      vertex  -2.772545e-02  1.300690e-02  5.201235e-03
      vertex  -2.792462e-02  1.329782e-02  4.804729e-03
      vertex  -2.698491e-02  1.217458e-02  1.042567e-02
    endloop
  endfacet
  facet normal  8.464251e-01  5.313345e-01 -3.532885e-02
    outer loop
      vertex  -2.698491e-02  1.217458e-02  1.042567e-02
      vertex  -2.792462e-02  1.329782e-02  4.804729e-03
      vertex  -2.908370e-02  1.504712e-02  3.344052e-03
    endloop
  endfacet
  facet normal  8.464255e-01  5.313340e-01 -3.532916e-02
    outer loop
      vertex  -2.698491e-02  1.217458e-02  1.042567e-02
      vertex  -2.908370e-02  1.504712e-02  3.344052e-03
      vertex  -3.321498e-02  2.189443e-02  7.345937e-03
    endloop
  endfacet
  facet normal  8.464256e-01  5.313337e-01 -3.532861e-02
    outer loop
      vertex  -3.321498e-02  2.189443e-02  7.345937e-03
      vertex  -2.908370e-02  1.504712e-02  3.344052e-03
      vertex  -3.121153e-02  1.847623e-02  3.937014e-03
    endloop
  endfacet
  facet normal  8.464253e-01  5.313342e-01 -3.532941e-02
    outer loop
      vertex  -3.321498e-02  2.189443e-02  7.345937e-03
      vertex  -3.121153e-02  1.847623e-02  3.937014e-03
      vertex  -3.176331e-02  1.939076e-02  4.471511e-03
    endloop
  endfacet
  facet normal  8.464275e-01  5.313309e-01 -3.532567e-02
    outer loop
      vertex  -2.772254e-02  1.288449e-02  3.430111e-03
      vertex  -2.744941e-02  1.244230e-02  3.323470e-03
      vertex  -2.652400e-02  1.080461e-02  8.645381e-04
    endloop
  endfacet
  facet normal  8.464248e-01  5.313350e-01 -3.532946e-02
    outer loop
      vertex  -2.652400e-02  1.080461e-02  8.645381e-04
      vertex  -2.744941e-02  1.244230e-02  3.323470e-03
      vertex  -2.717672e-02  1.201903e-02  3.490823e-03
    endloop
  endfacet
  facet normal  8.464253e-01  5.313344e-01 -3.532690e-02
    outer loop
      vertex  -2.792294e-02  1.322714e-02  3.782171e-03
      vertex  -2.772254e-02  1.288449e-02  3.430111e-03
      vertex  -2.908370e-02  1.504712e-02  3.344052e-03
    endloop
  endfacet
  facet normal  8.464252e-01  5.313343e-01 -3.532956e-02
    outer loop
      vertex  -2.908370e-02  1.504712e-02  3.344052e-03
      vertex  -2.772254e-02  1.288449e-02  3.430111e-03
      vertex  -2.652400e-02  1.080461e-02  8.645381e-04
    endloop
  endfacet
  facet normal  8.464254e-01  5.313341e-01 -3.532904e-02
    outer loop
      vertex  -2.908370e-02  1.504712e-02  3.344052e-03
      vertex  -2.652400e-02  1.080461e-02  8.645381e-04
      vertex  -2.969181e-02  1.587943e-02  1.292171e-03
    endloop
  endfacet
  facet normal  8.464254e-01  5.313341e-01 -3.532959e-02
    outer loop
      vertex  -2.969181e-02  1.587943e-02  1.292171e-03
      vertex  -2.652400e-02  1.080461e-02  8.645381e-04
      vertex  -2.713212e-02  1.163692e-02 -1.187343e-03
    endloop
  endfacet
  facet normal  8.464254e-01  5.313340e-01 -3.532951e-02
    outer loop
      vertex  -2.969181e-02  1.587943e-02  1.292171e-03
      vertex  -2.713212e-02  1.163692e-02 -1.187343e-03
      vertex  -3.084383e-02  1.745615e-02 -2.594899e-03
    endloop
  endfacet
  facet normal  8.464254e-01  5.313342e-01 -3.532905e-02
    outer loop
      vertex  -3.084383e-02  1.745615e-02 -2.594899e-03
      vertex  -2.713212e-02  1.163692e-02 -1.187343e-03
      vertex  -2.828413e-02  1.321365e-02 -5.074413e-03
    endloop
  endfacet
  facet normal  8.464257e-01  5.313338e-01 -3.532821e-02
    outer loop
      vertex  -3.084383e-02  1.745615e-02 -2.594899e-03
      vertex  -2.828413e-02  1.321365e-02 -5.074413e-03
      vertex  -3.145194e-02  1.828846e-02 -4.646780e-03
    endloop
  endfacet
  facet normal  8.464255e-01  5.313339e-01 -3.532966e-02
    outer loop
      vertex  -3.145194e-02  1.828846e-02 -4.646780e-03
      vertex  -2.828413e-02  1.321365e-02 -5.074413e-03
      vertex  -2.889225e-02  1.404596e-02 -7.126295e-03
    endloop
  endfacet
  facet normal  8.464254e-01  5.313341e-01 -3.533001e-02
    outer loop
      vertex  -3.145194e-02  1.828846e-02 -4.646780e-03
      vertex  -2.889225e-02  1.404596e-02 -7.126295e-03
      vertex  -3.073764e-02  1.701116e-02 -6.743290e-03
    endloop
  endfacet
  facet normal  8.464253e-01  5.313340e-01 -3.533101e-02
    outer loop
      vertex  -3.073764e-02  1.701116e-02 -6.743290e-03
      vertex  -2.889225e-02  1.404596e-02 -7.126295e-03
      vertex  -3.053724e-02  1.666851e-02 -7.095351e-03
    endloop
  endfacet
  facet normal  8.464252e-01  5.313344e-01 -3.532909e-02
    outer loop
      vertex  -2.717672e-02  1.201903e-02  3.490823e-03
      vertex  -2.697756e-02  1.172812e-02  3.887328e-03
      vertex  -2.652400e-02  1.080461e-02  8.645381e-04
    endloop
  endfacet
  facet normal  8.464254e-01  5.313342e-01 -3.532903e-02
    outer loop
      vertex  -2.652400e-02  1.080461e-02  8.645381e-04
      vertex  -2.697756e-02  1.172812e-02  3.887328e-03
      vertex  -2.442522e-02  7.932081e-03  7.946154e-03
    endloop
  endfacet
  facet normal  8.464257e-01  5.313336e-01 -3.532935e-02
    outer loop
      vertex  -2.652400e-02  1.080461e-02  8.645381e-04
      vertex  -2.442522e-02  7.932081e-03  7.946154e-03
      vertex  -2.348013e-02  6.300760e-03  6.054677e-03
    endloop
  endfacet
  facet normal  8.464258e-01  5.313334e-01 -3.532914e-02
    outer loop
      vertex  -2.348013e-02  6.300760e-03  6.054677e-03
      vertex  -2.442522e-02  7.932081e-03  7.946154e-03
      vertex  -2.393217e-02  7.195830e-03  8.686049e-03
    endloop
  endfacet
  facet normal  8.464249e-01  5.313348e-01 -3.532825e-02
    outer loop
      vertex  -2.697756e-02  1.172812e-02  3.887328e-03
      vertex  -2.690527e-02  1.164751e-02  4.406742e-03
      vertex  -2.442522e-02  7.932081e-03  7.946154e-03
    endloop
  endfacet
  facet normal  8.464261e-01  5.313327e-01 -3.533116e-02
    outer loop
      vertex  -2.442522e-02  7.932081e-03  7.946154e-03
      vertex  -2.690527e-02  1.164751e-02  4.406742e-03
      vertex  -2.697924e-02  1.179879e-02  4.909887e-03
    endloop
  endfacet
  facet normal  8.464255e-01  5.313340e-01 -3.532901e-02
    outer loop
      vertex  -2.442522e-02  7.932081e-03  7.946154e-03
      vertex  -2.697924e-02  1.179879e-02  4.909887e-03
      vertex  -2.698491e-02  1.217458e-02  1.042567e-02
    endloop
  endfacet
  facet normal  8.464242e-01  5.313361e-01 -3.532912e-02
    outer loop
      vertex  -2.698491e-02  1.217458e-02  1.042567e-02
      vertex  -2.697924e-02  1.179879e-02  4.909887e-03
      vertex  -2.717964e-02  1.214144e-02  5.261948e-03
    endloop
  endfacet
  facet normal  8.464250e-01  5.313348e-01 -3.532914e-02
    outer loop
      vertex  -2.698491e-02  1.217458e-02  1.042567e-02
      vertex  -2.717964e-02  1.214144e-02  5.261948e-03
      vertex  -2.745277e-02  1.258364e-02  5.368588e-03
    endloop
  endfacet
  facet normal -2.257759e-01  2.979954e-01 -9.274826e-01
    outer loop
      vertex  -4.604318e-02  2.060556e-02 -1.368311e-02
      vertex  -3.569708e-02  2.397839e-02 -1.511797e-02
      vertex  -4.466919e-02  1.834625e-02 -1.474348e-02
    endloop
  endfacet
  facet normal -1.433163e-01  1.634035e-01 -9.760941e-01
    outer loop
      vertex  -4.466919e-02  1.834625e-02 -1.474348e-02
      vertex  -3.569708e-02  2.397839e-02 -1.511797e-02
      vertex  -3.423595e-02  2.161016e-02 -1.572896e-02
    endloop
  endfacet
  facet normal -1.433164e-01  1.634039e-01 -9.760941e-01
    outer loop
      vertex  -4.466919e-02  1.834625e-02 -1.474348e-02
      vertex  -3.423595e-02  2.161016e-02 -1.572896e-02
      vertex  -4.320806e-02  1.597802e-02 -1.535447e-02
    endloop
  endfacet
  facet normal -5.694837e-02  2.435602e-02 -9.980800e-01
    outer loop
      vertex  -4.320806e-02  1.597802e-02 -1.535447e-02
      vertex  -3.423595e-02  2.161016e-02 -1.572896e-02
      vertex  -3.272754e-02  1.919760e-02 -1.587390e-02
    endloop
  endfacet
  facet normal -5.694829e-02  2.435576e-02 -9.980800e-01
    outer loop
      vertex  -4.320806e-02  1.597802e-02 -1.535447e-02
      vertex  -3.272754e-02  1.919760e-02 -1.587390e-02
      vertex  -4.169966e-02  1.356546e-02 -1.549941e-02
    endloop
  endfacet
  facet normal  3.097385e-02 -1.153576e-01 -9.928410e-01
    outer loop
      vertex  -4.169966e-02  1.356546e-02 -1.549941e-02
      vertex  -3.272754e-02  1.919760e-02 -1.587390e-02
      vertex  -3.121301e-02  1.680652e-02 -1.554883e-02
    endloop
  endfacet
  facet normal  3.097376e-02 -1.153573e-01 -9.928411e-01
    outer loop
      vertex  -4.169966e-02  1.356546e-02 -1.549941e-02
      vertex  -3.121301e-02  1.680652e-02 -1.554883e-02
      vertex  -4.018512e-02  1.117438e-02 -1.517435e-02
    endloop
  endfacet
  facet normal  1.180507e-01 -2.519236e-01 -9.605200e-01
    outer loop
      vertex  -4.018512e-02  1.117438e-02 -1.517435e-02
      vertex  -3.121301e-02  1.680652e-02 -1.554883e-02
      vertex  -2.973365e-02  1.450216e-02 -1.476263e-02
    endloop
  endfacet
  facet normal  1.180507e-01 -2.519234e-01 -9.605200e-01
    outer loop
      vertex  -4.018512e-02  1.117438e-02 -1.517435e-02
      vertex  -2.973365e-02  1.450216e-02 -1.476263e-02
      vertex  -3.870576e-02  8.870016e-03 -1.438814e-02
    endloop
  endfacet
  facet normal  2.019076e-01 -3.816179e-01 -9.019983e-01
    outer loop
      vertex  -3.870576e-02  8.870016e-03 -1.438814e-02
      vertex  -2.973365e-02  1.450216e-02 -1.476263e-02
      vertex  -2.832983e-02  1.234735e-02 -1.353674e-02
    endloop
  endfacet
  facet normal  2.019077e-01 -3.816183e-01 -9.019982e-01
    outer loop
      vertex  -3.870576e-02  8.870016e-03 -1.438814e-02
      vertex  -2.832983e-02  1.234735e-02 -1.353674e-02
      vertex  -3.730194e-02  6.715210e-03 -1.316225e-02
    endloop
  endfacet
  facet normal  2.802569e-01 -5.009028e-01 -8.188726e-01
    outer loop
      vertex  -3.730194e-02  6.715210e-03 -1.316225e-02
      vertex  -2.832983e-02  1.234735e-02 -1.353674e-02
      vertex  -2.703983e-02  1.040088e-02 -1.190459e-02
    endloop
  endfacet
  facet normal  2.802568e-01 -5.009025e-01 -8.188729e-01
    outer loop
      vertex  -3.730194e-02  6.715210e-03 -1.316225e-02
      vertex  -2.703983e-02  1.040088e-02 -1.190459e-02
      vertex  -3.601194e-02  4.768743e-03 -1.153010e-02
    endloop
  endfacet
  facet normal  3.509617e-01 -6.065243e-01 -7.134103e-01
    outer loop
      vertex  -3.601194e-02  4.768743e-03 -1.153010e-02
      vertex  -2.703983e-02  1.040088e-02 -1.190459e-02
      vertex  -2.589885e-02  8.715852e-03 -9.910709e-03
    endloop
  endfacet
  facet normal  3.509617e-01 -6.065248e-01 -7.134099e-01
    outer loop
      vertex  -3.601194e-02  4.768743e-03 -1.153010e-02
      vertex  -2.589885e-02  8.715852e-03 -9.910709e-03
      vertex  -3.487096e-02  3.083712e-03 -9.536219e-03
    endloop
  endfacet
  facet normal  4.120929e-01 -6.956016e-01 -5.884878e-01
    outer loop
      vertex  -3.487096e-02  3.083712e-03 -9.536219e-03
      vertex  -2.589885e-02  8.715852e-03 -9.910709e-03
      vertex  -2.493800e-02  7.338218e-03 -7.609486e-03
    endloop
  endfacet
  facet normal  4.120929e-01 -6.956015e-01 -5.884879e-01
    outer loop
      vertex  -3.487096e-02  3.083712e-03 -9.536219e-03
      vertex  -2.493800e-02  7.338218e-03 -7.609486e-03
      vertex  -3.391011e-02  1.706078e-03 -7.234996e-03
    endloop
  endfacet
  facet normal  4.619836e-01 -7.657047e-01 -4.475127e-01
    outer loop
      vertex  -3.391011e-02  1.706078e-03 -7.234996e-03
      vertex  -2.493800e-02  7.338218e-03 -7.609486e-03
      vertex  -2.418350e-02  6.305560e-03 -5.063689e-03
    endloop
  endfacet
  facet normal  4.619835e-01 -7.657046e-01 -4.475128e-01
    outer loop
      vertex  -3.391011e-02  1.706078e-03 -7.234996e-03
      vertex  -2.418350e-02  6.305560e-03 -5.063689e-03
      vertex  -3.315561e-02  6.734201e-04 -4.689199e-03
    endloop
  endfacet
  facet normal  4.992723e-01 -8.149211e-01 -2.943311e-01
    outer loop
      vertex  -3.315561e-02  6.734201e-04 -4.689199e-03
      vertex  -2.418350e-02  6.305560e-03 -5.063689e-03
      vertex  -2.365593e-02  5.646048e-03 -2.342763e-03
    endloop
  endfacet
  facet normal  4.992723e-01 -8.149211e-01 -2.943310e-01
    outer loop
      vertex  -3.315561e-02  6.734201e-04 -4.689199e-03
      vertex  -2.365593e-02  5.646048e-03 -2.342763e-03
      vertex  -3.262804e-02  1.390723e-05 -1.968273e-03
    endloop
  endfacet
  facet normal  5.229422e-01 -8.419087e-01 -1.331208e-01
    outer loop
      vertex  -3.262804e-02  1.390723e-05 -1.968273e-03
      vertex  -2.365593e-02  5.646048e-03 -2.342763e-03
      vertex  -2.336968e-02  5.377668e-03  4.790733e-04
    endloop
  endfacet
  facet normal  5.229423e-01 -8.419086e-01 -1.331211e-01
    outer loop
      vertex  -3.262804e-02  1.390723e-05 -1.968273e-03
      vertex  -2.336968e-02  5.377668e-03  4.790733e-04
      vertex  -3.234179e-02 -2.544725e-04  8.535634e-04
    endloop
  endfacet
  facet normal  5.323479e-01 -8.459312e-01  3.172082e-02
    outer loop
      vertex  -3.234179e-02 -2.544725e-04  8.535634e-04
      vertex  -2.336968e-02  5.377668e-03  4.790733e-04
      vertex  -2.333255e-02  5.507744e-03  3.324847e-03
    endloop
  endfacet
  facet normal  5.323478e-01 -8.459312e-01  3.172119e-02
    outer loop
      vertex  -3.234179e-02 -2.544725e-04  8.535634e-04
      vertex  -2.333255e-02  5.507744e-03  3.324847e-03
      vertex  -3.230466e-02 -1.243964e-04  3.699338e-03
    endloop
  endfacet
  facet normal  5.272322e-01 -8.268790e-01  1.956971e-01
    outer loop
      vertex  -3.230466e-02 -1.243964e-04  3.699338e-03
      vertex  -2.333255e-02  5.507744e-03  3.324847e-03
      vertex  -2.354556e-02  6.032726e-03  6.116935e-03
    endloop
  endfacet
  facet normal  5.272322e-01 -8.268790e-01  1.956972e-01
    outer loop
      vertex  -3.230466e-02 -1.243964e-04  3.699338e-03
      vertex  -2.354556e-02  6.032726e-03  6.116935e-03
      vertex  -3.251767e-02  4.005859e-04  6.491425e-03
    endloop
  endfacet
  facet normal  5.077351e-01 -7.852716e-01  3.543355e-01
    outer loop
      vertex  -3.251767e-02  4.005859e-04  6.491425e-03
      vertex  -2.354556e-02  6.032726e-03  6.116935e-03
      vertex  -2.400290e-02  6.938295e-03  8.779173e-03
    endloop
  endfacet
  facet normal  5.077352e-01 -7.852716e-01  3.543352e-01
    outer loop
      vertex  -3.251767e-02  4.005859e-04  6.491425e-03
      vertex  -2.400290e-02  6.938295e-03  8.779173e-03
      vertex  -3.297501e-02  1.306155e-03  9.153663e-03
    endloop
  endfacet
  facet normal  4.743883e-01 -7.222440e-01  5.033083e-01
    outer loop
      vertex  -3.297501e-02  1.306155e-03  9.153663e-03
      vertex  -2.400290e-02  6.938295e-03  8.779173e-03
      vertex  -2.469210e-02  8.199749e-03  1.123894e-02
    endloop
  endfacet
  facet normal  4.743885e-01 -7.222441e-01  5.033081e-01
    outer loop
      vertex  -3.297501e-02  1.306155e-03  9.153663e-03
      vertex  -2.469210e-02  8.199749e-03  1.123894e-02
      vertex  -3.366420e-02  2.567608e-03  1.161343e-02
    endloop
  endfacet
  facet normal  4.281014e-01 -6.395154e-01  6.385525e-01
    outer loop
      vertex  -3.366420e-02  2.567608e-03  1.161343e-02
      vertex  -2.469210e-02  8.199749e-03  1.123894e-02
      vertex  -2.559434e-02  9.782679e-03  1.342915e-02
    endloop
  endfacet
  facet normal  4.281012e-01 -6.395153e-01  6.385527e-01
    outer loop
      vertex  -3.366420e-02  2.567608e-03  1.161343e-02
      vertex  -2.559434e-02  9.782679e-03  1.342915e-02
      vertex  -3.456645e-02  4.150539e-03  1.380364e-02
    endloop
  endfacet
  facet normal  3.701374e-01 -5.393432e-01  7.563778e-01
    outer loop
      vertex  -3.456645e-02  4.150539e-03  1.380364e-02
      vertex  -2.559434e-02  9.782679e-03  1.342915e-02
      vertex  -2.668503e-02  1.164391e-02  1.529005e-02
    endloop
  endfacet
  facet normal  3.701373e-01 -5.393432e-01  7.563778e-01
    outer loop
      vertex  -3.456645e-02  4.150539e-03  1.380364e-02
      vertex  -2.668503e-02  1.164391e-02  1.529005e-02
      vertex  -3.565715e-02  6.011766e-03  1.566454e-02
    endloop
  endfacet
  facet normal  3.020762e-01 -4.244578e-01  8.535723e-01
    outer loop
      vertex  -3.565715e-02  6.011766e-03  1.566454e-02
      vertex  -2.668503e-02  1.164391e-02  1.529005e-02
      vertex  -2.793442e-02  1.373266e-02  1.677089e-02
    endloop
  endfacet
  facet normal  3.020761e-01 -4.244578e-01  8.535723e-01
    outer loop
      vertex  -3.565715e-02  6.011766e-03  1.566454e-02
      vertex  -2.793442e-02  1.373266e-02  1.677089e-02
      vertex  -3.690653e-02  8.100522e-03  1.714538e-02
    endloop
  endfacet
  facet normal  2.257762e-01 -2.979960e-01  9.274824e-01
    outer loop
      vertex  -3.690653e-02  8.100522e-03  1.714538e-02
      vertex  -2.793442e-02  1.373266e-02  1.677089e-02
      vertex  -2.930841e-02  1.599197e-02  1.783126e-02
    endloop
  endfacet
  facet normal  2.257757e-01 -2.979956e-01  9.274826e-01
    outer loop
      vertex  -3.690653e-02  8.100522e-03  1.714538e-02
      vertex  -2.930841e-02  1.599197e-02  1.783126e-02
      vertex  -3.828052e-02  1.035983e-02  1.820575e-02
    endloop
  endfacet
  facet normal  1.433160e-01 -1.634034e-01  9.760942e-01
    outer loop
      vertex  -3.828052e-02  1.035983e-02  1.820575e-02
      vertex  -2.930841e-02  1.599197e-02  1.783126e-02
      vertex  -3.076954e-02  1.836020e-02  1.844225e-02
    endloop
  endfacet
  facet normal  1.433165e-01 -1.634039e-01  9.760941e-01
    outer loop
      vertex  -3.828052e-02  1.035983e-02  1.820575e-02
      vertex  -3.076954e-02  1.836020e-02  1.844225e-02
      vertex  -3.974165e-02  1.272806e-02  1.881674e-02
    endloop
  endfacet
  facet normal  5.694844e-02 -2.435599e-02  9.980800e-01
    outer loop
      vertex  -3.974165e-02  1.272806e-02  1.881674e-02
      vertex  -3.076954e-02  1.836020e-02  1.844225e-02
      vertex  -3.227795e-02  2.077276e-02  1.858719e-02
    endloop
  endfacet
  facet normal  5.694842e-02 -2.435597e-02  9.980800e-01
    outer loop
      vertex  -3.974165e-02  1.272806e-02  1.881674e-02
      vertex  -3.227795e-02  2.077276e-02  1.858719e-02
      vertex  -4.125006e-02  1.514062e-02  1.896168e-02
    endloop
  endfacet
  facet normal -3.097386e-02  1.153576e-01  9.928410e-01
    outer loop
      vertex  -4.125006e-02  1.514062e-02  1.896168e-02
      vertex  -3.227795e-02  2.077276e-02  1.858719e-02
      vertex  -3.379249e-02  2.316383e-02  1.826212e-02
    endloop
  endfacet
  facet normal -3.097390e-02  1.153577e-01  9.928410e-01
    outer loop
      vertex  -4.125006e-02  1.514062e-02  1.896168e-02
      vertex  -3.379249e-02  2.316383e-02  1.826212e-02
      vertex  -4.276460e-02  1.753169e-02  1.863661e-02
    endloop
  endfacet
  facet normal -1.180504e-01  2.519232e-01  9.605201e-01
    outer loop
      vertex  -4.276460e-02  1.753169e-02  1.863661e-02
      vertex  -3.379249e-02  2.316383e-02  1.826212e-02
      vertex  -3.527185e-02  2.546820e-02  1.747592e-02
    endloop
  endfacet
  facet normal -1.180504e-01  2.519232e-01  9.605201e-01
    outer loop
      vertex  -4.276460e-02  1.753169e-02  1.863661e-02
      vertex  -3.527185e-02  2.546820e-02  1.747592e-02
      vertex  -4.424395e-02  1.983606e-02  1.785041e-02
    endloop
  endfacet
  facet normal -2.019077e-01  3.816182e-01  9.019982e-01
    outer loop
      vertex  -4.424395e-02  1.983606e-02  1.785041e-02
      vertex  -3.527185e-02  2.546820e-02  1.747592e-02
      vertex  -3.667567e-02  2.762301e-02  1.625002e-02
    endloop
  endfacet
  facet normal -2.019077e-01  3.816183e-01  9.019982e-01
    outer loop
      vertex  -4.424395e-02  1.983606e-02  1.785041e-02
      vertex  -3.667567e-02  2.762301e-02  1.625002e-02
      vertex  -4.564778e-02  2.199087e-02  1.662451e-02
    endloop
  endfacet
  facet normal -2.802569e-01  5.009030e-01  8.188726e-01
    outer loop
      vertex  -4.564778e-02  2.199087e-02  1.662451e-02
      vertex  -3.667567e-02  2.762301e-02  1.625002e-02
      vertex  -3.796566e-02  2.956947e-02  1.461788e-02
    endloop
  endfacet
  facet normal -2.802568e-01  5.009028e-01  8.188727e-01
    outer loop
      vertex  -4.564778e-02  2.199087e-02  1.662451e-02
      vertex  -3.796566e-02  2.956947e-02  1.461788e-02
      vertex  -4.693777e-02  2.393734e-02  1.499237e-02
    endloop
  endfacet
  facet normal -3.509614e-01  6.065243e-01  7.134104e-01
    outer loop
      vertex  -4.693777e-02  2.393734e-02  1.499237e-02
      vertex  -3.796566e-02  2.956947e-02  1.461788e-02
      vertex  -3.910665e-02  3.125451e-02  1.262400e-02
    endloop
  endfacet
  facet normal -3.509618e-01  6.065246e-01  7.134100e-01
    outer loop
      vertex  -4.693777e-02  2.393734e-02  1.499237e-02
      vertex  -3.910665e-02  3.125451e-02  1.262400e-02
      vertex  -4.807876e-02  2.562237e-02  1.299849e-02
    endloop
  endfacet
  facet normal -4.120929e-01  6.956014e-01  5.884880e-01
    outer loop
      vertex  -4.807876e-02  2.562237e-02  1.299849e-02
      vertex  -3.910665e-02  3.125451e-02  1.262400e-02
      vertex  -4.006749e-02  3.263214e-02  1.032277e-02
    endloop
  endfacet
  facet normal -4.120930e-01  6.956014e-01  5.884879e-01
    outer loop
      vertex  -4.807876e-02  2.562237e-02  1.299849e-02
      vertex  -4.006749e-02  3.263214e-02  1.032277e-02
      vertex  -4.903960e-02  2.700000e-02  1.069726e-02
    endloop
  endfacet
  facet normal -4.619836e-01  7.657045e-01  4.475130e-01
    outer loop
      vertex  -4.903960e-02  2.700000e-02  1.069726e-02
      vertex  -4.006749e-02  3.263214e-02  1.032277e-02
      vertex  -4.082199e-02  3.366480e-02  7.776977e-03
    endloop
  endfacet
  facet normal -4.619836e-01  7.657045e-01  4.475128e-01
    outer loop
      vertex  -4.903960e-02  2.700000e-02  1.069726e-02
      vertex  -4.082199e-02  3.366480e-02  7.776977e-03
      vertex  -4.979410e-02  2.803266e-02  8.151467e-03
    endloop
  endfacet
  facet normal -4.992726e-01  8.149212e-01  2.943304e-01
    outer loop
      vertex  -4.979410e-02  2.803266e-02  8.151467e-03
      vertex  -4.082199e-02  3.366480e-02  7.776977e-03
      vertex  -4.134956e-02  3.432431e-02  5.056051e-03
    endloop
  endfacet
  facet normal -4.992723e-01  8.149211e-01  2.943309e-01
    outer loop
      vertex  -4.979410e-02  2.803266e-02  8.151467e-03
      vertex  -4.134956e-02  3.432431e-02  5.056051e-03
      vertex  -5.032167e-02  2.869217e-02  5.430541e-03
    endloop
  endfacet
  facet normal -5.229422e-01  8.419086e-01  1.331214e-01
    outer loop
      vertex  -5.032167e-02  2.869217e-02  5.430541e-03
      vertex  -4.134956e-02  3.432431e-02  5.056051e-03
      vertex  -4.163582e-02  3.459269e-02  2.234214e-03
    endloop
  endfacet
  facet normal -5.229424e-01  8.419086e-01  1.331210e-01
    outer loop
      vertex  -5.032167e-02  2.869217e-02  5.430541e-03
      vertex  -4.163582e-02  3.459269e-02  2.234214e-03
      vertex  -5.060793e-02  2.896055e-02  2.608704e-03
    endloop
  endfacet
  facet normal -5.323479e-01  8.459311e-01 -3.172118e-02
    outer loop
      vertex  -5.060793e-02  2.896055e-02  2.608704e-03
      vertex  -4.163582e-02  3.459269e-02  2.234214e-03
      vertex  -4.167295e-02  3.446262e-02 -6.115598e-04
    endloop
  endfacet
  facet normal -5.323479e-01  8.459312e-01 -3.172115e-02
    outer loop
      vertex  -5.060793e-02  2.896055e-02  2.608704e-03
      vertex  -4.167295e-02  3.446262e-02 -6.115598e-04
      vertex  -5.064505e-02  2.883047e-02 -2.370697e-04
    endloop
  endfacet
  facet normal -5.272323e-01  8.268788e-01 -1.956972e-01
    outer loop
      vertex  -5.064505e-02  2.883047e-02 -2.370697e-04
      vertex  -4.167295e-02  3.446262e-02 -6.115598e-04
      vertex  -4.145993e-02  3.393763e-02 -3.403647e-03
    endloop
  endfacet
  facet normal -5.272322e-01  8.268790e-01 -1.956968e-01
    outer loop
      vertex  -5.064505e-02  2.883047e-02 -2.370697e-04
      vertex  -4.145993e-02  3.393763e-02 -3.403647e-03
      vertex  -5.043204e-02  2.830549e-02 -3.029157e-03
    endloop
  endfacet
  facet normal -5.077350e-01  7.852714e-01 -3.543360e-01
    outer loop
      vertex  -5.043204e-02  2.830549e-02 -3.029157e-03
      vertex  -4.145993e-02  3.393763e-02 -3.403647e-03
      vertex  -4.100259e-02  3.303206e-02 -6.065885e-03
    endloop
  endfacet
  facet normal -5.077350e-01  7.852717e-01 -3.543354e-01
    outer loop
      vertex  -5.043204e-02  2.830549e-02 -3.029157e-03
      vertex  -4.100259e-02  3.303206e-02 -6.065885e-03
      vertex  -4.997470e-02  2.739992e-02 -5.691395e-03
    endloop
  endfacet
  facet normal -4.743882e-01  7.222443e-01 -5.033082e-01
    outer loop
      vertex  -4.997470e-02  2.739992e-02 -5.691395e-03
      vertex  -4.100259e-02  3.303206e-02 -6.065885e-03
      vertex  -4.031340e-02  3.177061e-02 -8.525657e-03
    endloop
  endfacet
  facet normal -4.743882e-01  7.222441e-01 -5.033083e-01
    outer loop
      vertex  -4.997470e-02  2.739992e-02 -5.691395e-03
      vertex  -4.031340e-02  3.177061e-02 -8.525657e-03
      vertex  -4.928551e-02  2.613847e-02 -8.151166e-03
    endloop
  endfacet
  facet normal -4.281014e-01  6.395158e-01 -6.385521e-01
    outer loop
      vertex  -4.928551e-02  2.613847e-02 -8.151166e-03
      vertex  -4.031340e-02  3.177061e-02 -8.525657e-03
      vertex  -3.941115e-02  3.018768e-02 -1.071586e-02
    endloop
  endfacet
  facet normal -4.281013e-01  6.395153e-01 -6.385527e-01
    outer loop
      vertex  -4.928551e-02  2.613847e-02 -8.151166e-03
      vertex  -3.941115e-02  3.018768e-02 -1.071586e-02
      vertex  -4.838326e-02  2.455554e-02 -1.034137e-02
    endloop
  endfacet
  facet normal -3.701374e-01  5.393432e-01 -7.563778e-01
    outer loop
      vertex  -4.838326e-02  2.455554e-02 -1.034137e-02
      vertex  -3.941115e-02  3.018768e-02 -1.071586e-02
      vertex  -3.832046e-02  2.832645e-02 -1.257677e-02
    endloop
  endfacet
  facet normal -3.701373e-01  5.393431e-01 -7.563778e-01
    outer loop
      vertex  -4.838326e-02  2.455554e-02 -1.034137e-02
      vertex  -3.832046e-02  2.832645e-02 -1.257677e-02
      vertex  -4.729257e-02  2.269431e-02 -1.220228e-02
    endloop
  endfacet
  facet normal -3.020762e-01  4.244578e-01 -8.535722e-01
    outer loop
      vertex  -4.729257e-02  2.269431e-02 -1.220228e-02
      vertex  -3.832046e-02  2.832645e-02 -1.257677e-02
      vertex  -3.707108e-02  2.623770e-02 -1.405760e-02
    endloop
  endfacet
  facet normal -3.020763e-01  4.244581e-01 -8.535721e-01
    outer loop
      vertex  -4.729257e-02  2.269431e-02 -1.220228e-02
      vertex  -3.707108e-02  2.623770e-02 -1.405760e-02
      vertex  -4.604318e-02  2.060556e-02 -1.368311e-02
    endloop
  endfacet
  facet normal -2.257760e-01  2.979959e-01 -9.274824e-01
    outer loop
      vertex  -4.604318e-02  2.060556e-02 -1.368311e-02
      vertex  -3.707108e-02  2.623770e-02 -1.405760e-02
      vertex  -3.569708e-02  2.397839e-02 -1.511797e-02
    endloop
  endfacet
  facet normal  4.375690e-01  5.861419e-01 -6.818877e-01
    outer loop
      vertex  -3.707108e-02  2.623770e-02 -1.405760e-02
      vertex  -3.549076e-02  2.403836e-02 -1.493403e-02
      vertex  -3.569708e-02  2.397839e-02 -1.511797e-02
    endloop
  endfacet
  facet normal  4.959762e-01  4.908083e-01 -7.163204e-01
    outer loop
      vertex  -3.569708e-02  2.397839e-02 -1.511797e-02
      vertex  -3.549076e-02  2.403836e-02 -1.493403e-02
      vertex  -3.404657e-02  2.169758e-02 -1.553793e-02
    endloop
  endfacet
  facet normal  4.959749e-01  4.908077e-01 -7.163217e-01
    outer loop
      vertex  -3.569708e-02  2.397839e-02 -1.511797e-02
      vertex  -3.404657e-02  2.169758e-02 -1.553793e-02
      vertex  -3.423595e-02  2.161016e-02 -1.572896e-02
    endloop
  endfacet
  facet normal  5.571511e-01  3.923178e-01 -7.318944e-01
    outer loop
      vertex  -3.423595e-02  2.161016e-02 -1.572896e-02
      vertex  -3.404657e-02  2.169758e-02 -1.553793e-02
      vertex  -3.255565e-02  1.931300e-02 -1.568119e-02
    endloop
  endfacet
  facet normal  5.571569e-01  3.923222e-01 -7.318876e-01
    outer loop
      vertex  -3.423595e-02  2.161016e-02 -1.572896e-02
      vertex  -3.255565e-02  1.931300e-02 -1.568119e-02
      vertex  -3.272754e-02  1.919760e-02 -1.587390e-02
    endloop
  endfacet
  facet normal  6.194328e-01  2.933624e-01 -7.281768e-01
    outer loop
      vertex  -3.272754e-02  1.919760e-02 -1.587390e-02
      vertex  -3.255565e-02  1.931300e-02 -1.568119e-02
      vertex  -3.105867e-02  1.694965e-02 -1.535990e-02
    endloop
  endfacet
  facet normal  6.194255e-01  2.933548e-01 -7.281861e-01
    outer loop
      vertex  -3.272754e-02  1.919760e-02 -1.587390e-02
      vertex  -3.105867e-02  1.694965e-02 -1.535990e-02
      vertex  -3.121301e-02  1.680652e-02 -1.554883e-02
    endloop
  endfacet
  facet normal  6.811038e-01  1.966231e-01 -7.052922e-01
    outer loop
      vertex  -3.121301e-02  1.680652e-02 -1.554883e-02
      vertex  -3.105867e-02  1.694965e-02 -1.535990e-02
      vertex  -2.959647e-02  1.467199e-02 -1.458281e-02
    endloop
  endfacet
  facet normal  6.811041e-01  1.966234e-01 -7.052917e-01
    outer loop
      vertex  -3.121301e-02  1.680652e-02 -1.554883e-02
      vertex  -2.959647e-02  1.467199e-02 -1.458281e-02
      vertex  -2.973365e-02  1.450216e-02 -1.476263e-02
    endloop
  endfacet
  facet normal  7.405012e-01  1.047587e-01 -6.638399e-01
    outer loop
      vertex  -2.973365e-02  1.450216e-02 -1.476263e-02
      vertex  -2.959647e-02  1.467199e-02 -1.458281e-02
      vertex  -2.820892e-02  1.254217e-02 -1.337113e-02
    endloop
  endfacet
  facet normal  7.405013e-01  1.047588e-01 -6.638399e-01
    outer loop
      vertex  -2.973365e-02  1.450216e-02 -1.476263e-02
      vertex  -2.820892e-02  1.254217e-02 -1.337113e-02
      vertex  -2.832983e-02  1.234735e-02 -1.353674e-02
    endloop
  endfacet
  facet normal  7.959974e-01  2.026686e-02 -6.049607e-01
    outer loop
      vertex  -2.832983e-02  1.234735e-02 -1.353674e-02
      vertex  -2.820892e-02  1.254217e-02 -1.337113e-02
      vertex  -2.693388e-02  1.061827e-02 -1.175790e-02
    endloop
  endfacet
  facet normal  7.959977e-01  2.026791e-02 -6.049601e-01
    outer loop
      vertex  -2.832983e-02  1.234735e-02 -1.353674e-02
      vertex  -2.693388e-02  1.061827e-02 -1.175790e-02
      vertex  -2.703983e-02  1.040088e-02 -1.190459e-02
    endloop
  endfacet
  facet normal  8.460792e-01 -5.454588e-02 -5.302591e-01
    outer loop
      vertex  -2.703983e-02  1.040088e-02 -1.190459e-02
      vertex  -2.693388e-02  1.061827e-02 -1.175790e-02
      vertex  -2.580613e-02  8.952777e-03 -9.787139e-03
    endloop
  endfacet
  facet normal  8.460807e-01 -5.454176e-02 -5.302571e-01
    outer loop
      vertex  -2.703983e-02  1.040088e-02 -1.190459e-02
      vertex  -2.580613e-02  8.952777e-03 -9.787139e-03
      vertex  -2.589885e-02  8.715852e-03 -9.910709e-03
    endloop
  endfacet
  facet normal  8.893809e-01 -1.176359e-01 -4.417730e-01
    outer loop
      vertex  -2.589885e-02  8.715852e-03 -9.910709e-03
      vertex  -2.580613e-02  8.952777e-03 -9.787139e-03
      vertex  -2.485642e-02  7.591115e-03 -7.512597e-03
    endloop
  endfacet
  facet normal  8.893794e-01 -1.176408e-01 -4.417748e-01
    outer loop
      vertex  -2.589885e-02  8.715852e-03 -9.910709e-03
      vertex  -2.485642e-02  7.591115e-03 -7.512597e-03
      vertex  -2.493800e-02  7.338218e-03 -7.609486e-03
    endloop
  endfacet
  facet normal  9.247178e-01 -1.672960e-01 -3.419197e-01
    outer loop
      vertex  -2.493800e-02  7.338218e-03 -7.609486e-03
      vertex  -2.485642e-02  7.591115e-03 -7.512597e-03
      vertex  -2.411067e-02  6.570430e-03 -4.996317e-03
    endloop
  endfacet
  facet normal  9.247171e-01 -1.672986e-01 -3.419203e-01
    outer loop
      vertex  -2.493800e-02  7.338218e-03 -7.609486e-03
      vertex  -2.411067e-02  6.570430e-03 -4.996317e-03
      vertex  -2.418350e-02  6.305560e-03 -5.063689e-03
    endloop
  endfacet
  facet normal  9.511294e-01 -2.021595e-01 -2.334190e-01
    outer loop
      vertex  -2.418350e-02  6.305560e-03 -5.063689e-03
      vertex  -2.411067e-02  6.570430e-03 -4.996317e-03
      vertex  -2.358922e-02  5.918564e-03 -2.306938e-03
    endloop
  endfacet
  facet normal  9.511296e-01 -2.021589e-01 -2.334189e-01
    outer loop
      vertex  -2.418350e-02  6.305560e-03 -5.063689e-03
      vertex  -2.358922e-02  5.918564e-03 -2.306938e-03
      vertex  -2.365593e-02  5.646048e-03 -2.342763e-03
    endloop
  endfacet
  facet normal  9.678955e-01 -2.212748e-01 -1.192302e-01
    outer loop
      vertex  -2.365593e-02  5.646048e-03 -2.342763e-03
      vertex  -2.358922e-02  5.918564e-03 -2.306938e-03
      vertex  -2.330628e-02  5.653297e-03  4.821822e-04
    endloop
  endfacet
  facet normal  9.678959e-01 -2.212727e-01 -1.192303e-01
    outer loop
      vertex  -2.365593e-02  5.646048e-03 -2.342763e-03
      vertex  -2.330628e-02  5.653297e-03  4.821822e-04
      vertex  -2.336968e-02  5.377668e-03  4.790733e-04
    endloop
  endfacet
  facet normal  9.745579e-01 -2.241220e-01 -2.469979e-03
    outer loop
      vertex  -2.336968e-02  5.377668e-03  4.790733e-04
      vertex  -2.330628e-02  5.653297e-03  4.821822e-04
      vertex  -2.326959e-02  5.781865e-03  3.294962e-03
    endloop
  endfacet
  facet normal  9.745592e-01 -2.241165e-01 -2.470808e-03
    outer loop
      vertex  -2.336968e-02  5.377668e-03  4.790733e-04
      vertex  -2.326959e-02  5.781865e-03  3.294962e-03
      vertex  -2.333255e-02  5.507744e-03  3.324847e-03
    endloop
  endfacet
  facet normal  9.709358e-01 -2.106216e-01  1.136761e-01
    outer loop
      vertex  -2.333255e-02  5.507744e-03  3.324847e-03
      vertex  -2.326959e-02  5.781865e-03  3.294962e-03
      vertex  -2.348013e-02  6.300760e-03  6.054677e-03
    endloop
  endfacet
  facet normal  9.709356e-01 -2.106224e-01  1.136763e-01
    outer loop
      vertex  -2.333255e-02  5.507744e-03  3.324847e-03
      vertex  -2.348013e-02  6.300760e-03  6.054677e-03
      vertex  -2.354556e-02  6.032726e-03  6.116935e-03
    endloop
  endfacet
  facet normal  9.571255e-01 -1.811513e-01  2.260418e-01
    outer loop
      vertex  -2.354556e-02  6.032726e-03  6.116935e-03
      vertex  -2.348013e-02  6.300760e-03  6.054677e-03
      vertex  -2.393217e-02  7.195830e-03  8.686049e-03
    endloop
  endfacet
  facet normal  9.571252e-01 -1.811526e-01  2.260423e-01
    outer loop
      vertex  -2.354556e-02  6.032726e-03  6.116935e-03
      vertex  -2.393217e-02  7.195830e-03  8.686049e-03
      vertex  -2.400290e-02  6.938295e-03  8.779173e-03
    endloop
  endfacet
  facet normal  9.335052e-01 -1.365094e-01  3.315618e-01
    outer loop
      vertex  -2.400290e-02  6.938295e-03  8.779173e-03
      vertex  -2.393217e-02  7.195830e-03  8.686049e-03
      vertex  -2.461337e-02  8.442658e-03  1.111730e-02
    endloop
  endfacet
  facet normal  9.335051e-01 -1.365096e-01  3.315619e-01
    outer loop
      vertex  -2.400290e-02  6.938295e-03  8.779173e-03
      vertex  -2.461337e-02  8.442658e-03  1.111730e-02
      vertex  -2.469210e-02  8.199749e-03  1.123894e-02
    endloop
  endfacet
  facet normal  9.007193e-01 -7.791188e-02  4.273577e-01
    outer loop
      vertex  -2.469210e-02  8.199749e-03  1.123894e-02
      vertex  -2.461337e-02  8.442658e-03  1.111730e-02
      vertex  -2.550516e-02  1.000724e-02  1.328211e-02
    endloop
  endfacet
  facet normal  9.007193e-01 -7.791188e-02  4.273575e-01
    outer loop
      vertex  -2.469210e-02  8.199749e-03  1.123894e-02
      vertex  -2.550516e-02  1.000724e-02  1.328211e-02
      vertex  -2.559434e-02  9.782679e-03  1.342915e-02
    endloop
  endfacet
  facet normal  8.596625e-01 -6.958208e-03  5.108151e-01
    outer loop
      vertex  -2.559434e-02  9.782679e-03  1.342915e-02
      vertex  -2.550516e-02  1.000724e-02  1.328211e-02
      vertex  -2.658320e-02  1.184688e-02  1.512144e-02
    endloop
  endfacet
  facet normal  8.596634e-01 -6.956259e-03  5.108135e-01
    outer loop
      vertex  -2.559434e-02  9.782679e-03  1.342915e-02
      vertex  -2.658320e-02  1.184688e-02  1.512144e-02
      vertex  -2.668503e-02  1.164391e-02  1.529005e-02
    endloop
  endfacet
  facet normal  8.114550e-01  7.441846e-02  5.796574e-01
    outer loop
      vertex  -2.668503e-02  1.164391e-02  1.529005e-02
      vertex  -2.658320e-02  1.184688e-02  1.512144e-02
      vertex  -2.781810e-02  1.391142e-02  1.658511e-02
    endloop
  endfacet
  facet normal  8.114529e-01  7.441563e-02  5.796607e-01
    outer loop
      vertex  -2.668503e-02  1.164391e-02  1.529005e-02
      vertex  -2.781810e-02  1.391142e-02  1.658511e-02
      vertex  -2.793442e-02  1.373266e-02  1.677089e-02
    endloop
  endfacet
  facet normal  7.574078e-01  1.639909e-01  6.320130e-01
    outer loop
      vertex  -2.793442e-02  1.373266e-02  1.677089e-02
      vertex  -2.781810e-02  1.391142e-02  1.658511e-02
      vertex  -2.917617e-02  1.614453e-02  1.763318e-02
    endloop
  endfacet
  facet normal  7.574123e-01  1.639955e-01  6.320064e-01
    outer loop
      vertex  -2.793442e-02  1.373266e-02  1.677089e-02
      vertex  -2.917617e-02  1.614453e-02  1.763318e-02
      vertex  -2.930841e-02  1.599197e-02  1.783126e-02
    endloop
  endfacet
  facet normal  6.990053e-01  2.593281e-01  6.664386e-01
    outer loop
      vertex  -2.930841e-02  1.599197e-02  1.783126e-02
      vertex  -2.917617e-02  1.614453e-02  1.763318e-02
      vertex  -3.062035e-02  1.848531e-02  1.823709e-02
    endloop
  endfacet
  facet normal  6.989995e-01  2.593238e-01  6.664465e-01
    outer loop
      vertex  -2.930841e-02  1.599197e-02  1.783126e-02
      vertex  -3.062035e-02  1.848531e-02  1.823709e-02
      vertex  -3.076954e-02  1.836020e-02  1.844225e-02
    endloop
  endfacet
  facet normal  6.378232e-01  3.578138e-01  6.820197e-01
    outer loop
      vertex  -3.076954e-02  1.836020e-02  1.844225e-02
      vertex  -3.062035e-02  1.848531e-02  1.823709e-02
      vertex  -3.211127e-02  2.086990e-02  1.838035e-02
    endloop
  endfacet
  facet normal  6.378284e-01  3.578165e-01  6.820135e-01
    outer loop
      vertex  -3.076954e-02  1.836020e-02  1.844225e-02
      vertex  -3.211127e-02  2.086990e-02  1.838035e-02
      vertex  -3.227795e-02  2.077276e-02  1.858719e-02
    endloop
  endfacet
  facet normal  5.755515e-01  4.567768e-01  6.783034e-01
    outer loop
      vertex  -3.227795e-02  2.077276e-02  1.858719e-02
      vertex  -3.211127e-02  2.086990e-02  1.838035e-02
      vertex  -3.360825e-02  2.323325e-02  1.805905e-02
    endloop
  endfacet
  facet normal  5.755463e-01  4.567752e-01  6.783090e-01
    outer loop
      vertex  -3.227795e-02  2.077276e-02  1.858719e-02
      vertex  -3.360825e-02  2.323325e-02  1.805905e-02
      vertex  -3.379249e-02  2.316383e-02  1.826212e-02
    endloop
  endfacet
  facet normal  5.138684e-01  5.535066e-01  6.554157e-01
    outer loop
      vertex  -3.379249e-02  2.316383e-02  1.826212e-02
      vertex  -3.360825e-02  2.323325e-02  1.805905e-02
      vertex  -3.507045e-02  2.551090e-02  1.728196e-02
    endloop
  endfacet
  facet normal  5.138675e-01  5.535065e-01  6.554165e-01
    outer loop
      vertex  -3.379249e-02  2.316383e-02  1.826212e-02
      vertex  -3.507045e-02  2.551090e-02  1.728196e-02
      vertex  -3.527185e-02  2.546820e-02  1.747592e-02
    endloop
  endfacet
  facet normal  4.544702e-01  6.453721e-01  6.139639e-01
    outer loop
      vertex  -3.527185e-02  2.546820e-02  1.747592e-02
      vertex  -3.507045e-02  2.551090e-02  1.728196e-02
      vertex  -3.645800e-02  2.764072e-02  1.607028e-02
    endloop
  endfacet
  facet normal  4.544705e-01  6.453721e-01  6.139637e-01
    outer loop
      vertex  -3.527185e-02  2.546820e-02  1.747592e-02
      vertex  -3.645800e-02  2.764072e-02  1.607028e-02
      vertex  -3.667567e-02  2.762301e-02  1.625002e-02
    endloop
  endfacet
  facet normal  3.989748e-01  7.298638e-01  5.550838e-01
    outer loop
      vertex  -3.667567e-02  2.762301e-02  1.625002e-02
      vertex  -3.645800e-02  2.764072e-02  1.607028e-02
      vertex  -3.773304e-02  2.956462e-02  1.445706e-02
    endloop
  endfacet
  facet normal  3.989816e-01  7.298635e-01  5.550793e-01
    outer loop
      vertex  -3.667567e-02  2.762301e-02  1.625002e-02
      vertex  -3.773304e-02  2.956462e-02  1.445706e-02
      vertex  -3.796566e-02  2.956947e-02  1.461788e-02
    endloop
  endfacet
  facet normal  3.489003e-01  8.046768e-01  4.803788e-01
    outer loop
      vertex  -3.796566e-02  2.956947e-02  1.461788e-02
      vertex  -3.773304e-02  2.956462e-02  1.445706e-02
      vertex  -3.886079e-02  3.123011e-02  1.248630e-02
    endloop
  endfacet
  facet normal  3.488957e-01  8.046774e-01  4.803813e-01
    outer loop
      vertex  -3.796566e-02  2.956947e-02  1.461788e-02
      vertex  -3.886079e-02  3.123011e-02  1.248630e-02
      vertex  -3.910665e-02  3.125451e-02  1.262400e-02
    endloop
  endfacet
  facet normal  3.055961e-01  8.677722e-01  3.918961e-01
    outer loop
      vertex  -3.910665e-02  3.125451e-02  1.262400e-02
      vertex  -3.886079e-02  3.123011e-02  1.248630e-02
      vertex  -3.981050e-02  3.259178e-02  1.021175e-02
    endloop
  endfacet
  facet normal  3.056022e-01  8.677711e-01  3.918937e-01
    outer loop
      vertex  -3.910665e-02  3.125451e-02  1.262400e-02
      vertex  -3.981050e-02  3.259178e-02  1.021175e-02
      vertex  -4.006749e-02  3.263214e-02  1.032277e-02
    endloop
  endfacet
  facet normal  2.702650e-01  9.174258e-01  2.920391e-01
    outer loop
      vertex  -4.006749e-02  3.263214e-02  1.032277e-02
      vertex  -3.981050e-02  3.259178e-02  1.021175e-02
      vertex  -4.055625e-02  3.361246e-02  7.695473e-03
    endloop
  endfacet
  facet normal  2.702670e-01  9.174253e-01  2.920385e-01
    outer loop
      vertex  -4.006749e-02  3.263214e-02  1.032277e-02
      vertex  -4.055625e-02  3.361246e-02  7.695473e-03
      vertex  -4.082199e-02  3.366480e-02  7.776977e-03
    endloop
  endfacet
  facet normal  2.438553e-01  9.522858e-01  1.835380e-01
    outer loop
      vertex  -4.082199e-02  3.366480e-02  7.776977e-03
      vertex  -4.055625e-02  3.361246e-02  7.695473e-03
      vertex  -4.107771e-02  3.426433e-02  5.006094e-03
    endloop
  endfacet
  facet normal  2.438478e-01  9.522876e-01  1.835391e-01
    outer loop
      vertex  -4.082199e-02  3.366480e-02  7.776977e-03
      vertex  -4.107771e-02  3.426433e-02  5.006094e-03
      vertex  -4.134956e-02  3.432431e-02  5.056051e-03
    endloop
  endfacet
  facet normal  2.270825e-01  9.714029e-01  6.935333e-02
    outer loop
      vertex  -4.134956e-02  3.432431e-02  5.056051e-03
      vertex  -4.107771e-02  3.426433e-02  5.006094e-03
      vertex  -4.136064e-02  3.452960e-02  2.216974e-03
    endloop
  endfacet
  facet normal  2.270788e-01  9.714038e-01  6.935340e-02
    outer loop
      vertex  -4.134956e-02  3.432431e-02  5.056051e-03
      vertex  -4.136064e-02  3.452960e-02  2.216974e-03
      vertex  -4.163582e-02  3.459269e-02  2.234214e-03
    endloop
  endfacet
  facet normal  2.204167e-01  9.742530e-01 -4.740813e-02
    outer loop
      vertex  -4.163582e-02  3.459269e-02  2.234214e-03
      vertex  -4.136064e-02  3.452960e-02  2.216974e-03
      vertex  -4.139734e-02  3.440103e-02 -5.958060e-04
    endloop
  endfacet
  facet normal  2.204259e-01  9.742510e-01 -4.740721e-02
    outer loop
      vertex  -4.163582e-02  3.459269e-02  2.234214e-03
      vertex  -4.139734e-02  3.440103e-02 -5.958060e-04
      vertex  -4.167295e-02  3.446262e-02 -6.115598e-04
    endloop
  endfacet
  facet normal  2.240492e-01  9.607563e-01 -1.635523e-01
    outer loop
      vertex  -4.167295e-02  3.446262e-02 -6.115598e-04
      vertex  -4.139734e-02  3.440103e-02 -5.958060e-04
      vertex  -4.118680e-02  3.388213e-02 -3.355521e-03
    endloop
  endfacet
  facet normal  2.240387e-01  9.607584e-01 -1.635546e-01
    outer loop
      vertex  -4.167295e-02  3.446262e-02 -6.115598e-04
      vertex  -4.118680e-02  3.388213e-02 -3.355521e-03
      vertex  -4.145993e-02  3.393763e-02 -3.403647e-03
    endloop
  endfacet
  facet normal  2.378492e-01  9.312869e-01 -2.759210e-01
    outer loop
      vertex  -4.145993e-02  3.393763e-02 -3.403647e-03
      vertex  -4.118680e-02  3.388213e-02 -3.355521e-03
      vertex  -4.073476e-02  3.298706e-02 -5.986893e-03
    endloop
  endfacet
  facet normal  2.378521e-01  9.312865e-01 -2.759200e-01
    outer loop
      vertex  -4.145993e-02  3.393763e-02 -3.403647e-03
      vertex  -4.073476e-02  3.298706e-02 -5.986893e-03
      vertex  -4.100259e-02  3.303206e-02 -6.065885e-03
    endloop
  endfacet
  facet normal  2.614720e-01  8.866431e-01 -3.814399e-01
    outer loop
      vertex  -4.100259e-02  3.303206e-02 -6.065885e-03
      vertex  -4.073476e-02  3.298706e-02 -5.986893e-03
      vertex  -4.005355e-02  3.174023e-02 -8.418145e-03
    endloop
  endfacet
  facet normal  2.614735e-01  8.866429e-01 -3.814393e-01
    outer loop
      vertex  -4.100259e-02  3.303206e-02 -6.065885e-03
      vertex  -4.005355e-02  3.174023e-02 -8.418145e-03
      vertex  -4.031340e-02  3.177061e-02 -8.525657e-03
    endloop
  endfacet
  facet normal  2.942592e-01  8.280450e-01 -4.772347e-01
    outer loop
      vertex  -4.031340e-02  3.177061e-02 -8.525657e-03
      vertex  -4.005355e-02  3.174023e-02 -8.418145e-03
      vertex  -3.916177e-02  3.017566e-02 -1.058296e-02
    endloop
  endfacet
  facet normal  2.942591e-01  8.280450e-01 -4.772348e-01
    outer loop
      vertex  -4.031340e-02  3.177061e-02 -8.525657e-03
      vertex  -3.916177e-02  3.017566e-02 -1.058296e-02
      vertex  -3.941115e-02  3.018768e-02 -1.071586e-02
    endloop
  endfacet
  facet normal  3.353157e-01  7.570916e-01 -5.606920e-01
    outer loop
      vertex  -3.941115e-02  3.018768e-02 -1.071586e-02
      vertex  -3.916177e-02  3.017566e-02 -1.058296e-02
      vertex  -3.808372e-02  2.833601e-02 -1.242228e-02
    endloop
  endfacet
  facet normal  3.353157e-01  7.570917e-01 -5.606920e-01
    outer loop
      vertex  -3.941115e-02  3.018768e-02 -1.071586e-02
      vertex  -3.808372e-02  2.833601e-02 -1.242228e-02
      vertex  -3.832046e-02  2.832645e-02 -1.257677e-02
    endloop
  endfacet
  facet normal  3.835240e-01  6.757166e-01 -6.295366e-01
    outer loop
      vertex  -3.832046e-02  2.832645e-02 -1.257677e-02
      vertex  -3.808372e-02  2.833601e-02 -1.242228e-02
      vertex  -3.684882e-02  2.627147e-02 -1.388595e-02
    endloop
  endfacet
  facet normal  3.835230e-01  6.757166e-01 -6.295372e-01
    outer loop
      vertex  -3.832046e-02  2.832645e-02 -1.257677e-02
      vertex  -3.684882e-02  2.627147e-02 -1.388595e-02
      vertex  -3.707108e-02  2.623770e-02 -1.405760e-02
    endloop
  endfacet
  facet normal  4.375675e-01  5.861414e-01 -6.818892e-01
    outer loop
      vertex  -3.707108e-02  2.623770e-02 -1.405760e-02
      vertex  -3.684882e-02  2.627147e-02 -1.388595e-02
      vertex  -3.549076e-02  2.403836e-02 -1.493403e-02
    endloop
  endfacet
  facet normal -3.835239e-01 -6.757167e-01  6.295366e-01
    outer loop
      vertex  -3.690653e-02  8.100522e-03  1.714538e-02
      vertex  -3.589388e-02  6.002210e-03  1.551006e-02
      vertex  -3.565715e-02  6.011766e-03  1.566454e-02
    endloop
  endfacet
  facet normal -3.353153e-01 -7.570913e-01  5.606927e-01
    outer loop
      vertex  -3.565715e-02  6.011766e-03  1.566454e-02
      vertex  -3.589388e-02  6.002210e-03  1.551006e-02
      vertex  -3.481584e-02  4.162562e-03  1.367074e-02
    endloop
  endfacet
  facet normal -3.353133e-01 -7.570916e-01  5.606937e-01
    outer loop
      vertex  -3.565715e-02  6.011766e-03  1.566454e-02
      vertex  -3.481584e-02  4.162562e-03  1.367074e-02
      vertex  -3.456645e-02  4.150539e-03  1.380364e-02
    endloop
  endfacet
  facet normal -2.942563e-01 -8.280454e-01  4.772359e-01
    outer loop
      vertex  -3.456645e-02  4.150539e-03  1.380364e-02
      vertex  -3.481584e-02  4.162562e-03  1.367074e-02
      vertex  -3.392405e-02  2.597984e-03  1.150592e-02
    endloop
  endfacet
  facet normal -2.942555e-01 -8.280454e-01  4.772361e-01
    outer loop
      vertex  -3.456645e-02  4.150539e-03  1.380364e-02
      vertex  -3.392405e-02  2.597984e-03  1.150592e-02
      vertex  -3.366420e-02  2.567608e-03  1.161343e-02
    endloop
  endfacet
  facet normal -2.614700e-01 -8.866435e-01  3.814403e-01
    outer loop
      vertex  -3.366420e-02  2.567608e-03  1.161343e-02
      vertex  -3.392405e-02  2.597984e-03  1.150592e-02
      vertex  -3.324284e-02  1.351156e-03  9.074671e-03
    endloop
  endfacet
  facet normal -2.614707e-01 -8.866434e-01  3.814402e-01
    outer loop
      vertex  -3.366420e-02  2.567608e-03  1.161343e-02
      vertex  -3.324284e-02  1.351156e-03  9.074671e-03
      vertex  -3.297501e-02  1.306155e-03  9.153663e-03
    endloop
  endfacet
  facet normal -2.378507e-01 -9.312868e-01  2.759203e-01
    outer loop
      vertex  -3.297501e-02  1.306155e-03  9.153663e-03
      vertex  -3.324284e-02  1.351156e-03  9.074671e-03
      vertex  -3.279081e-02  4.560862e-04  6.443299e-03
    endloop
  endfacet
  facet normal -2.378519e-01 -9.312865e-01  2.759202e-01
    outer loop
      vertex  -3.297501e-02  1.306155e-03  9.153663e-03
      vertex  -3.279081e-02  4.560862e-04  6.443299e-03
      vertex  -3.251767e-02  4.005859e-04  6.491425e-03
    endloop
  endfacet
  facet normal -2.240417e-01 -9.607577e-01  1.635540e-01
    outer loop
      vertex  -3.251767e-02  4.005859e-04  6.491425e-03
      vertex  -3.279081e-02  4.560862e-04  6.443299e-03
      vertex  -3.258026e-02 -6.280906e-05  3.683584e-03
    endloop
  endfacet
  facet normal -2.240424e-01 -9.607576e-01  1.635540e-01
    outer loop
      vertex  -3.251767e-02  4.005859e-04  6.491425e-03
      vertex  -3.258026e-02 -6.280906e-05  3.683584e-03
      vertex  -3.230466e-02 -1.243964e-04  3.699338e-03
    endloop
  endfacet
  facet normal -2.204191e-01 -9.742525e-01  4.740727e-02
    outer loop
      vertex  -3.230466e-02 -1.243964e-04  3.699338e-03
      vertex  -3.258026e-02 -6.280906e-05  3.683584e-03
      vertex  -3.261696e-02 -1.913767e-04  8.708040e-04
    endloop
  endfacet
  facet normal -2.204187e-01 -9.742526e-01  4.740722e-02
    outer loop
      vertex  -3.230466e-02 -1.243964e-04  3.699338e-03
      vertex  -3.261696e-02 -1.913767e-04  8.708040e-04
      vertex  -3.234179e-02 -2.544725e-04  8.535634e-04
    endloop
  endfacet
  facet normal -2.270807e-01 -9.714034e-01 -6.935237e-02
    outer loop
      vertex  -3.234179e-02 -2.544725e-04  8.535634e-04
      vertex  -3.261696e-02 -1.913767e-04  8.708040e-04
      vertex  -3.289990e-02  7.389041e-05 -1.918316e-03
    endloop
  endfacet
  facet normal -2.270776e-01 -9.714041e-01 -6.935307e-02
    outer loop
      vertex  -3.234179e-02 -2.544725e-04  8.535634e-04
      vertex  -3.289990e-02  7.389041e-05 -1.918316e-03
      vertex  -3.262804e-02  1.390723e-05 -1.968273e-03
    endloop
  endfacet
  facet normal -2.438434e-01 -9.522883e-01 -1.835411e-01
    outer loop
      vertex  -3.262804e-02  1.390723e-05 -1.968273e-03
      vertex  -3.289990e-02  7.389041e-05 -1.918316e-03
      vertex  -3.342135e-02  7.257570e-04 -4.607695e-03
    endloop
  endfacet
  facet normal -2.438441e-01 -9.522882e-01 -1.835408e-01
    outer loop
      vertex  -3.262804e-02  1.390723e-05 -1.968273e-03
      vertex  -3.342135e-02  7.257570e-04 -4.607695e-03
      vertex  -3.315561e-02  6.734201e-04 -4.689199e-03
    endloop
  endfacet
  facet normal -2.702565e-01 -9.174272e-01 -2.920423e-01
    outer loop
      vertex  -3.315561e-02  6.734201e-04 -4.689199e-03
      vertex  -3.342135e-02  7.257570e-04 -4.607695e-03
      vertex  -3.416710e-02  1.746442e-03 -7.123975e-03
    endloop
  endfacet
  facet normal -2.702556e-01 -9.174274e-01 -2.920426e-01
    outer loop
      vertex  -3.315561e-02  6.734201e-04 -4.689199e-03
      vertex  -3.416710e-02  1.746442e-03 -7.123975e-03
      vertex  -3.391011e-02  1.706078e-03 -7.234996e-03
    endloop
  endfacet
  facet normal -3.055940e-01 -8.677721e-01 -3.918978e-01
    outer loop
      vertex  -3.391011e-02  1.706078e-03 -7.234996e-03
      vertex  -3.416710e-02  1.746442e-03 -7.123975e-03
      vertex  -3.511681e-02  3.108103e-03 -9.398518e-03
    endloop
  endfacet
  facet normal -3.055947e-01 -8.677721e-01 -3.918972e-01
    outer loop
      vertex  -3.391011e-02  1.706078e-03 -7.234996e-03
      vertex  -3.511681e-02  3.108103e-03 -9.398518e-03
      vertex  -3.487096e-02  3.083712e-03 -9.536219e-03
    endloop
  endfacet
  facet normal -3.488951e-01 -8.046774e-01 -4.803816e-01
    outer loop
      vertex  -3.487096e-02  3.083712e-03 -9.536219e-03
      vertex  -3.511681e-02  3.108103e-03 -9.398518e-03
      vertex  -3.624456e-02  4.773599e-03 -1.136928e-02
    endloop
  endfacet
  facet normal -3.488953e-01 -8.046774e-01 -4.803816e-01
    outer loop
      vertex  -3.487096e-02  3.083712e-03 -9.536219e-03
      vertex  -3.624456e-02  4.773599e-03 -1.136928e-02
      vertex  -3.601194e-02  4.768743e-03 -1.153010e-02
    endloop
  endfacet
  facet normal -3.989763e-01 -7.298636e-01 -5.550828e-01
    outer loop
      vertex  -3.601194e-02  4.768743e-03 -1.153010e-02
      vertex  -3.624456e-02  4.773599e-03 -1.136928e-02
      vertex  -3.751960e-02  6.697497e-03 -1.298250e-02
    endloop
  endfacet
  facet normal -3.989756e-01 -7.298635e-01 -5.550835e-01
    outer loop
      vertex  -3.601194e-02  4.768743e-03 -1.153010e-02
      vertex  -3.751960e-02  6.697497e-03 -1.298250e-02
      vertex  -3.730194e-02  6.715210e-03 -1.316225e-02
    endloop
  endfacet
  facet normal -4.544712e-01 -6.453723e-01 -6.139630e-01
    outer loop
      vertex  -3.730194e-02  6.715210e-03 -1.316225e-02
      vertex  -3.751960e-02  6.697497e-03 -1.298250e-02
      vertex  -3.890715e-02  8.827320e-03 -1.419419e-02
    endloop
  endfacet
  facet normal -4.544718e-01 -6.453723e-01 -6.139625e-01
    outer loop
      vertex  -3.730194e-02  6.715210e-03 -1.316225e-02
      vertex  -3.890715e-02  8.827320e-03 -1.419419e-02
      vertex  -3.870576e-02  8.870016e-03 -1.438814e-02
    endloop
  endfacet
  facet normal -5.138690e-01 -5.535068e-01 -6.554149e-01
    outer loop
      vertex  -3.870576e-02  8.870016e-03 -1.438814e-02
      vertex  -3.890715e-02  8.827320e-03 -1.419419e-02
      vertex  -4.036935e-02  1.110497e-02 -1.497127e-02
    endloop
  endfacet
  facet normal -5.138723e-01 -5.535083e-01 -6.554111e-01
    outer loop
      vertex  -3.870576e-02  8.870016e-03 -1.438814e-02
      vertex  -4.036935e-02  1.110497e-02 -1.497127e-02
      vertex  -4.018512e-02  1.117438e-02 -1.517435e-02
    endloop
  endfacet
  facet normal -5.755501e-01 -4.567765e-01 -6.783047e-01
    outer loop
      vertex  -4.018512e-02  1.117438e-02 -1.517435e-02
      vertex  -4.036935e-02  1.110497e-02 -1.497127e-02
      vertex  -4.186633e-02  1.346832e-02 -1.529257e-02
    endloop
  endfacet
  facet normal -5.755507e-01 -4.567769e-01 -6.783039e-01
    outer loop
      vertex  -4.018512e-02  1.117438e-02 -1.517435e-02
      vertex  -4.186633e-02  1.346832e-02 -1.529257e-02
      vertex  -4.169966e-02  1.356546e-02 -1.549941e-02
    endloop
  endfacet
  facet normal -6.378275e-01 -3.578163e-01 -6.820143e-01
    outer loop
      vertex  -4.169966e-02  1.356546e-02 -1.549941e-02
      vertex  -4.186633e-02  1.346832e-02 -1.529257e-02
      vertex  -4.335725e-02  1.585291e-02 -1.514931e-02
    endloop
  endfacet
  facet normal -6.378250e-01 -3.578140e-01 -6.820179e-01
    outer loop
      vertex  -4.169966e-02  1.356546e-02 -1.549941e-02
      vertex  -4.335725e-02  1.585291e-02 -1.514931e-02
      vertex  -4.320806e-02  1.597802e-02 -1.535447e-02
    endloop
  endfacet
  facet normal -6.990005e-01 -2.593243e-01 -6.664451e-01
    outer loop
      vertex  -4.320806e-02  1.597802e-02 -1.535447e-02
      vertex  -4.335725e-02  1.585291e-02 -1.514931e-02
      vertex  -4.480144e-02  1.819368e-02 -1.454541e-02
    endloop
  endfacet
  facet normal -6.989999e-01 -2.593238e-01 -6.664459e-01
    outer loop
      vertex  -4.320806e-02  1.597802e-02 -1.535447e-02
      vertex  -4.480144e-02  1.819368e-02 -1.454541e-02
      vertex  -4.466919e-02  1.834625e-02 -1.474348e-02
    endloop
  endfacet
  facet normal -7.574075e-01 -1.639889e-01 -6.320138e-01
    outer loop
      vertex  -4.466919e-02  1.834625e-02 -1.474348e-02
      vertex  -4.480144e-02  1.819368e-02 -1.454541e-02
      vertex  -4.615950e-02  2.042680e-02 -1.349733e-02
    endloop
  endfacet
  facet normal -7.574099e-01 -1.639929e-01 -6.320100e-01
    outer loop
      vertex  -4.466919e-02  1.834625e-02 -1.474348e-02
      vertex  -4.615950e-02  2.042680e-02 -1.349733e-02
      vertex  -4.604318e-02  2.060556e-02 -1.368311e-02
    endloop
  endfacet
  facet normal -8.114543e-01 -7.441835e-02 -5.796583e-01
    outer loop
      vertex  -4.604318e-02  2.060556e-02 -1.368311e-02
      vertex  -4.615950e-02  2.042680e-02 -1.349733e-02
      vertex  -4.739440e-02  2.249134e-02 -1.203366e-02
    endloop
  endfacet
  facet normal -8.114528e-01 -7.441534e-02 -5.796609e-01
    outer loop
      vertex  -4.604318e-02  2.060556e-02 -1.368311e-02
      vertex  -4.739440e-02  2.249134e-02 -1.203366e-02
      vertex  -4.729257e-02  2.269431e-02 -1.220228e-02
    endloop
  endfacet
  facet normal -8.596613e-01  6.960022e-03 -5.108171e-01
    outer loop
      vertex  -4.729257e-02  2.269431e-02 -1.220228e-02
      vertex  -4.739440e-02  2.249134e-02 -1.203366e-02
      vertex  -4.847245e-02  2.433098e-02 -1.019434e-02
    endloop
  endfacet
  facet normal -8.596587e-01  6.966975e-03 -5.108213e-01
    outer loop
      vertex  -4.729257e-02  2.269431e-02 -1.220228e-02
      vertex  -4.847245e-02  2.433098e-02 -1.019434e-02
      vertex  -4.838326e-02  2.455554e-02 -1.034137e-02
    endloop
  endfacet
  facet normal -9.007160e-01  7.792183e-02 -4.273625e-01
    outer loop
      vertex  -4.838326e-02  2.455554e-02 -1.034137e-02
      vertex  -4.847245e-02  2.433098e-02 -1.019434e-02
      vertex  -4.936424e-02  2.589556e-02 -8.029522e-03
    endloop
  endfacet
  facet normal -9.007196e-01  7.791054e-02 -4.273573e-01
    outer loop
      vertex  -4.838326e-02  2.455554e-02 -1.034137e-02
      vertex  -4.936424e-02  2.589556e-02 -8.029522e-03
      vertex  -4.928551e-02  2.613847e-02 -8.151166e-03
    endloop
  endfacet
  facet normal -9.335054e-01  1.365088e-01 -3.315616e-01
    outer loop
      vertex  -4.928551e-02  2.613847e-02 -8.151166e-03
      vertex  -4.936424e-02  2.589556e-02 -8.029522e-03
      vertex  -5.004544e-02  2.714239e-02 -5.598271e-03
    endloop
  endfacet
  facet normal -9.335052e-01  1.365094e-01 -3.315618e-01
    outer loop
      vertex  -4.928551e-02  2.613847e-02 -8.151166e-03
      vertex  -5.004544e-02  2.714239e-02 -5.598271e-03
      vertex  -4.997470e-02  2.739992e-02 -5.691395e-03
    endloop
  endfacet
  facet normal -9.571252e-01  1.811526e-01 -2.260422e-01
    outer loop
      vertex  -4.997470e-02  2.739992e-02 -5.691395e-03
      vertex  -5.004544e-02  2.714239e-02 -5.598271e-03
      vertex  -5.049748e-02  2.803746e-02 -2.966899e-03
    endloop
  endfacet
  facet normal -9.571243e-01  1.811566e-01 -2.260429e-01
    outer loop
      vertex  -4.997470e-02  2.739992e-02 -5.691395e-03
      vertex  -5.049748e-02  2.803746e-02 -2.966899e-03
      vertex  -5.043204e-02  2.830549e-02 -3.029157e-03
    endloop
  endfacet
  facet normal -9.709343e-01  2.106278e-01 -1.136771e-01
    outer loop
      vertex  -5.043204e-02  2.830549e-02 -3.029157e-03
      vertex  -5.049748e-02  2.803746e-02 -2.966899e-03
      vertex  -5.070802e-02  2.855635e-02 -2.071842e-04
    endloop
  endfacet
  facet normal -9.709342e-01  2.106284e-01 -1.136772e-01
    outer loop
      vertex  -5.043204e-02  2.830549e-02 -3.029157e-03
      vertex  -5.070802e-02  2.855635e-02 -2.071842e-04
      vertex  -5.064505e-02  2.883047e-02 -2.370697e-04
    endloop
  endfacet
  facet normal -9.745576e-01  2.241235e-01  2.470587e-03
    outer loop
      vertex  -5.064505e-02  2.883047e-02 -2.370697e-04
      vertex  -5.070802e-02  2.855635e-02 -2.071842e-04
      vertex  -5.067132e-02  2.868492e-02  2.605595e-03
    endloop
  endfacet
  facet normal -9.745593e-01  2.241161e-01  2.470192e-03
    outer loop
      vertex  -5.064505e-02  2.883047e-02 -2.370697e-04
      vertex  -5.067132e-02  2.868492e-02  2.605595e-03
      vertex  -5.060793e-02  2.896055e-02  2.608704e-03
    endloop
  endfacet
  facet normal -9.678974e-01  2.212669e-01  1.192290e-01
    outer loop
      vertex  -5.060793e-02  2.896055e-02  2.608704e-03
      vertex  -5.067132e-02  2.868492e-02  2.605595e-03
      vertex  -5.038839e-02  2.841965e-02  5.394715e-03
    endloop
  endfacet
  facet normal -9.678938e-01  2.212811e-01  1.192315e-01
    outer loop
      vertex  -5.060793e-02  2.896055e-02  2.608704e-03
      vertex  -5.038839e-02  2.841965e-02  5.394715e-03
      vertex  -5.032167e-02  2.869217e-02  5.430541e-03
    endloop
  endfacet
  facet normal -9.511280e-01  2.021651e-01  2.334200e-01
    outer loop
      vertex  -5.032167e-02  2.869217e-02  5.430541e-03
      vertex  -5.038839e-02  2.841965e-02  5.394715e-03
      vertex  -4.986693e-02  2.776779e-02  8.084095e-03
    endloop
  endfacet
  facet normal -9.511277e-01  2.021658e-01  2.334202e-01
    outer loop
      vertex  -5.032167e-02  2.869217e-02  5.430541e-03
      vertex  -4.986693e-02  2.776779e-02  8.084095e-03
      vertex  -4.979410e-02  2.803266e-02  8.151467e-03
    endloop
  endfacet
  facet normal -9.247152e-01  1.673046e-01  3.419224e-01
    outer loop
      vertex  -4.979410e-02  2.803266e-02  8.151467e-03
      vertex  -4.986693e-02  2.776779e-02  8.084095e-03
      vertex  -4.912118e-02  2.674710e-02  1.060038e-02
    endloop
  endfacet
  facet normal -9.247159e-01  1.673024e-01  3.419215e-01
    outer loop
      vertex  -4.979410e-02  2.803266e-02  8.151467e-03
      vertex  -4.912118e-02  2.674710e-02  1.060038e-02
      vertex  -4.903960e-02  2.700000e-02  1.069726e-02
    endloop
  endfacet
  facet normal -8.893771e-01  1.176464e-01  4.417778e-01
    outer loop
      vertex  -4.903960e-02  2.700000e-02  1.069726e-02
      vertex  -4.912118e-02  2.674710e-02  1.060038e-02
      vertex  -4.817148e-02  2.538544e-02  1.287492e-02
    endloop
  endfacet
  facet normal -8.893793e-01  1.176413e-01  4.417748e-01
    outer loop
      vertex  -4.903960e-02  2.700000e-02  1.069726e-02
      vertex  -4.817148e-02  2.538544e-02  1.287492e-02
      vertex  -4.807876e-02  2.562237e-02  1.299849e-02
    endloop
  endfacet
  facet normal -8.460791e-01  5.454633e-02  5.302594e-01
    outer loop
      vertex  -4.807876e-02  2.562237e-02  1.299849e-02
      vertex  -4.817148e-02  2.538544e-02  1.287492e-02
      vertex  -4.704372e-02  2.371995e-02  1.484568e-02
    endloop
  endfacet
  facet normal -8.460793e-01  5.454575e-02  5.302589e-01
    outer loop
      vertex  -4.807876e-02  2.562237e-02  1.299849e-02
      vertex  -4.704372e-02  2.371995e-02  1.484568e-02
      vertex  -4.693777e-02  2.393734e-02  1.499237e-02
    endloop
  endfacet
  facet normal -7.959979e-01 -2.026768e-02  6.049600e-01
    outer loop
      vertex  -4.693777e-02  2.393734e-02  1.499237e-02
      vertex  -4.704372e-02  2.371995e-02  1.484568e-02
      vertex  -4.576868e-02  2.179605e-02  1.645890e-02
    endloop
  endfacet
  facet normal -7.959964e-01 -2.026547e-02  6.049619e-01
    outer loop
      vertex  -4.693777e-02  2.393734e-02  1.499237e-02
      vertex  -4.576868e-02  2.179605e-02  1.645890e-02
      vertex  -4.564778e-02  2.199087e-02  1.662451e-02
    endloop
  endfacet
  facet normal -7.404998e-01 -1.047574e-01  6.638418e-01
    outer loop
      vertex  -4.564778e-02  2.199087e-02  1.662451e-02
      vertex  -4.576868e-02  2.179605e-02  1.645890e-02
      vertex  -4.438113e-02  1.966622e-02  1.767058e-02
    endloop
  endfacet
  facet normal -7.405034e-01 -1.047613e-01  6.638372e-01
    outer loop
      vertex  -4.564778e-02  2.199087e-02  1.662451e-02
      vertex  -4.438113e-02  1.966622e-02  1.767058e-02
      vertex  -4.424395e-02  1.983606e-02  1.785041e-02
    endloop
  endfacet
  facet normal -6.811063e-01 -1.966263e-01  7.052888e-01
    outer loop
      vertex  -4.424395e-02  1.983606e-02  1.785041e-02
      vertex  -4.438113e-02  1.966622e-02  1.767058e-02
      vertex  -4.291893e-02  1.738857e-02  1.844767e-02
    endloop
  endfacet
  facet normal -6.811054e-01 -1.966256e-01  7.052898e-01
    outer loop
      vertex  -4.424395e-02  1.983606e-02  1.785041e-02
      vertex  -4.291893e-02  1.738857e-02  1.844767e-02
      vertex  -4.276460e-02  1.753169e-02  1.863661e-02
    endloop
  endfacet
  facet normal -6.194276e-01 -2.933574e-01  7.281833e-01
    outer loop
      vertex  -4.276460e-02  1.753169e-02  1.863661e-02
      vertex  -4.291893e-02  1.738857e-02  1.844767e-02
      vertex  -4.142195e-02  1.502522e-02  1.876897e-02
    endloop
  endfacet
  facet normal -6.194330e-01 -2.933606e-01  7.281775e-01
    outer loop
      vertex  -4.276460e-02  1.753169e-02  1.863661e-02
      vertex  -4.142195e-02  1.502522e-02  1.876897e-02
      vertex  -4.125006e-02  1.514062e-02  1.896168e-02
    endloop
  endfacet
  facet normal -5.571566e-01 -3.923209e-01  7.318885e-01
    outer loop
      vertex  -4.125006e-02  1.514062e-02  1.896168e-02
      vertex  -4.142195e-02  1.502522e-02  1.876897e-02
      vertex  -3.993103e-02  1.264064e-02  1.862571e-02
    endloop
  endfacet
  facet normal -5.571517e-01 -3.923190e-01  7.318934e-01
    outer loop
      vertex  -4.125006e-02  1.514062e-02  1.896168e-02
      vertex  -3.993103e-02  1.264064e-02  1.862571e-02
      vertex  -3.974165e-02  1.272806e-02  1.881674e-02
    endloop
  endfacet
  facet normal -4.959759e-01 -4.908082e-01  7.163206e-01
    outer loop
      vertex  -3.974165e-02  1.272806e-02  1.881674e-02
      vertex  -3.993103e-02  1.264064e-02  1.862571e-02
      vertex  -3.848685e-02  1.029986e-02  1.802181e-02
    endloop
  endfacet
  facet normal -4.959731e-01 -4.908075e-01  7.163230e-01
    outer loop
      vertex  -3.974165e-02  1.272806e-02  1.881674e-02
      vertex  -3.848685e-02  1.029986e-02  1.802181e-02
      vertex  -3.828052e-02  1.035983e-02  1.820575e-02
    endloop
  endfacet
  facet normal -4.375660e-01 -5.861412e-01  6.818905e-01
    outer loop
      vertex  -3.828052e-02  1.035983e-02  1.820575e-02
      vertex  -3.848685e-02  1.029986e-02  1.802181e-02
      vertex  -3.712878e-02  8.066747e-03  1.697373e-02
    endloop
  endfacet
  facet normal -4.375678e-01 -5.861413e-01  6.818891e-01
    outer loop
      vertex  -3.828052e-02  1.035983e-02  1.820575e-02
      vertex  -3.712878e-02  8.066747e-03  1.697373e-02
      vertex  -3.690653e-02  8.100522e-03  1.714538e-02
    endloop
  endfacet
  facet normal -3.835229e-01 -6.757166e-01  6.295373e-01
    outer loop
      vertex  -3.690653e-02  8.100522e-03  1.714538e-02
      vertex  -3.712878e-02  8.066747e-03  1.697373e-02
      vertex  -3.589388e-02  6.002210e-03  1.551006e-02
    endloop
  endfacet
  facet normal  4.468068e-01  8.913823e-01  7.616533e-02
    outer loop
      vertex  -3.959626e-02  1.907243e-02  1.060623e-02
      vertex  -3.852914e-02  1.853421e-02  1.064519e-02
      vertex  -3.860142e-02  1.861482e-02  1.012577e-02
    endloop
  endfacet
  facet normal  4.472557e-01  8.725305e-01 -1.966033e-01
    outer loop
      vertex  -3.860311e-02  1.868550e-02  1.114833e-02
      vertex  -3.852914e-02  1.853421e-02  1.064519e-02
      vertex  -3.959626e-02  1.907243e-02  1.060623e-02
    endloop
  endfacet
  facet normal  5.204421e-01  7.407745e-01 -4.247271e-01
    outer loop
      vertex  -3.880351e-02  1.902815e-02  1.150039e-02
      vertex  -3.860311e-02  1.868550e-02  1.114833e-02
      vertex  -3.959626e-02  1.907243e-02  1.060623e-02
    endloop
  endfacet
  facet normal  9.901777e-01  2.980191e-02  1.366015e-01
    outer loop
      vertex  -3.959626e-02  1.907243e-02  1.060623e-02
      vertex  -3.954681e-02  2.011385e-02  1.002061e-02
      vertex  -3.962078e-02  2.026513e-02  1.052376e-02
    endloop
  endfacet
  facet normal  9.169915e-01  1.615582e-01  3.647267e-01
    outer loop
      vertex  -3.934641e-02  1.977120e-02  9.668553e-03
      vertex  -3.954681e-02  2.011385e-02  1.002061e-02
      vertex  -3.959626e-02  1.907243e-02  1.060623e-02
    endloop
  endfacet
  facet normal  7.923515e-01  3.005598e-01 -5.308888e-01
    outer loop
      vertex  -3.959626e-02  1.907243e-02  1.060623e-02
      vertex  -3.934933e-02  1.989361e-02  1.143968e-02
      vertex  -3.907664e-02  1.947034e-02  1.160703e-02
    endloop
  endfacet
  facet normal  9.182162e-01  1.100569e-01 -3.804821e-01
    outer loop
      vertex  -3.954849e-02  2.018452e-02  1.104317e-02
      vertex  -3.934933e-02  1.989361e-02  1.143968e-02
      vertex  -3.959626e-02  1.907243e-02  1.060623e-02
    endloop
  endfacet
  facet normal  9.906268e-01  1.095079e-02 -1.361565e-01
    outer loop
      vertex  -3.962078e-02  2.026513e-02  1.052376e-02
      vertex  -3.954849e-02  2.018452e-02  1.104317e-02
      vertex  -3.959626e-02  1.907243e-02  1.060623e-02
    endloop
  endfacet
  facet normal  6.467555e-01  5.314195e-01 -5.470837e-01
    outer loop
      vertex  -3.907664e-02  1.947034e-02  1.160703e-02
      vertex  -3.880351e-02  1.902815e-02  1.150039e-02
      vertex  -3.959626e-02  1.907243e-02  1.060623e-02
    endloop
  endfacet
  facet normal  5.598880e-01  7.429785e-01  3.667537e-01
    outer loop
      vertex  -3.909137e-02  1.889525e-02  1.019441e-02
      vertex  -3.920795e-02  1.899108e-02  1.017824e-02
      vertex  -3.959626e-02  1.907243e-02  1.060623e-02
    endloop
  endfacet
  facet normal  7.534971e-01  4.426673e-01  4.860943e-01
    outer loop
      vertex  -3.959626e-02  1.907243e-02  1.060623e-02
      vertex  -3.934103e-02  1.919765e-02  1.009657e-02
      vertex  -3.936918e-02  1.932218e-02  1.002681e-02
    endloop
  endfacet
  facet normal  8.111948e-01  3.497500e-01  4.686555e-01
    outer loop
      vertex  -3.936950e-02  1.955024e-02  9.857166e-03
      vertex  -3.959626e-02  1.907243e-02  1.060623e-02
      vertex  -3.936918e-02  1.932218e-02  1.002681e-02
    endloop
  endfacet
  facet normal  6.450832e-01  6.017717e-01  4.708912e-01
    outer loop
      vertex  -3.920795e-02  1.899108e-02  1.017824e-02
      vertex  -3.934103e-02  1.919765e-02  1.009657e-02
      vertex  -3.959626e-02  1.907243e-02  1.060623e-02
    endloop
  endfacet
  facet normal  8.585268e-01  2.780462e-01  4.308389e-01
    outer loop
      vertex  -3.932948e-02  1.974318e-02  9.652888e-03
      vertex  -3.934641e-02  1.977120e-02  9.668553e-03
      vertex  -3.936950e-02  1.955024e-02  9.857166e-03
    endloop
  endfacet
  facet normal  8.504277e-01  2.873160e-01  4.407066e-01
    outer loop
      vertex  -3.936950e-02  1.955024e-02  9.857166e-03
      vertex  -3.934641e-02  1.977120e-02  9.668553e-03
      vertex  -3.959626e-02  1.907243e-02  1.060623e-02
    endloop
  endfacet
  facet normal  4.932946e-01  8.449553e-01  2.066660e-01
    outer loop
      vertex  -3.860142e-02  1.861482e-02  1.012577e-02
      vertex  -3.861133e-02  1.862847e-02  1.009363e-02
      vertex  -3.885432e-02  1.875090e-02  1.017308e-02
    endloop
  endfacet
  facet normal  5.169569e-01  8.065464e-01  2.867724e-01
    outer loop
      vertex  -3.885432e-02  1.875090e-02  1.017308e-02
      vertex  -3.909137e-02  1.889525e-02  1.019441e-02
      vertex  -3.959626e-02  1.907243e-02  1.060623e-02
    endloop
  endfacet
  facet normal  4.938750e-01  8.407583e-01  2.218400e-01
    outer loop
      vertex  -3.860142e-02  1.861482e-02  1.012577e-02
      vertex  -3.885432e-02  1.875090e-02  1.017308e-02
      vertex  -3.959626e-02  1.907243e-02  1.060623e-02
    endloop
  endfacet
  facet normal -4.572092e-01  7.591491e-01  4.633059e-01
    outer loop
      vertex  -3.708777e-02  1.958487e-02  1.003004e-02
      vertex  -3.861133e-02  1.862847e-02  1.009363e-02
      vertex  -3.860142e-02  1.861482e-02  1.012577e-02
    endloop
  endfacet
  facet normal -3.776994e-01  6.458024e-01  6.635377e-01
    outer loop
      vertex  -3.338347e-02  2.230627e-02  9.503160e-03
      vertex  -3.704806e-02  2.000587e-02  9.656117e-03
      vertex  -3.318430e-02  2.201536e-02  9.899665e-03
    endloop
  endfacet
  facet normal -3.394084e-01  5.610976e-01  7.549645e-01
    outer loop
      vertex  -3.318430e-02  2.201536e-02  9.899665e-03
      vertex  -3.704806e-02  2.000587e-02  9.656117e-03
      vertex  -3.704774e-02  1.977781e-02  9.825762e-03
    endloop
  endfacet
  facet normal -3.602330e-02  1.234963e-01  9.916910e-01
    outer loop
      vertex  -3.365615e-02  2.272954e-02  9.335806e-03
      vertex  -3.732587e-02  2.043280e-02  9.488518e-03
      vertex  -3.720929e-02  2.033697e-02  9.504686e-03
    endloop
  endfacet
  facet normal -1.446834e-01  2.818159e-01  9.484970e-01
    outer loop
      vertex  -3.365615e-02  2.272954e-02  9.335806e-03
      vertex  -3.720929e-02  2.033697e-02  9.504686e-03
      vertex  -3.338347e-02  2.230627e-02  9.503160e-03
    endloop
  endfacet
  facet normal -1.446820e-01  2.818131e-01  9.484980e-01
    outer loop
      vertex  -3.338347e-02  2.230627e-02  9.503160e-03
      vertex  -3.720929e-02  2.033697e-02  9.504686e-03
      vertex  -3.707622e-02  2.013041e-02  9.586359e-03
    endloop
  endfacet
  facet normal -2.359818e-01  4.337438e-01  8.695855e-01
    outer loop
      vertex  -3.338347e-02  2.230627e-02  9.503160e-03
      vertex  -3.707622e-02  2.013041e-02  9.586359e-03
      vertex  -3.704806e-02  2.000587e-02  9.656117e-03
    endloop
  endfacet
  facet normal  6.592955e-02 -3.904612e-02  9.970601e-01
    outer loop
      vertex  -3.732587e-02  2.043280e-02  9.488518e-03
      vertex  -3.365615e-02  2.272954e-02  9.335806e-03
      vertex  -3.756292e-02  2.057715e-02  9.509847e-03
    endloop
  endfacet
  facet normal  1.296152e-01 -1.560853e-01  9.792024e-01
    outer loop
      vertex  -3.756292e-02  2.057715e-02  9.509847e-03
      vertex  -3.365615e-02  2.272954e-02  9.335806e-03
      vertex  -3.392929e-02  2.317174e-02  9.442447e-03
    endloop
  endfacet
  facet normal  1.897618e-01 -2.410310e-01  9.517849e-01
    outer loop
      vertex  -3.756292e-02  2.057715e-02  9.509847e-03
      vertex  -3.392929e-02  2.317174e-02  9.442447e-03
      vertex  -3.780591e-02  2.069958e-02  9.589296e-03
    endloop
  endfacet
  facet normal  2.566080e-01 -3.488492e-01  9.013638e-01
    outer loop
      vertex  -3.932948e-02  1.974318e-02  9.652888e-03
      vertex  -3.780591e-02  2.069958e-02  9.589296e-03
      vertex  -3.934641e-02  1.977120e-02  9.668553e-03
    endloop
  endfacet
  facet normal  2.566023e-01 -3.488390e-01  9.013693e-01
    outer loop
      vertex  -3.934641e-02  1.977120e-02  9.668553e-03
      vertex  -3.780591e-02  2.069958e-02  9.589296e-03
      vertex  -3.392929e-02  2.317174e-02  9.442447e-03
    endloop
  endfacet
  facet normal  3.753771e-01 -5.482935e-01  7.473059e-01
    outer loop
      vertex  -3.934641e-02  1.977120e-02  9.668553e-03
      vertex  -3.392929e-02  2.317174e-02  9.442447e-03
      vertex  -3.954681e-02  2.011385e-02  1.002061e-02
    endloop
  endfacet
  facet normal  3.753769e-01 -5.482935e-01  7.473061e-01
    outer loop
      vertex  -3.954681e-02  2.011385e-02  1.002061e-02
      vertex  -3.392929e-02  2.317174e-02  9.442447e-03
      vertex  -3.412969e-02  2.351438e-02  9.794507e-03
    endloop
  endfacet
  facet normal  5.139354e-01 -7.977366e-01  3.154151e-01
    outer loop
      vertex  -3.954681e-02  2.011385e-02  1.002061e-02
      vertex  -3.412969e-02  2.351438e-02  9.794507e-03
      vertex  -3.962078e-02  2.026513e-02  1.052376e-02
    endloop
  endfacet
  facet normal  5.139354e-01 -7.977365e-01  3.154156e-01
    outer loop
      vertex  -3.962078e-02  2.026513e-02  1.052376e-02
      vertex  -3.412969e-02  2.351438e-02  9.794507e-03
      vertex  -3.420365e-02  2.366567e-02  1.029765e-02
    endloop
  endfacet
  facet normal  5.147853e-01 -8.334270e-01 -2.009863e-01
    outer loop
      vertex  -3.962078e-02  2.026513e-02  1.052376e-02
      vertex  -3.420365e-02  2.366567e-02  1.029765e-02
      vertex  -3.954849e-02  2.018452e-02  1.104317e-02
    endloop
  endfacet
  facet normal  5.147853e-01 -8.334271e-01 -2.009859e-01
    outer loop
      vertex  -3.954849e-02  2.018452e-02  1.104317e-02
      vertex  -3.420365e-02  2.366567e-02  1.029765e-02
      vertex  -3.413137e-02  2.358506e-02  1.081707e-02
    endloop
  endfacet
  facet normal  3.776976e-01 -6.457998e-01 -6.635414e-01
    outer loop
      vertex  -3.954849e-02  2.018452e-02  1.104317e-02
      vertex  -3.413137e-02  2.358506e-02  1.081707e-02
      vertex  -3.934933e-02  1.989361e-02  1.143968e-02
    endloop
  endfacet
  facet normal  3.776976e-01 -6.457996e-01 -6.635416e-01
    outer loop
      vertex  -3.934933e-02  1.989361e-02  1.143968e-02
      vertex  -3.413137e-02  2.358506e-02  1.081707e-02
      vertex  -3.393220e-02  2.329414e-02  1.121357e-02
    endloop
  endfacet
  facet normal  1.394078e-01 -2.851330e-01 -9.482957e-01
    outer loop
      vertex  -3.934933e-02  1.989361e-02  1.143968e-02
      vertex  -3.393220e-02  2.329414e-02  1.121357e-02
      vertex  -3.907664e-02  1.947034e-02  1.160703e-02
    endloop
  endfacet
  facet normal  1.394088e-01 -2.851343e-01 -9.482951e-01
    outer loop
      vertex  -3.907664e-02  1.947034e-02  1.160703e-02
      vertex  -3.393220e-02  2.329414e-02  1.121357e-02
      vertex  -3.365952e-02  2.287088e-02  1.138092e-02
    endloop
  endfacet
  facet normal -1.362363e-01  1.519349e-01 -9.789563e-01
    outer loop
      vertex  -3.907664e-02  1.947034e-02  1.160703e-02
      vertex  -3.365952e-02  2.287088e-02  1.138092e-02
      vertex  -3.880351e-02  1.902815e-02  1.150039e-02
    endloop
  endfacet
  facet normal -1.362370e-01  1.519358e-01 -9.789561e-01
    outer loop
      vertex  -3.880351e-02  1.902815e-02  1.150039e-02
      vertex  -3.365952e-02  2.287088e-02  1.138092e-02
      vertex  -3.338638e-02  2.242868e-02  1.127428e-02
    endloop
  endfacet
  facet normal -3.753770e-01  5.482935e-01 -7.473060e-01
    outer loop
      vertex  -3.880351e-02  1.902815e-02  1.150039e-02
      vertex  -3.338638e-02  2.242868e-02  1.127428e-02
      vertex  -3.860311e-02  1.868550e-02  1.114833e-02
    endloop
  endfacet
  facet normal -3.753770e-01  5.482937e-01 -7.473059e-01
    outer loop
      vertex  -3.860311e-02  1.868550e-02  1.114833e-02
      vertex  -3.338638e-02  2.242868e-02  1.127428e-02
      vertex  -3.318598e-02  2.208603e-02  1.092222e-02
    endloop
  endfacet
  facet normal -5.139351e-01  7.977366e-01 -3.154156e-01
    outer loop
      vertex  -3.860311e-02  1.868550e-02  1.114833e-02
      vertex  -3.318598e-02  2.208603e-02  1.092222e-02
      vertex  -3.852914e-02  1.853421e-02  1.064519e-02
    endloop
  endfacet
  facet normal -5.139351e-01  7.977366e-01 -3.154157e-01
    outer loop
      vertex  -3.852914e-02  1.853421e-02  1.064519e-02
      vertex  -3.318598e-02  2.208603e-02  1.092222e-02
      vertex  -3.311202e-02  2.193475e-02  1.041908e-02
    endloop
  endfacet
  facet normal -5.147852e-01  8.334272e-01  2.009860e-01
    outer loop
      vertex  -3.852914e-02  1.853421e-02  1.064519e-02
      vertex  -3.311202e-02  2.193475e-02  1.041908e-02
      vertex  -3.860142e-02  1.861482e-02  1.012577e-02
    endloop
  endfacet
  facet normal -5.147848e-01  8.334258e-01  2.009927e-01
    outer loop
      vertex  -3.860142e-02  1.861482e-02  1.012577e-02
      vertex  -3.311202e-02  2.193475e-02  1.041908e-02
      vertex  -3.318430e-02  2.201536e-02  9.899665e-03
    endloop
  endfacet
  facet normal -4.572124e-01  7.591528e-01  4.632966e-01
    outer loop
      vertex  -3.860142e-02  1.861482e-02  1.012577e-02
      vertex  -3.318430e-02  2.201536e-02  9.899665e-03
      vertex  -3.708777e-02  1.958487e-02  1.003004e-02
    endloop
  endfacet
  facet normal -4.166447e-01  7.002444e-01  5.797110e-01
    outer loop
      vertex  -3.708777e-02  1.958487e-02  1.003004e-02
      vertex  -3.318430e-02  2.201536e-02  9.899665e-03
      vertex  -3.704774e-02  1.977781e-02  9.825762e-03
    endloop
  endfacet
  facet normal  4.468074e-01  8.913821e-01  7.616527e-02
    outer loop
      vertex  -3.338951e-02  8.785192e-03  4.593895e-03
      vertex  -3.232240e-02  8.246970e-03  4.632849e-03
      vertex  -3.239468e-02  8.327584e-03  4.113435e-03
    endloop
  endfacet
  facet normal  4.472564e-01  8.725303e-01 -1.966030e-01
    outer loop
      vertex  -3.239636e-02  8.398256e-03  5.135995e-03
      vertex  -3.232240e-02  8.246970e-03  4.632849e-03
      vertex  -3.338951e-02  8.785192e-03  4.593895e-03
    endloop
  endfacet
  facet normal  5.204427e-01  7.407745e-01 -4.247266e-01
    outer loop
      vertex  -3.259676e-02  8.740905e-03  5.488055e-03
      vertex  -3.239636e-02  8.398256e-03  5.135995e-03
      vertex  -3.338951e-02  8.785192e-03  4.593895e-03
    endloop
  endfacet
  facet normal  7.906772e-01  3.709146e-01  4.870850e-01
    outer loop
      vertex  -3.338951e-02  8.785192e-03  4.593895e-03
      vertex  -3.286653e-02  9.041758e-03  3.549577e-03
      vertex  -3.313966e-02  9.483958e-03  3.656218e-03
    endloop
  endfacet
  facet normal  6.450813e-01  6.017746e-01  4.708901e-01
    outer loop
      vertex  -3.259385e-02  8.618496e-03  3.716931e-03
      vertex  -3.286653e-02  9.041758e-03  3.549577e-03
      vertex  -3.338951e-02  8.785192e-03  4.593895e-03
    endloop
  endfacet
  facet normal  5.192156e-01  7.922794e-01  3.204815e-01
    outer loop
      vertex  -3.239468e-02  8.327584e-03  4.113435e-03
      vertex  -3.259385e-02  8.618496e-03  3.716931e-03
      vertex  -3.338951e-02  8.785192e-03  4.593895e-03
    endloop
  endfacet
  facet normal  7.923515e-01  3.005599e-01 -5.308886e-01
    outer loop
      vertex  -3.338951e-02  8.785192e-03  4.593895e-03
      vertex  -3.314258e-02  9.606365e-03  5.427342e-03
      vertex  -3.286989e-02  9.183103e-03  5.594695e-03
    endloop
  endfacet
  facet normal  9.182184e-01  1.100522e-01 -3.804779e-01
    outer loop
      vertex  -3.334174e-02  9.897278e-03  5.030837e-03
      vertex  -3.314258e-02  9.606365e-03  5.427342e-03
      vertex  -3.338951e-02  8.785192e-03  4.593895e-03
    endloop
  endfacet
  facet normal  6.467562e-01  5.314187e-01 -5.470835e-01
    outer loop
      vertex  -3.286989e-02  9.183103e-03  5.594695e-03
      vertex  -3.259676e-02  8.740905e-03  5.488055e-03
      vertex  -3.338951e-02  8.785192e-03  4.593895e-03
    endloop
  endfacet
  facet normal  9.454221e-01  1.244523e-01  3.011457e-01
    outer loop
      vertex  -3.332024e-02  9.300704e-03  4.163380e-03
      vertex  -3.336538e-02  9.293437e-03  4.308094e-03
      vertex  -3.338951e-02  8.785192e-03  4.593895e-03
    endloop
  endfacet
  facet normal  9.982990e-01  1.665858e-02 -5.587026e-02
    outer loop
      vertex  -3.338951e-02  8.785192e-03  4.593895e-03
      vertex  -3.340147e-02  9.367269e-03  4.553646e-03
      vertex  -3.339623e-02  9.451111e-03  4.672434e-03
    endloop
  endfacet
  facet normal  9.858121e-01  2.943322e-02 -1.652523e-01
    outer loop
      vertex  -3.337089e-02  9.662142e-03  4.861161e-03
      vertex  -3.338951e-02  8.785192e-03  4.593895e-03
      vertex  -3.339623e-02  9.451111e-03  4.672434e-03
    endloop
  endfacet
  facet normal  9.901775e-01  2.980046e-02  1.366034e-01
    outer loop
      vertex  -3.336538e-02  9.293437e-03  4.308094e-03
      vertex  -3.340147e-02  9.367269e-03  4.553646e-03
      vertex  -3.338951e-02  8.785192e-03  4.593895e-03
    endloop
  endfacet
  facet normal  9.659807e-01  6.152132e-02 -2.511900e-01
    outer loop
      vertex  -3.335106e-02  9.909939e-03  4.998123e-03
      vertex  -3.334174e-02  9.897278e-03  5.030837e-03
      vertex  -3.337089e-02  9.662142e-03  4.861161e-03
    endloop
  endfacet
  facet normal  9.696254e-01  5.223791e-02 -2.389512e-01
    outer loop
      vertex  -3.337089e-02  9.662142e-03  4.861161e-03
      vertex  -3.334174e-02  9.897278e-03  5.030837e-03
      vertex  -3.338951e-02  8.785192e-03  4.593895e-03
    endloop
  endfacet
  facet normal  8.669254e-01  2.641098e-01  4.227132e-01
    outer loop
      vertex  -3.313966e-02  9.483958e-03  3.656218e-03
      vertex  -3.315626e-02  9.511511e-03  3.673031e-03
      vertex  -3.323112e-02  9.376640e-03  3.910833e-03
    endloop
  endfacet
  facet normal  9.053902e-01  1.938155e-01  3.777620e-01
    outer loop
      vertex  -3.323112e-02  9.376640e-03  3.910833e-03
      vertex  -3.332024e-02  9.300704e-03  4.163380e-03
      vertex  -3.338951e-02  8.785192e-03  4.593895e-03
    endloop
  endfacet
  facet normal  8.728963e-01  2.500775e-01  4.189433e-01
    outer loop
      vertex  -3.313966e-02  9.483958e-03  3.656218e-03
      vertex  -3.323112e-02  9.376640e-03  3.910833e-03
      vertex  -3.338951e-02  8.785192e-03  4.593895e-03
    endloop
  endfacet
  facet normal  2.729744e-01 -3.759748e-01  8.855100e-01
    outer loop
      vertex  -3.163269e-02  1.046791e-02  3.609439e-03
      vertex  -3.315626e-02  9.511511e-03  3.673031e-03
      vertex  -3.313966e-02  9.483958e-03  3.656218e-03
    endloop
  endfacet
  facet normal  3.753764e-01 -5.482922e-01  7.473073e-01
    outer loop
      vertex  -2.792294e-02  1.322714e-02  3.782171e-03
      vertex  -3.158753e-02  1.092674e-02  3.935128e-03
      vertex  -2.772254e-02  1.288449e-02  3.430111e-03
    endloop
  endfacet
  facet normal  4.075652e-01 -6.354368e-01  6.558282e-01
    outer loop
      vertex  -2.772254e-02  1.288449e-02  3.430111e-03
      vertex  -3.158753e-02  1.092674e-02  3.935128e-03
      vertex  -3.161286e-02  1.071571e-02  3.746401e-03
    endloop
  endfacet
  facet normal  5.313588e-01 -8.380712e-01  1.236703e-01
    outer loop
      vertex  -2.799691e-02  1.337843e-02  4.285316e-03
      vertex  -3.166351e-02  1.107715e-02  4.444182e-03
      vertex  -3.161837e-02  1.108441e-02  4.299467e-03
    endloop
  endfacet
  facet normal  5.086477e-01 -8.010339e-01  3.156296e-01
    outer loop
      vertex  -2.799691e-02  1.337843e-02  4.285316e-03
      vertex  -3.161837e-02  1.108441e-02  4.299467e-03
      vertex  -2.792294e-02  1.322714e-02  3.782171e-03
    endloop
  endfacet
  facet normal  5.086478e-01 -8.010340e-01  3.156295e-01
    outer loop
      vertex  -2.792294e-02  1.322714e-02  3.782171e-03
      vertex  -3.161837e-02  1.108441e-02  4.299467e-03
      vertex  -3.158227e-02  1.101058e-02  4.053915e-03
    endloop
  endfacet
  facet normal  4.773653e-01 -7.277042e-01  4.925130e-01
    outer loop
      vertex  -2.792294e-02  1.322714e-02  3.782171e-03
      vertex  -3.158227e-02  1.101058e-02  4.053915e-03
      vertex  -3.158753e-02  1.092674e-02  3.935128e-03
    endloop
  endfacet
  facet normal  5.282502e-01 -8.463553e-01 -6.807661e-02
    outer loop
      vertex  -3.166351e-02  1.107715e-02  4.444182e-03
      vertex  -2.799691e-02  1.337843e-02  4.285316e-03
      vertex  -3.175263e-02  1.100121e-02  4.696729e-03
    endloop
  endfacet
  facet normal  5.081517e-01 -8.375553e-01 -2.007058e-01
    outer loop
      vertex  -3.175263e-02  1.100121e-02  4.696729e-03
      vertex  -2.799691e-02  1.337843e-02  4.285316e-03
      vertex  -2.792462e-02  1.329782e-02  4.804729e-03
    endloop
  endfacet
  facet normal  4.962903e-01 -8.128893e-01 -3.048064e-01
    outer loop
      vertex  -3.175263e-02  1.100121e-02  4.696729e-03
      vertex  -2.792462e-02  1.329782e-02  4.804729e-03
      vertex  -3.182749e-02  1.086634e-02  4.934530e-03
    endloop
  endfacet
  facet normal  4.666000e-01 -7.720019e-01 -4.316219e-01
    outer loop
      vertex  -3.335106e-02  9.909939e-03  4.998123e-03
      vertex  -3.182749e-02  1.086634e-02  4.934530e-03
      vertex  -3.334174e-02  9.897278e-03  5.030837e-03
    endloop
  endfacet
  facet normal  4.666003e-01 -7.720023e-01 -4.316210e-01
    outer loop
      vertex  -3.334174e-02  9.897278e-03  5.030837e-03
      vertex  -3.182749e-02  1.086634e-02  4.934530e-03
      vertex  -2.792462e-02  1.329782e-02  4.804729e-03
    endloop
  endfacet
  facet normal  3.776994e-01 -6.458020e-01 -6.635382e-01
    outer loop
      vertex  -3.334174e-02  9.897278e-03  5.030837e-03
      vertex  -2.792462e-02  1.329782e-02  4.804729e-03
      vertex  -3.314258e-02  9.606365e-03  5.427342e-03
    endloop
  endfacet
  facet normal  3.776983e-01 -6.458008e-01 -6.635400e-01
    outer loop
      vertex  -3.314258e-02  9.606365e-03  5.427342e-03
      vertex  -2.792462e-02  1.329782e-02  4.804729e-03
      vertex  -2.772545e-02  1.300690e-02  5.201235e-03
    endloop
  endfacet
  facet normal  1.394078e-01 -2.851331e-01 -9.482957e-01
    outer loop
      vertex  -3.314258e-02  9.606365e-03  5.427342e-03
      vertex  -2.772545e-02  1.300690e-02  5.201235e-03
      vertex  -3.286989e-02  9.183103e-03  5.594695e-03
    endloop
  endfacet
  facet normal  1.394085e-01 -2.851341e-01 -9.482952e-01
    outer loop
      vertex  -3.286989e-02  9.183103e-03  5.594695e-03
      vertex  -2.772545e-02  1.300690e-02  5.201235e-03
      vertex  -2.745277e-02  1.258364e-02  5.368588e-03
    endloop
  endfacet
  facet normal -1.362362e-01  1.519346e-01 -9.789564e-01
    outer loop
      vertex  -3.286989e-02  9.183103e-03  5.594695e-03
      vertex  -2.745277e-02  1.258364e-02  5.368588e-03
      vertex  -3.259676e-02  8.740905e-03  5.488055e-03
    endloop
  endfacet
  facet normal -1.362367e-01  1.519353e-01 -9.789562e-01
    outer loop
      vertex  -3.259676e-02  8.740905e-03  5.488055e-03
      vertex  -2.745277e-02  1.258364e-02  5.368588e-03
      vertex  -2.717964e-02  1.214144e-02  5.261948e-03
    endloop
  endfacet
  facet normal -3.753772e-01  5.482935e-01 -7.473060e-01
    outer loop
      vertex  -3.259676e-02  8.740905e-03  5.488055e-03
      vertex  -2.717964e-02  1.214144e-02  5.261948e-03
      vertex  -3.239636e-02  8.398256e-03  5.135995e-03
    endloop
  endfacet
  facet normal -3.753765e-01  5.482926e-01 -7.473069e-01
    outer loop
      vertex  -3.239636e-02  8.398256e-03  5.135995e-03
      vertex  -2.717964e-02  1.214144e-02  5.261948e-03
      vertex  -2.697924e-02  1.179879e-02  4.909887e-03
    endloop
  endfacet
  facet normal -5.139353e-01  7.977366e-01 -3.154154e-01
    outer loop
      vertex  -3.239636e-02  8.398256e-03  5.135995e-03
      vertex  -2.697924e-02  1.179879e-02  4.909887e-03
      vertex  -3.232240e-02  8.246970e-03  4.632849e-03
    endloop
  endfacet
  facet normal -5.139352e-01  7.977366e-01 -3.154156e-01
    outer loop
      vertex  -3.232240e-02  8.246970e-03  4.632849e-03
      vertex  -2.697924e-02  1.179879e-02  4.909887e-03
      vertex  -2.690527e-02  1.164751e-02  4.406742e-03
    endloop
  endfacet
  facet normal -5.147852e-01  8.334271e-01  2.009861e-01
    outer loop
      vertex  -3.232240e-02  8.246970e-03  4.632849e-03
      vertex  -2.690527e-02  1.164751e-02  4.406742e-03
      vertex  -3.239468e-02  8.327584e-03  4.113435e-03
    endloop
  endfacet
  facet normal -5.147852e-01  8.334267e-01  2.009879e-01
    outer loop
      vertex  -3.239468e-02  8.327584e-03  4.113435e-03
      vertex  -2.690527e-02  1.164751e-02  4.406742e-03
      vertex  -2.697756e-02  1.172812e-02  3.887328e-03
    endloop
  endfacet
  facet normal -3.776980e-01  6.458001e-01  6.635408e-01
    outer loop
      vertex  -3.239468e-02  8.327584e-03  4.113435e-03
      vertex  -2.697756e-02  1.172812e-02  3.887328e-03
      vertex  -3.259385e-02  8.618496e-03  3.716931e-03
    endloop
  endfacet
  facet normal -3.776986e-01  6.458011e-01  6.635395e-01
    outer loop
      vertex  -3.259385e-02  8.618496e-03  3.716931e-03
      vertex  -2.697756e-02  1.172812e-02  3.887328e-03
      vertex  -2.717672e-02  1.201903e-02  3.490823e-03
    endloop
  endfacet
  facet normal -1.394080e-01  2.851334e-01  9.482955e-01
    outer loop
      vertex  -3.259385e-02  8.618496e-03  3.716931e-03
      vertex  -2.717672e-02  1.201903e-02  3.490823e-03
      vertex  -3.286653e-02  9.041758e-03  3.549577e-03
    endloop
  endfacet
  facet normal -1.394080e-01  2.851334e-01  9.482955e-01
    outer loop
      vertex  -3.286653e-02  9.041758e-03  3.549577e-03
      vertex  -2.717672e-02  1.201903e-02  3.490823e-03
      vertex  -2.744941e-02  1.244230e-02  3.323470e-03
    endloop
  endfacet
  facet normal  1.362365e-01 -1.519351e-01  9.789562e-01
    outer loop
      vertex  -3.286653e-02  9.041758e-03  3.549577e-03
      vertex  -2.744941e-02  1.244230e-02  3.323470e-03
      vertex  -3.313966e-02  9.483958e-03  3.656218e-03
    endloop
  endfacet
  facet normal  1.362367e-01 -1.519355e-01  9.789562e-01
    outer loop
      vertex  -3.313966e-02  9.483958e-03  3.656218e-03
      vertex  -2.744941e-02  1.244230e-02  3.323470e-03
      vertex  -2.772254e-02  1.288449e-02  3.430111e-03
    endloop
  endfacet
  facet normal  2.729734e-01 -3.759731e-01  8.855110e-01
    outer loop
      vertex  -3.313966e-02  9.483958e-03  3.656218e-03
      vertex  -2.772254e-02  1.288449e-02  3.430111e-03
      vertex  -3.163269e-02  1.046791e-02  3.609439e-03
    endloop
  endfacet
  facet normal  3.318507e-01 -4.765375e-01  8.141174e-01
    outer loop
      vertex  -3.163269e-02  1.046791e-02  3.609439e-03
      vertex  -2.772254e-02  1.288449e-02  3.430111e-03
      vertex  -3.161286e-02  1.071571e-02  3.746401e-03
    endloop
  endfacet
  facet normal  4.468075e-01  8.913821e-01  7.616542e-02
    outer loop
      vertex  -3.694751e-02  1.365491e-02 -7.411343e-03
      vertex  -3.588039e-02  1.311668e-02 -7.372389e-03
      vertex  -3.595268e-02  1.319730e-02 -7.891802e-03
    endloop
  endfacet
  facet normal  4.472563e-01  8.725303e-01 -1.966030e-01
    outer loop
      vertex  -3.595436e-02  1.326797e-02 -6.869243e-03
      vertex  -3.588039e-02  1.311668e-02 -7.372389e-03
      vertex  -3.694751e-02  1.365491e-02 -7.411343e-03
    endloop
  endfacet
  facet normal  5.204427e-01  7.407742e-01 -4.247270e-01
    outer loop
      vertex  -3.615476e-02  1.361062e-02 -6.517184e-03
      vertex  -3.595436e-02  1.326797e-02 -6.869243e-03
      vertex  -3.694751e-02  1.365491e-02 -7.411343e-03
    endloop
  endfacet
  facet normal  7.906768e-01  3.709156e-01  4.870851e-01
    outer loop
      vertex  -3.694751e-02  1.365491e-02 -7.411343e-03
      vertex  -3.642453e-02  1.391147e-02 -8.455661e-03
      vertex  -3.669766e-02  1.435367e-02 -8.349021e-03
    endloop
  endfacet
  facet normal  6.450813e-01  6.017743e-01  4.708904e-01
    outer loop
      vertex  -3.615185e-02  1.348821e-02 -8.288308e-03
      vertex  -3.642453e-02  1.391147e-02 -8.455661e-03
      vertex  -3.694751e-02  1.365491e-02 -7.411343e-03
    endloop
  endfacet
  facet normal  5.192156e-01  7.922791e-01  3.204822e-01
    outer loop
      vertex  -3.595268e-02  1.319730e-02 -7.891802e-03
      vertex  -3.615185e-02  1.348821e-02 -8.288308e-03
      vertex  -3.694751e-02  1.365491e-02 -7.411343e-03
    endloop
  endfacet
  facet normal  9.906259e-01  1.095024e-02 -1.361635e-01
    outer loop
      vertex  -3.694751e-02  1.365491e-02 -7.411343e-03
      vertex  -3.697203e-02  1.484761e-02 -7.493815e-03
      vertex  -3.689974e-02  1.476699e-02 -6.974401e-03
    endloop
  endfacet
  facet normal  9.901777e-01  2.980197e-02  1.366016e-01
    outer loop
      vertex  -3.689806e-02  1.469632e-02 -7.996961e-03
      vertex  -3.697203e-02  1.484761e-02 -7.493815e-03
      vertex  -3.694751e-02  1.365491e-02 -7.411343e-03
    endloop
  endfacet
  facet normal  9.169915e-01  1.615582e-01  3.647267e-01
    outer loop
      vertex  -3.669766e-02  1.435367e-02 -8.349021e-03
      vertex  -3.689806e-02  1.469632e-02 -7.996961e-03
      vertex  -3.694751e-02  1.365491e-02 -7.411343e-03
    endloop
  endfacet
  facet normal  8.887130e-01  1.663621e-01 -4.272152e-01
    outer loop
      vertex  -3.686370e-02  1.420163e-02 -7.024094e-03
      vertex  -3.682700e-02  1.405567e-02 -7.004593e-03
      vertex  -3.694751e-02  1.365491e-02 -7.411343e-03
    endloop
  endfacet
  facet normal  6.952676e-01  4.667668e-01 -5.465637e-01
    outer loop
      vertex  -3.694751e-02  1.365491e-02 -7.411343e-03
      vertex  -3.669392e-02  1.384910e-02 -6.922919e-03
      vertex  -3.658992e-02  1.377217e-02 -6.856327e-03
    endloop
  endfacet
  facet normal  6.376955e-01  5.597941e-01 -5.291266e-01
    outer loop
      vertex  -3.637478e-02  1.367896e-02 -6.695648e-03
      vertex  -3.694751e-02  1.365491e-02 -7.411343e-03
      vertex  -3.658992e-02  1.377217e-02 -6.856327e-03
    endloop
  endfacet
  facet normal  7.923530e-01  3.005590e-01 -5.308871e-01
    outer loop
      vertex  -3.682700e-02  1.405567e-02 -7.004593e-03
      vertex  -3.669392e-02  1.384910e-02 -6.922919e-03
      vertex  -3.694751e-02  1.365491e-02 -7.411343e-03
    endloop
  endfacet
  facet normal  5.959454e-01  6.350166e-01 -4.915315e-01
    outer loop
      vertex  -3.617169e-02  1.363864e-02 -6.501518e-03
      vertex  -3.615476e-02  1.361062e-02 -6.517184e-03
      vertex  -3.637478e-02  1.367896e-02 -6.695648e-03
    endloop
  endfacet
  facet normal  6.001925e-01  6.233116e-01 -5.012499e-01
    outer loop
      vertex  -3.637478e-02  1.367896e-02 -6.695648e-03
      vertex  -3.615476e-02  1.361062e-02 -6.517184e-03
      vertex  -3.694751e-02  1.365491e-02 -7.411343e-03
    endloop
  endfacet
  facet normal  9.611927e-01  6.807456e-02 -2.673472e-01
    outer loop
      vertex  -3.689974e-02  1.476699e-02 -6.974401e-03
      vertex  -3.688984e-02  1.475335e-02 -6.942262e-03
      vertex  -3.688965e-02  1.447850e-02 -7.011577e-03
    endloop
  endfacet
  facet normal  9.320899e-01  1.030742e-01 -3.472523e-01
    outer loop
      vertex  -3.688965e-02  1.447850e-02 -7.011577e-03
      vertex  -3.686370e-02  1.420163e-02 -7.024094e-03
      vertex  -3.694751e-02  1.365491e-02 -7.411343e-03
    endloop
  endfacet
  facet normal  9.567530e-01  6.985757e-02 -2.823891e-01
    outer loop
      vertex  -3.689974e-02  1.476699e-02 -6.974401e-03
      vertex  -3.688965e-02  1.447850e-02 -7.011577e-03
      vertex  -3.694751e-02  1.365491e-02 -7.411343e-03
    endloop
  endfacet
  facet normal  4.572303e-01 -7.591780e-01 -4.632376e-01
    outer loop
      vertex  -3.536627e-02  1.570975e-02 -7.005855e-03
      vertex  -3.688984e-02  1.475335e-02 -6.942262e-03
      vertex  -3.689974e-02  1.476699e-02 -6.974401e-03
    endloop
  endfacet
  facet normal  3.776985e-01 -6.458009e-01 -6.635396e-01
    outer loop
      vertex  -3.128345e-02  1.787662e-02 -6.804003e-03
      vertex  -3.494804e-02  1.557621e-02 -6.651046e-03
      vertex  -3.148262e-02  1.816753e-02 -7.200508e-03
    endloop
  endfacet
  facet normal  3.126178e-01 -5.779157e-01 -7.538458e-01
    outer loop
      vertex  -3.148262e-02  1.816753e-02 -7.200508e-03
      vertex  -3.494804e-02  1.557621e-02 -6.651046e-03
      vertex  -3.516319e-02  1.566943e-02 -6.811725e-03
    endloop
  endfacet
  facet normal  3.617707e-02 -1.233992e-01 -9.916975e-01
    outer loop
      vertex  -3.101077e-02  1.745336e-02 -6.636650e-03
      vertex  -3.467427e-02  1.514676e-02 -6.483279e-03
      vertex  -3.471097e-02  1.529272e-02 -6.502780e-03
    endloop
  endfacet
  facet normal  1.341278e-01 -2.884408e-01 -9.480568e-01
    outer loop
      vertex  -3.101077e-02  1.745336e-02 -6.636650e-03
      vertex  -3.471097e-02  1.529272e-02 -6.502780e-03
      vertex  -3.128345e-02  1.787662e-02 -6.804003e-03
    endloop
  endfacet
  facet normal  1.341280e-01 -2.884411e-01 -9.480567e-01
    outer loop
      vertex  -3.128345e-02  1.787662e-02 -6.804003e-03
      vertex  -3.471097e-02  1.529272e-02 -6.502780e-03
      vertex  -3.484404e-02  1.549929e-02 -6.584454e-03
    endloop
  endfacet
  facet normal  2.359780e-01 -4.337379e-01 -8.695894e-01
    outer loop
      vertex  -3.128345e-02  1.787662e-02 -6.804003e-03
      vertex  -3.484404e-02  1.549929e-02 -6.584454e-03
      vertex  -3.494804e-02  1.557621e-02 -6.651046e-03
    endloop
  endfacet
  facet normal -6.621432e-02  3.886980e-02 -9.970481e-01
    outer loop
      vertex  -3.467427e-02  1.514676e-02 -6.483279e-03
      vertex  -3.101077e-02  1.745336e-02 -6.636650e-03
      vertex  -3.464831e-02  1.486988e-02 -6.495796e-03
    endloop
  endfacet
  facet normal -1.428495e-01  1.477756e-01 -9.786503e-01
    outer loop
      vertex  -3.464831e-02  1.486988e-02 -6.495796e-03
      vertex  -3.101077e-02  1.745336e-02 -6.636650e-03
      vertex  -3.073764e-02  1.701116e-02 -6.743290e-03
    endloop
  endfacet
  facet normal -1.915798e-01  2.398873e-01 -9.517096e-01
    outer loop
      vertex  -3.464831e-02  1.486988e-02 -6.495796e-03
      vertex  -3.073764e-02  1.701116e-02 -6.743290e-03
      vertex  -3.464813e-02  1.459504e-02 -6.565111e-03
    endloop
  endfacet
  facet normal -2.566096e-01  3.488510e-01 -9.013625e-01
    outer loop
      vertex  -3.617169e-02  1.363864e-02 -6.501518e-03
      vertex  -3.464813e-02  1.459504e-02 -6.565111e-03
      vertex  -3.615476e-02  1.361062e-02 -6.517184e-03
    endloop
  endfacet
  facet normal -2.566093e-01  3.488506e-01 -9.013629e-01
    outer loop
      vertex  -3.615476e-02  1.361062e-02 -6.517184e-03
      vertex  -3.464813e-02  1.459504e-02 -6.565111e-03
      vertex  -3.073764e-02  1.701116e-02 -6.743290e-03
    endloop
  endfacet
  facet normal -3.753769e-01  5.482931e-01 -7.473065e-01
    outer loop
      vertex  -3.615476e-02  1.361062e-02 -6.517184e-03
      vertex  -3.073764e-02  1.701116e-02 -6.743290e-03
      vertex  -3.595436e-02  1.326797e-02 -6.869243e-03
    endloop
  endfacet
  facet normal -3.753772e-01  5.482935e-01 -7.473060e-01
    outer loop
      vertex  -3.595436e-02  1.326797e-02 -6.869243e-03
      vertex  -3.073764e-02  1.701116e-02 -6.743290e-03
      vertex  -3.053724e-02  1.666851e-02 -7.095351e-03
    endloop
  endfacet
  facet normal -5.139354e-01  7.977365e-01 -3.154154e-01
    outer loop
      vertex  -3.595436e-02  1.326797e-02 -6.869243e-03
      vertex  -3.053724e-02  1.666851e-02 -7.095351e-03
      vertex  -3.588039e-02  1.311668e-02 -7.372389e-03
    endloop
  endfacet
  facet normal -5.139350e-01  7.977360e-01 -3.154173e-01
    outer loop
      vertex  -3.588039e-02  1.311668e-02 -7.372389e-03
      vertex  -3.053724e-02  1.666851e-02 -7.095351e-03
      vertex  -3.046327e-02  1.651722e-02 -7.598497e-03
    endloop
  endfacet
  facet normal -5.147852e-01  8.334270e-01  2.009865e-01
    outer loop
      vertex  -3.588039e-02  1.311668e-02 -7.372389e-03
      vertex  -3.046327e-02  1.651722e-02 -7.598497e-03
      vertex  -3.595268e-02  1.319730e-02 -7.891802e-03
    endloop
  endfacet
  facet normal -5.147851e-01  8.334267e-01  2.009882e-01
    outer loop
      vertex  -3.595268e-02  1.319730e-02 -7.891802e-03
      vertex  -3.046327e-02  1.651722e-02 -7.598497e-03
      vertex  -3.053555e-02  1.659784e-02 -8.117910e-03
    endloop
  endfacet
  facet normal -3.776981e-01  6.458004e-01  6.635405e-01
    outer loop
      vertex  -3.595268e-02  1.319730e-02 -7.891802e-03
      vertex  -3.053555e-02  1.659784e-02 -8.117910e-03
      vertex  -3.615185e-02  1.348821e-02 -8.288308e-03
    endloop
  endfacet
  facet normal -3.776985e-01  6.458011e-01  6.635396e-01
    outer loop
      vertex  -3.615185e-02  1.348821e-02 -8.288308e-03
      vertex  -3.053555e-02  1.659784e-02 -8.117910e-03
      vertex  -3.073472e-02  1.688875e-02 -8.514415e-03
    endloop
  endfacet
  facet normal -1.394078e-01  2.851331e-01  9.482957e-01
    outer loop
      vertex  -3.615185e-02  1.348821e-02 -8.288308e-03
      vertex  -3.073472e-02  1.688875e-02 -8.514415e-03
      vertex  -3.642453e-02  1.391147e-02 -8.455661e-03
    endloop
  endfacet
  facet normal -1.394077e-01  2.851331e-01  9.482957e-01
    outer loop
      vertex  -3.642453e-02  1.391147e-02 -8.455661e-03
      vertex  -3.073472e-02  1.688875e-02 -8.514415e-03
      vertex  -3.100741e-02  1.731201e-02 -8.681769e-03
    endloop
  endfacet
  facet normal  1.362363e-01 -1.519346e-01  9.789564e-01
    outer loop
      vertex  -3.642453e-02  1.391147e-02 -8.455661e-03
      vertex  -3.100741e-02  1.731201e-02 -8.681769e-03
      vertex  -3.669766e-02  1.435367e-02 -8.349021e-03
    endloop
  endfacet
  facet normal  1.362361e-01 -1.519343e-01  9.789565e-01
    outer loop
      vertex  -3.669766e-02  1.435367e-02 -8.349021e-03
      vertex  -3.100741e-02  1.731201e-02 -8.681769e-03
      vertex  -3.128054e-02  1.775421e-02 -8.575128e-03
    endloop
  endfacet
  facet normal  3.753772e-01 -5.482935e-01  7.473060e-01
    outer loop
      vertex  -3.669766e-02  1.435367e-02 -8.349021e-03
      vertex  -3.128054e-02  1.775421e-02 -8.575128e-03
      vertex  -3.689806e-02  1.469632e-02 -7.996961e-03
    endloop
  endfacet
  facet normal  3.753771e-01 -5.482934e-01  7.473061e-01
    outer loop
      vertex  -3.689806e-02  1.469632e-02 -7.996961e-03
      vertex  -3.128054e-02  1.775421e-02 -8.575128e-03
      vertex  -3.148094e-02  1.809686e-02 -8.223068e-03
    endloop
  endfacet
  facet normal  5.139354e-01 -7.977365e-01  3.154154e-01
    outer loop
      vertex  -3.689806e-02  1.469632e-02 -7.996961e-03
      vertex  -3.148094e-02  1.809686e-02 -8.223068e-03
      vertex  -3.697203e-02  1.484761e-02 -7.493815e-03
    endloop
  endfacet
  facet normal  5.139355e-01 -7.977375e-01  3.154130e-01
    outer loop
      vertex  -3.697203e-02  1.484761e-02 -7.493815e-03
      vertex  -3.148094e-02  1.809686e-02 -8.223068e-03
      vertex  -3.155490e-02  1.824814e-02 -7.719922e-03
    endloop
  endfacet
  facet normal  5.147845e-01 -8.334264e-01 -2.009913e-01
    outer loop
      vertex  -3.697203e-02  1.484761e-02 -7.493815e-03
      vertex  -3.155490e-02  1.824814e-02 -7.719922e-03
      vertex  -3.689974e-02  1.476699e-02 -6.974401e-03
    endloop
  endfacet
  facet normal  5.147856e-01 -8.334270e-01 -2.009859e-01
    outer loop
      vertex  -3.689974e-02  1.476699e-02 -6.974401e-03
      vertex  -3.155490e-02  1.824814e-02 -7.719922e-03
      vertex  -3.148262e-02  1.816753e-02 -7.200508e-03
    endloop
  endfacet
  facet normal  4.572296e-01 -7.591769e-01 -4.632403e-01
    outer loop
      vertex  -3.689974e-02  1.476699e-02 -6.974401e-03
      vertex  -3.148262e-02  1.816753e-02 -7.200508e-03
      vertex  -3.536627e-02  1.570975e-02 -7.005855e-03
    endloop
  endfacet
  facet normal  4.148222e-01 -7.013856e-01 -5.796384e-01
    outer loop
      vertex  -3.536627e-02  1.570975e-02 -7.005855e-03
      vertex  -3.148262e-02  1.816753e-02 -7.200508e-03
      vertex  -3.516319e-02  1.566943e-02 -6.811725e-03
    endloop
  endfacet
  facet normal  7.906765e-01  3.709159e-01  4.870854e-01
    outer loop
      vertex  -4.315425e-02  2.394215e-02 -1.399007e-03
      vertex  -4.263128e-02  2.419871e-02 -2.443325e-03
      vertex  -4.290441e-02  2.464091e-02 -2.336685e-03
    endloop
  endfacet
  facet normal  6.450809e-01  6.017745e-01  4.708908e-01
    outer loop
      vertex  -4.235859e-02  2.377545e-02 -2.275972e-03
      vertex  -4.263128e-02  2.419871e-02 -2.443325e-03
      vertex  -4.315425e-02  2.394215e-02 -1.399007e-03
    endloop
  endfacet
  facet normal  5.192172e-01  7.922770e-01  3.204850e-01
    outer loop
      vertex  -4.215943e-02  2.348454e-02 -1.879466e-03
      vertex  -4.235859e-02  2.377545e-02 -2.275972e-03
      vertex  -4.315425e-02  2.394215e-02 -1.399007e-03
    endloop
  endfacet
  facet normal  9.906268e-01  1.095076e-02 -1.361564e-01
    outer loop
      vertex  -4.315425e-02  2.394215e-02 -1.399007e-03
      vertex  -4.317877e-02  2.513485e-02 -1.481479e-03
      vertex  -4.310649e-02  2.505423e-02 -9.620651e-04
    endloop
  endfacet
  facet normal  9.901777e-01  2.980196e-02  1.366017e-01
    outer loop
      vertex  -4.310481e-02  2.498356e-02 -1.984624e-03
      vertex  -4.317877e-02  2.513485e-02 -1.481479e-03
      vertex  -4.315425e-02  2.394215e-02 -1.399007e-03
    endloop
  endfacet
  facet normal  9.169915e-01  1.615581e-01  3.647268e-01
    outer loop
      vertex  -4.290441e-02  2.464091e-02 -2.336685e-03
      vertex  -4.310481e-02  2.498356e-02 -1.984624e-03
      vertex  -4.315425e-02  2.394215e-02 -1.399007e-03
    endloop
  endfacet
  facet normal  6.467561e-01  5.314183e-01 -5.470843e-01
    outer loop
      vertex  -4.315425e-02  2.394215e-02 -1.399007e-03
      vertex  -4.263464e-02  2.434006e-02 -3.982068e-04
      vertex  -4.236151e-02  2.389786e-02 -5.048474e-04
    endloop
  endfacet
  facet normal  7.923515e-01  3.005595e-01 -5.308890e-01
    outer loop
      vertex  -4.290732e-02  2.476332e-02 -5.655601e-04
      vertex  -4.263464e-02  2.434006e-02 -3.982068e-04
      vertex  -4.315425e-02  2.394215e-02 -1.399007e-03
    endloop
  endfacet
  facet normal  9.182160e-01  1.100571e-01 -3.804824e-01
    outer loop
      vertex  -4.310649e-02  2.505423e-02 -9.620651e-04
      vertex  -4.290732e-02  2.476332e-02 -5.655601e-04
      vertex  -4.315425e-02  2.394215e-02 -1.399007e-03
    endloop
  endfacet
  facet normal  5.031856e-01  7.848741e-01 -3.616307e-01
    outer loop
      vertex  -4.263483e-02  2.379618e-02 -9.930640e-04
      vertex  -4.266957e-02  2.375331e-02 -1.134444e-03
      vertex  -4.315425e-02  2.394215e-02 -1.399007e-03
    endloop
  endfacet
  facet normal  4.504611e-01  8.927844e-01 -4.572056e-03
    outer loop
      vertex  -4.315425e-02  2.394215e-02 -1.399007e-03
      vertex  -4.263347e-02  2.367948e-02 -1.379996e-03
      vertex  -4.256289e-02  2.364324e-02 -1.501949e-03
    endloop
  endfacet
  facet normal  4.630817e-01  8.801041e-01  1.047481e-01
    outer loop
      vertex  -4.237339e-02  2.356706e-02 -1.699643e-03
      vertex  -4.315425e-02  2.394215e-02 -1.399007e-03
      vertex  -4.256289e-02  2.364324e-02 -1.501949e-03
    endloop
  endfacet
  facet normal  4.472559e-01  8.725315e-01 -1.965988e-01
    outer loop
      vertex  -4.266957e-02  2.375331e-02 -1.134444e-03
      vertex  -4.263347e-02  2.367948e-02 -1.379996e-03
      vertex  -4.315425e-02  2.394215e-02 -1.399007e-03
    endloop
  endfacet
  facet normal  4.884769e-01  8.515434e-01  1.904319e-01
    outer loop
      vertex  -4.215011e-02  2.347188e-02 -1.846753e-03
      vertex  -4.215943e-02  2.348454e-02 -1.879466e-03
      vertex  -4.237339e-02  2.356706e-02 -1.699643e-03
    endloop
  endfacet
  facet normal  4.810020e-01  8.583762e-01  1.784020e-01
    outer loop
      vertex  -4.237339e-02  2.356706e-02 -1.699643e-03
      vertex  -4.215943e-02  2.348454e-02 -1.879466e-03
      vertex  -4.315425e-02  2.394215e-02 -1.399007e-03
    endloop
  endfacet
  facet normal  5.876041e-01  6.488434e-01 -4.834496e-01
    outer loop
      vertex  -4.236151e-02  2.389786e-02 -5.048474e-04
      vertex  -4.234491e-02  2.387031e-02 -5.216610e-04
      vertex  -4.251285e-02  2.385276e-02 -7.493281e-04
    endloop
  endfacet
  facet normal  5.436528e-01  7.158104e-01 -4.382432e-01
    outer loop
      vertex  -4.251285e-02  2.385276e-02 -7.493281e-04
      vertex  -4.263483e-02  2.379618e-02 -9.930640e-04
      vertex  -4.315425e-02  2.394215e-02 -1.399007e-03
    endloop
  endfacet
  facet normal  5.777355e-01  6.605335e-01 -4.794968e-01
    outer loop
      vertex  -4.236151e-02  2.389786e-02 -5.048474e-04
      vertex  -4.251285e-02  2.385276e-02 -7.493281e-04
      vertex  -4.315425e-02  2.394215e-02 -1.399007e-03
    endloop
  endfacet
  facet normal -2.729698e-01  3.759667e-01 -8.855149e-01
    outer loop
      vertex  -4.082135e-02  2.482671e-02 -5.852536e-04
      vertex  -4.234491e-02  2.387031e-02 -5.216610e-04
      vertex  -4.236151e-02  2.389786e-02 -5.048474e-04
    endloop
  endfacet
  facet normal -3.753759e-01  5.482916e-01 -7.473081e-01
    outer loop
      vertex  -3.674398e-02  2.695575e-02 -1.083015e-03
      vertex  -4.040857e-02  2.465535e-02 -9.300573e-04
      vertex  -3.694439e-02  2.729840e-02 -7.309546e-04
    endloop
  endfacet
  facet normal -4.343532e-01  6.186167e-01 -6.547141e-01
    outer loop
      vertex  -3.694439e-02  2.729840e-02 -7.309546e-04
      vertex  -4.040857e-02  2.465535e-02 -9.300573e-04
      vertex  -4.059807e-02  2.473152e-02 -7.323631e-04
    endloop
  endfacet
  facet normal -5.312052e-01  8.381680e-01 -1.236748e-01
    outer loop
      vertex  -3.667002e-02  2.680446e-02 -1.586160e-03
      vertex  -4.033662e-02  2.450240e-02 -1.438942e-03
      vertex  -4.030189e-02  2.454528e-02 -1.297562e-03
    endloop
  endfacet
  facet normal -5.192032e-01  7.944089e-01 -3.151864e-01
    outer loop
      vertex  -3.667002e-02  2.680446e-02 -1.586160e-03
      vertex  -4.030189e-02  2.454528e-02 -1.297562e-03
      vertex  -3.674398e-02  2.695575e-02 -1.083015e-03
    endloop
  endfacet
  facet normal -5.192021e-01  7.944078e-01 -3.151913e-01
    outer loop
      vertex  -3.674398e-02  2.695575e-02 -1.083015e-03
      vertex  -4.030189e-02  2.454528e-02 -1.297562e-03
      vertex  -4.033799e-02  2.461911e-02 -1.052010e-03
    endloop
  endfacet
  facet normal -4.773689e-01  7.277111e-01 -4.924993e-01
    outer loop
      vertex  -3.674398e-02  2.695575e-02 -1.083015e-03
      vertex  -4.033799e-02  2.461911e-02 -1.052010e-03
      vertex  -4.040857e-02  2.465535e-02 -9.300573e-04
    endloop
  endfacet
  facet normal -5.285345e-01  8.461772e-01  6.808452e-02
    outer loop
      vertex  -4.033662e-02  2.450240e-02 -1.438942e-03
      vertex  -3.667002e-02  2.680446e-02 -1.586160e-03
      vertex  -4.045860e-02  2.444582e-02 -1.682678e-03
    endloop
  endfacet
  facet normal -5.213869e-01  8.292467e-01  2.012601e-01
    outer loop
      vertex  -4.045860e-02  2.444582e-02 -1.682678e-03
      vertex  -3.667002e-02  2.680446e-02 -1.586160e-03
      vertex  -3.674230e-02  2.688508e-02 -2.105574e-03
    endloop
  endfacet
  facet normal -4.981100e-01  8.117480e-01  3.048795e-01
    outer loop
      vertex  -4.045860e-02  2.444582e-02 -1.682678e-03
      vertex  -3.674230e-02  2.688508e-02 -2.105574e-03
      vertex  -4.062654e-02  2.442828e-02 -1.910345e-03
    endloop
  endfacet
  facet normal -4.665920e-01  7.719912e-01  4.316497e-01
    outer loop
      vertex  -4.215011e-02  2.347188e-02 -1.846753e-03
      vertex  -4.062654e-02  2.442828e-02 -1.910345e-03
      vertex  -4.215943e-02  2.348454e-02 -1.879466e-03
    endloop
  endfacet
  facet normal -4.665929e-01  7.719925e-01  4.316465e-01
    outer loop
      vertex  -4.215943e-02  2.348454e-02 -1.879466e-03
      vertex  -4.062654e-02  2.442828e-02 -1.910345e-03
      vertex  -3.674230e-02  2.688508e-02 -2.105574e-03
    endloop
  endfacet
  facet normal -3.776989e-01  6.458015e-01  6.635389e-01
    outer loop
      vertex  -4.215943e-02  2.348454e-02 -1.879466e-03
      vertex  -3.674230e-02  2.688508e-02 -2.105574e-03
      vertex  -4.235859e-02  2.377545e-02 -2.275972e-03
    endloop
  endfacet
  facet normal -3.776996e-01  6.458028e-01  6.635373e-01
    outer loop
      vertex  -4.235859e-02  2.377545e-02 -2.275972e-03
      vertex  -3.674230e-02  2.688508e-02 -2.105574e-03
      vertex  -3.694147e-02  2.717599e-02 -2.502079e-03
    endloop
  endfacet
  facet normal -1.394080e-01  2.851334e-01  9.482955e-01
    outer loop
      vertex  -4.235859e-02  2.377545e-02 -2.275972e-03
      vertex  -3.694147e-02  2.717599e-02 -2.502079e-03
      vertex  -4.263128e-02  2.419871e-02 -2.443325e-03
    endloop
  endfacet
  facet normal -1.394079e-01  2.851334e-01  9.482955e-01
    outer loop
      vertex  -4.263128e-02  2.419871e-02 -2.443325e-03
      vertex  -3.694147e-02  2.717599e-02 -2.502079e-03
      vertex  -3.721415e-02  2.759925e-02 -2.669432e-03
    endloop
  endfacet
  facet normal  1.362365e-01 -1.519352e-01  9.789562e-01
    outer loop
      vertex  -4.263128e-02  2.419871e-02 -2.443325e-03
      vertex  -3.721415e-02  2.759925e-02 -2.669432e-03
      vertex  -4.290441e-02  2.464091e-02 -2.336685e-03
    endloop
  endfacet
  facet normal  1.362363e-01 -1.519347e-01  9.789564e-01
    outer loop
      vertex  -4.290441e-02  2.464091e-02 -2.336685e-03
      vertex  -3.721415e-02  2.759925e-02 -2.669432e-03
      vertex  -3.748729e-02  2.804145e-02 -2.562792e-03
    endloop
  endfacet
  facet normal  3.753771e-01 -5.482935e-01  7.473059e-01
    outer loop
      vertex  -4.290441e-02  2.464091e-02 -2.336685e-03
      vertex  -3.748729e-02  2.804145e-02 -2.562792e-03
      vertex  -4.310481e-02  2.498356e-02 -1.984624e-03
    endloop
  endfacet
  facet normal  3.753771e-01 -5.482934e-01  7.473061e-01
    outer loop
      vertex  -4.310481e-02  2.498356e-02 -1.984624e-03
      vertex  -3.748729e-02  2.804145e-02 -2.562792e-03
      vertex  -3.768769e-02  2.838410e-02 -2.210732e-03
    endloop
  endfacet
  facet normal  5.139353e-01 -7.977365e-01  3.154155e-01
    outer loop
      vertex  -4.310481e-02  2.498356e-02 -1.984624e-03
      vertex  -3.768769e-02  2.838410e-02 -2.210732e-03
      vertex  -4.317877e-02  2.513485e-02 -1.481479e-03
    endloop
  endfacet
  facet normal  5.139353e-01 -7.977365e-01  3.154155e-01
    outer loop
      vertex  -4.317877e-02  2.513485e-02 -1.481479e-03
      vertex  -3.768769e-02  2.838410e-02 -2.210732e-03
      vertex  -3.776165e-02  2.853538e-02 -1.707586e-03
    endloop
  endfacet
  facet normal  5.147854e-01 -8.334270e-01 -2.009862e-01
    outer loop
      vertex  -4.317877e-02  2.513485e-02 -1.481479e-03
      vertex  -3.776165e-02  2.853538e-02 -1.707586e-03
      vertex  -4.310649e-02  2.505423e-02 -9.620651e-04
    endloop
  endfacet
  facet normal  5.147854e-01 -8.334271e-01 -2.009858e-01
    outer loop
      vertex  -4.310649e-02  2.505423e-02 -9.620651e-04
      vertex  -3.776165e-02  2.853538e-02 -1.707586e-03
      vertex  -3.768937e-02  2.845477e-02 -1.188172e-03
    endloop
  endfacet
  facet normal  3.776985e-01 -6.458010e-01 -6.635396e-01
    outer loop
      vertex  -4.310649e-02  2.505423e-02 -9.620651e-04
      vertex  -3.768937e-02  2.845477e-02 -1.188172e-03
      vertex  -4.290732e-02  2.476332e-02 -5.655601e-04
    endloop
  endfacet
  facet normal  3.776976e-01 -6.457999e-01 -6.635413e-01
    outer loop
      vertex  -4.290732e-02  2.476332e-02 -5.655601e-04
      vertex  -3.768937e-02  2.845477e-02 -1.188172e-03
      vertex  -3.749020e-02  2.816386e-02 -7.916673e-04
    endloop
  endfacet
  facet normal  1.394079e-01 -2.851334e-01 -9.482955e-01
    outer loop
      vertex  -4.290732e-02  2.476332e-02 -5.655601e-04
      vertex  -3.749020e-02  2.816386e-02 -7.916673e-04
      vertex  -4.263464e-02  2.434006e-02 -3.982068e-04
    endloop
  endfacet
  facet normal  1.394080e-01 -2.851335e-01 -9.482955e-01
    outer loop
      vertex  -4.263464e-02  2.434006e-02 -3.982068e-04
      vertex  -3.749020e-02  2.816386e-02 -7.916673e-04
      vertex  -3.721752e-02  2.774060e-02 -6.243140e-04
    endloop
  endfacet
  facet normal -1.362365e-01  1.519351e-01 -9.789562e-01
    outer loop
      vertex  -4.263464e-02  2.434006e-02 -3.982068e-04
      vertex  -3.721752e-02  2.774060e-02 -6.243140e-04
      vertex  -4.236151e-02  2.389786e-02 -5.048474e-04
    endloop
  endfacet
  facet normal -1.362371e-01  1.519360e-01 -9.789560e-01
    outer loop
      vertex  -4.236151e-02  2.389786e-02 -5.048474e-04
      vertex  -3.721752e-02  2.774060e-02 -6.243140e-04
      vertex  -3.694439e-02  2.729840e-02 -7.309546e-04
    endloop
  endfacet
  facet normal -2.729701e-01  3.759672e-01 -8.855145e-01
    outer loop
      vertex  -4.236151e-02  2.389786e-02 -5.048474e-04
      vertex  -3.694439e-02  2.729840e-02 -7.309546e-04
      vertex  -4.082135e-02  2.482671e-02 -5.852536e-04
    endloop
  endfacet
  facet normal -3.336736e-01  4.753969e-01 -8.140391e-01
    outer loop
      vertex  -4.082135e-02  2.482671e-02 -5.852536e-04
      vertex  -3.694439e-02  2.729840e-02 -7.309546e-04
      vertex  -4.059807e-02  2.473152e-02 -7.323631e-04
    endloop
  endfacet
  facet normal -6.062185e-01 -3.047802e-01  7.345803e-01
    outer loop
      vertex  -4.181969e-02  1.449940e-02 -1.498753e-03
      vertex  -4.191234e-02  1.445241e-02 -1.594709e-03
      vertex  -4.118405e-02  1.349395e-02 -1.391347e-03
    endloop
  endfacet
  facet normal -6.062176e-01 -3.047791e-01  7.345815e-01
    outer loop
      vertex  -4.118405e-02  1.349395e-02 -1.391347e-03
      vertex  -4.191234e-02  1.445241e-02 -1.594709e-03
      vertex  -4.125714e-02  1.341602e-02 -1.484000e-03
    endloop
  endfacet
  facet normal -7.424548e-01 -9.247757e-02  6.634823e-01
    outer loop
      vertex  -4.118405e-02  1.349395e-02 -1.391347e-03
      vertex  -4.125714e-02  1.341602e-02 -1.484000e-03
      vertex  -4.059911e-02  1.259734e-02 -8.617572e-04
    endloop
  endfacet
  facet normal -7.424597e-01 -9.248648e-02  6.634756e-01
    outer loop
      vertex  -4.059911e-02  1.259734e-02 -8.617572e-04
      vertex  -4.125714e-02  1.341602e-02 -1.484000e-03
      vertex  -4.065420e-02  1.249182e-02 -9.381142e-04
    endloop
  endfacet
  facet normal -8.585592e-01  8.199526e-02  5.061155e-01
    outer loop
      vertex  -4.059911e-02  1.259734e-02 -8.617572e-04
      vertex  -4.065420e-02  1.249182e-02 -9.381142e-04
      vertex  -4.014387e-02  1.193067e-02  1.849453e-05
    endloop
  endfacet
  facet normal -8.585520e-01  8.201673e-02  5.061242e-01
    outer loop
      vertex  -4.014387e-02  1.193067e-02  1.849453e-05
      vertex  -4.065420e-02  1.249182e-02 -9.381142e-04
      vertex  -4.018496e-02  1.180464e-02 -3.077779e-05
    endloop
  endfacet
  facet normal -9.388346e-01  1.951249e-01  2.837529e-01
    outer loop
      vertex  -4.014387e-02  1.193067e-02  1.849453e-05
      vertex  -4.018496e-02  1.180464e-02 -3.077779e-05
      vertex  -3.987983e-02  1.158399e-02  1.130525e-03
    endloop
  endfacet
  facet normal -9.388357e-01  1.951208e-01  2.837524e-01
    outer loop
      vertex  -3.987983e-02  1.158399e-02  1.130525e-03
      vertex  -4.018496e-02  1.180464e-02 -3.077779e-05
      vertex  -3.991279e-02  1.144729e-02  1.115469e-03
    endloop
  endfacet
  facet normal -9.724593e-01  2.315725e-01  2.640300e-02
    outer loop
      vertex  -3.987983e-02  1.158399e-02  1.130525e-03
      vertex  -3.991279e-02  1.144729e-02  1.115469e-03
      vertex  -3.984263e-02  1.160410e-02  2.324148e-03
    endloop
  endfacet
  facet normal -9.724581e-01  2.315775e-01  2.640227e-02
    outer loop
      vertex  -3.984263e-02  1.160410e-02  2.324148e-03
      vertex  -3.991279e-02  1.144729e-02  1.115469e-03
      vertex  -3.987445e-02  1.146802e-02  2.345819e-03
    endloop
  endfacet
  facet normal -9.548807e-01  1.864496e-01 -2.311698e-01
    outer loop
      vertex  -3.984263e-02  1.160410e-02  2.324148e-03
      vertex  -3.987445e-02  1.146802e-02  2.345819e-03
      vertex  -4.003731e-02  1.198829e-02  3.438158e-03
    endloop
  endfacet
  facet normal -9.548800e-01  1.864518e-01 -2.311707e-01
    outer loop
      vertex  -4.003731e-02  1.198829e-02  3.438158e-03
      vertex  -3.987445e-02  1.146802e-02  2.345819e-03
      vertex  -4.007512e-02  1.186403e-02  3.494107e-03
    endloop
  endfacet
  facet normal -8.884755e-01  6.583818e-02 -4.541769e-01
    outer loop
      vertex  -4.003731e-02  1.198829e-02  3.438158e-03
      vertex  -4.007512e-02  1.186403e-02  3.494107e-03
      vertex  -4.043756e-02  1.268469e-02  4.322103e-03
    endloop
  endfacet
  facet normal -8.884751e-01  6.583891e-02 -4.541775e-01
    outer loop
      vertex  -4.043756e-02  1.268469e-02  4.322103e-03
      vertex  -4.007512e-02  1.186403e-02  3.494107e-03
      vertex  -4.048769e-02  1.258185e-02  4.405249e-03
    endloop
  endfacet
  facet normal -8.142959e-01 -6.908136e-02 -5.763245e-01
    outer loop
      vertex  -4.043756e-02  1.268469e-02  4.322103e-03
      vertex  -4.048769e-02  1.258185e-02  4.405249e-03
      vertex  -4.069880e-02  1.312190e-02  4.638800e-03
    endloop
  endfacet
  facet normal -8.143020e-01 -6.908777e-02 -5.763151e-01
    outer loop
      vertex  -4.069880e-02  1.312190e-02  4.638800e-03
      vertex  -4.048769e-02  1.258185e-02  4.405249e-03
      vertex  -4.075696e-02  1.303252e-02  4.731691e-03
    endloop
  endfacet
  facet normal -7.538881e-01 -1.692190e-01 -6.348366e-01
    outer loop
      vertex  -4.069880e-02  1.312190e-02  4.638800e-03
      vertex  -4.075696e-02  1.303252e-02  4.731691e-03
      vertex  -4.098935e-02  1.359922e-02  4.856599e-03
    endloop
  endfacet
  facet normal -7.538986e-01 -1.692264e-01 -6.348223e-01
    outer loop
      vertex  -4.098935e-02  1.359922e-02  4.856599e-03
      vertex  -4.075696e-02  1.303252e-02  4.731691e-03
      vertex  -4.105644e-02  1.352453e-02  4.956192e-03
    endloop
  endfacet
  facet normal -6.504567e-01 -3.286998e-01 -6.847354e-01
    outer loop
      vertex  -4.098935e-02  1.359922e-02  4.856599e-03
      vertex  -4.105644e-02  1.352453e-02  4.956192e-03
      vertex  -4.161813e-02  1.460839e-02  4.969462e-03
    endloop
  endfacet
  facet normal -6.504500e-01 -3.286963e-01 -6.847435e-01
    outer loop
      vertex  -4.161813e-02  1.460839e-02  4.969462e-03
      vertex  -4.105644e-02  1.352453e-02  4.956192e-03
      vertex  -4.170457e-02  1.456475e-02  5.072528e-03
    endloop
  endfacet
  facet normal -5.109688e-01 -5.493237e-01 -6.611765e-01
    outer loop
      vertex  -4.161813e-02  1.460839e-02  4.969462e-03
      vertex  -4.170457e-02  1.456475e-02  5.072528e-03
      vertex  -4.223899e-02  1.557589e-02  4.645448e-03
    endloop
  endfacet
  facet normal -5.109700e-01 -5.493239e-01 -6.611754e-01
    outer loop
      vertex  -4.223899e-02  1.557589e-02  4.645448e-03
      vertex  -4.170457e-02  1.456475e-02  5.072528e-03
      vertex  -4.234454e-02  1.556202e-02  4.738543e-03
    endloop
  endfacet
  facet normal -3.826158e-01 -7.460663e-01 -5.449679e-01
    outer loop
      vertex  -4.223899e-02  1.557589e-02  4.645448e-03
      vertex  -4.234454e-02  1.556202e-02  4.738543e-03
      vertex  -4.276809e-02  1.637107e-02  3.928316e-03
    endloop
  endfacet
  facet normal -3.826165e-01 -7.460663e-01 -5.449676e-01
    outer loop
      vertex  -4.276809e-02  1.637107e-02  3.928316e-03
      vertex  -4.234454e-02  1.556202e-02  4.738543e-03
      vertex  -4.288992e-02  1.638166e-02  3.999346e-03
    endloop
  endfacet
  facet normal -2.827232e-01 -8.923532e-01 -3.518143e-01
    outer loop
      vertex  -4.276809e-02  1.637107e-02  3.928316e-03
      vertex  -4.288992e-02  1.638166e-02  3.999346e-03
      vertex  -4.313396e-02  1.688652e-02  2.914920e-03
    endloop
  endfacet
  facet normal -2.827164e-01 -8.923545e-01 -3.518165e-01
    outer loop
      vertex  -4.313396e-02  1.688652e-02  2.914920e-03
      vertex  -4.288992e-02  1.638166e-02  3.999346e-03
      vertex  -4.326705e-02  1.691298e-02  2.954768e-03
    endloop
  endfacet
  facet normal -2.247779e-01 -9.684285e-01 -1.078016e-01
    outer loop
      vertex  -4.313396e-02  1.688652e-02  2.914920e-03
      vertex  -4.326705e-02  1.691298e-02  2.954768e-03
      vertex  -4.328718e-02  1.705264e-02  1.742124e-03
    endloop
  endfacet
  facet normal -2.247804e-01 -9.684280e-01 -1.078015e-01
    outer loop
      vertex  -4.328718e-02  1.705264e-02  1.742124e-03
      vertex  -4.326705e-02  1.691298e-02  2.954768e-03
      vertex  -4.342499e-02  1.708421e-02  1.745887e-03
    endloop
  endfacet
  facet normal -2.166183e-01 -9.640148e-01  1.541168e-01
    outer loop
      vertex  -4.328718e-02  1.705264e-02  1.742124e-03
      vertex  -4.342499e-02  1.708421e-02  1.745887e-03
      vertex  -4.320708e-02  1.684698e-02  5.683211e-04
    endloop
  endfacet
  facet normal -2.166232e-01 -9.640138e-01  1.541157e-01
    outer loop
      vertex  -4.320708e-02  1.684698e-02  5.683211e-04
      vertex  -4.342499e-02  1.708421e-02  1.745887e-03
      vertex  -4.334242e-02  1.687222e-02  5.359666e-04
    endloop
  endfacet
  facet normal -2.593410e-01 -8.797100e-01  3.985630e-01
    outer loop
      vertex  -4.320708e-02  1.684698e-02  5.683211e-04
      vertex  -4.334242e-02  1.687222e-02  5.359666e-04
      vertex  -4.290446e-02  1.629733e-02 -4.479605e-04
    endloop
  endfacet
  facet normal -2.593350e-01 -8.797104e-01  3.985660e-01
    outer loop
      vertex  -4.290446e-02  1.629733e-02 -4.479605e-04
      vertex  -4.334242e-02  1.687222e-02  5.359666e-04
      vertex  -4.303049e-02  1.630566e-02 -5.115851e-04
    endloop
  endfacet
  facet normal -3.471632e-01 -7.269001e-01  5.925317e-01
    outer loop
      vertex  -4.290446e-02  1.629733e-02 -4.479605e-04
      vertex  -4.303049e-02  1.630566e-02 -5.115851e-04
      vertex  -4.242020e-02  1.547792e-02 -1.169466e-03
    endloop
  endfacet
  facet normal -3.471651e-01 -7.269003e-01  5.925304e-01
    outer loop
      vertex  -4.242020e-02  1.547792e-02 -1.169466e-03
      vertex  -4.303049e-02  1.630566e-02 -5.115851e-04
      vertex  -4.253132e-02  1.546103e-02 -1.255291e-03
    endloop
  endfacet
  facet normal -4.682429e-01 -5.262223e-01  7.098159e-01
    outer loop
      vertex  -4.242020e-02  1.547792e-02 -1.169466e-03
      vertex  -4.253132e-02  1.546103e-02 -1.255291e-03
      vertex  -4.181969e-02  1.449940e-02 -1.498753e-03
    endloop
  endfacet
  facet normal -4.682442e-01 -5.262231e-01  7.098146e-01
    outer loop
      vertex  -4.181969e-02  1.449940e-02 -1.498753e-03
      vertex  -4.253132e-02  1.546103e-02 -1.255291e-03
      vertex  -4.191234e-02  1.445241e-02 -1.594709e-03
    endloop
  endfacet
  facet normal -9.182158e-01 -1.100548e-01  3.804836e-01
    outer loop
      vertex  -3.682099e-02  2.025562e-02  9.076698e-03
      vertex  -3.706792e-02  1.943444e-02  8.243250e-03
      vertex  -3.686875e-02  1.914353e-02  8.639755e-03
    endloop
  endfacet
  facet normal -7.923540e-01 -3.005550e-01  5.308877e-01
    outer loop
      vertex  -3.734060e-02  1.985771e-02  8.075897e-03
      vertex  -3.706792e-02  1.943444e-02  8.243250e-03
      vertex  -3.682099e-02  2.025562e-02  9.076698e-03
    endloop
  endfacet
  facet normal -6.467558e-01 -5.314195e-01  5.470834e-01
    outer loop
      vertex  -3.761373e-02  2.029990e-02  8.182537e-03
      vertex  -3.734060e-02  1.985771e-02  8.075897e-03
      vertex  -3.682099e-02  2.025562e-02  9.076698e-03
    endloop
  endfacet
  facet normal -9.169911e-01 -1.615558e-01 -3.647288e-01
    outer loop
      vertex  -3.682099e-02  2.025562e-02  9.076698e-03
      vertex  -3.687043e-02  1.921420e-02  9.662314e-03
      vertex  -3.707083e-02  1.955685e-02  1.001437e-02
    endloop
  endfacet
  facet normal -9.901767e-01 -2.980227e-02 -1.366086e-01
    outer loop
      vertex  -3.679647e-02  1.906292e-02  9.159168e-03
      vertex  -3.687043e-02  1.921420e-02  9.662314e-03
      vertex  -3.682099e-02  2.025562e-02  9.076698e-03
    endloop
  endfacet
  facet normal -9.906258e-01 -1.095039e-02  1.361635e-01
    outer loop
      vertex  -3.686875e-02  1.914353e-02  8.639755e-03
      vertex  -3.679647e-02  1.906292e-02  9.159168e-03
      vertex  -3.682099e-02  2.025562e-02  9.076698e-03
    endloop
  endfacet
  facet normal -4.472547e-01 -8.725317e-01  1.966002e-01
    outer loop
      vertex  -3.682099e-02  2.025562e-02  9.076698e-03
      vertex  -3.788810e-02  2.079384e-02  9.037743e-03
      vertex  -3.781413e-02  2.064255e-02  8.534597e-03
    endloop
  endfacet
  facet normal -4.468057e-01 -8.913831e-01 -7.616254e-02
    outer loop
      vertex  -3.781582e-02  2.071323e-02  9.557157e-03
      vertex  -3.788810e-02  2.079384e-02  9.037743e-03
      vertex  -3.682099e-02  2.025562e-02  9.076698e-03
    endloop
  endfacet
  facet normal -5.204423e-01 -7.407745e-01  4.247268e-01
    outer loop
      vertex  -3.781413e-02  2.064255e-02  8.534597e-03
      vertex  -3.761373e-02  2.029990e-02  8.182537e-03
      vertex  -3.682099e-02  2.025562e-02  9.076698e-03
    endloop
  endfacet
  facet normal -7.534959e-01 -4.426702e-01 -4.860936e-01
    outer loop
      vertex  -3.704806e-02  2.000587e-02  9.656117e-03
      vertex  -3.707622e-02  2.013041e-02  9.586359e-03
      vertex  -3.682099e-02  2.025562e-02  9.076698e-03
    endloop
  endfacet
  facet normal -5.598868e-01 -7.429802e-01 -3.667522e-01
    outer loop
      vertex  -3.682099e-02  2.025562e-02  9.076698e-03
      vertex  -3.720929e-02  2.033697e-02  9.504686e-03
      vertex  -3.732587e-02  2.043280e-02  9.488518e-03
    endloop
  endfacet
  facet normal -5.169557e-01 -8.065476e-01 -2.867711e-01
    outer loop
      vertex  -3.756292e-02  2.057715e-02  9.509847e-03
      vertex  -3.682099e-02  2.025562e-02  9.076698e-03
      vertex  -3.732587e-02  2.043280e-02  9.488518e-03
    endloop
  endfacet
  facet normal -6.450822e-01 -6.017739e-01 -4.708899e-01
    outer loop
      vertex  -3.707622e-02  2.013041e-02  9.586359e-03
      vertex  -3.720929e-02  2.033697e-02  9.504686e-03
      vertex  -3.682099e-02  2.025562e-02  9.076698e-03
    endloop
  endfacet
  facet normal -4.932973e-01 -8.449428e-01 -2.067110e-01
    outer loop
      vertex  -3.780591e-02  2.069958e-02  9.589296e-03
      vertex  -3.781582e-02  2.071323e-02  9.557157e-03
      vertex  -3.756292e-02  2.057715e-02  9.509847e-03
    endloop
  endfacet
  facet normal -4.938760e-01 -8.407567e-01 -2.218439e-01
    outer loop
      vertex  -3.756292e-02  2.057715e-02  9.509847e-03
      vertex  -3.781582e-02  2.071323e-02  9.557157e-03
      vertex  -3.682099e-02  2.025562e-02  9.076698e-03
    endloop
  endfacet
  facet normal -8.585377e-01 -2.780242e-01 -4.308314e-01
    outer loop
      vertex  -3.707083e-02  1.955685e-02  1.001437e-02
      vertex  -3.708777e-02  1.958487e-02  1.003004e-02
      vertex  -3.704774e-02  1.977781e-02  9.825762e-03
    endloop
  endfacet
  facet normal -8.111990e-01 -3.497435e-01 -4.686532e-01
    outer loop
      vertex  -3.704774e-02  1.977781e-02  9.825762e-03
      vertex  -3.704806e-02  2.000587e-02  9.656117e-03
      vertex  -3.682099e-02  2.025562e-02  9.076698e-03
    endloop
  endfacet
  facet normal -8.504422e-01 -2.872904e-01 -4.406953e-01
    outer loop
      vertex  -3.707083e-02  1.955685e-02  1.001437e-02
      vertex  -3.704774e-02  1.977781e-02  9.825762e-03
      vertex  -3.682099e-02  2.025562e-02  9.076698e-03
    endloop
  endfacet
  facet normal -2.566106e-01  3.488526e-01 -9.013616e-01
    outer loop
      vertex  -3.861133e-02  1.862847e-02  1.009363e-02
      vertex  -3.708777e-02  1.958487e-02  1.003004e-02
      vertex  -3.707083e-02  1.955685e-02  1.001437e-02
    endloop
  endfacet
  facet normal  4.166403e-01 -7.002379e-01 -5.797222e-01
    outer loop
      vertex  -4.323294e-02  1.731269e-02  9.783264e-03
      vertex  -3.932948e-02  1.974318e-02  9.652888e-03
      vertex  -3.936950e-02  1.955024e-02  9.857166e-03
    endloop
  endfacet
  facet normal  3.843038e-01 -6.416279e-01 -6.637953e-01
    outer loop
      vertex  -4.323294e-02  1.731269e-02  9.783264e-03
      vertex  -3.936950e-02  1.955024e-02  9.857166e-03
      vertex  -4.303377e-02  1.702178e-02  1.017977e-02
    endloop
  endfacet
  facet normal -1.359440e-01  1.521177e-01 -9.789686e-01
    outer loop
      vertex  -4.276109e-02  1.659851e-02  1.034712e-02
      vertex  -3.909137e-02  1.889525e-02  1.019441e-02
      vertex  -4.248796e-02  1.615631e-02  1.024048e-02
    endloop
  endfacet
  facet normal -5.692217e-02  5.382004e-02 -9.969270e-01
    outer loop
      vertex  -4.248796e-02  1.615631e-02  1.024048e-02
      vertex  -3.909137e-02  1.889525e-02  1.019441e-02
      vertex  -3.885432e-02  1.875090e-02  1.017308e-02
    endloop
  endfacet
  facet normal  3.227215e-01 -5.646120e-01 -7.596474e-01
    outer loop
      vertex  -3.936950e-02  1.955024e-02  9.857166e-03
      vertex  -3.936918e-02  1.932218e-02  1.002681e-02
      vertex  -4.303377e-02  1.702178e-02  1.017977e-02
    endloop
  endfacet
  facet normal  2.359791e-01 -4.337399e-01 -8.695882e-01
    outer loop
      vertex  -4.303377e-02  1.702178e-02  1.017977e-02
      vertex  -3.936918e-02  1.932218e-02  1.002681e-02
      vertex  -3.934103e-02  1.919765e-02  1.009657e-02
    endloop
  endfacet
  facet normal  1.446826e-01 -2.818146e-01 -9.484974e-01
    outer loop
      vertex  -4.303377e-02  1.702178e-02  1.017977e-02
      vertex  -3.934103e-02  1.919765e-02  1.009657e-02
      vertex  -4.276109e-02  1.659851e-02  1.034712e-02
    endloop
  endfacet
  facet normal  1.446823e-01 -2.818142e-01 -9.484976e-01
    outer loop
      vertex  -4.276109e-02  1.659851e-02  1.034712e-02
      vertex  -3.934103e-02  1.919765e-02  1.009657e-02
      vertex  -3.920795e-02  1.899108e-02  1.017824e-02
    endloop
  endfacet
  facet normal  3.601991e-02 -1.234910e-01 -9.916918e-01
    outer loop
      vertex  -4.276109e-02  1.659851e-02  1.034712e-02
      vertex  -3.920795e-02  1.899108e-02  1.017824e-02
      vertex  -3.909137e-02  1.889525e-02  1.019441e-02
    endloop
  endfacet
  facet normal  4.572247e-01 -7.591716e-01 -4.632538e-01
    outer loop
      vertex  -3.780591e-02  2.069958e-02  9.589296e-03
      vertex  -3.932948e-02  1.974318e-02  9.652888e-03
      vertex  -3.781582e-02  2.071323e-02  9.557157e-03
    endloop
  endfacet
  facet normal  4.572316e-01 -7.591804e-01 -4.632327e-01
    outer loop
      vertex  -3.781582e-02  2.071323e-02  9.557157e-03
      vertex  -3.932948e-02  1.974318e-02  9.652888e-03
      vertex  -4.323294e-02  1.731269e-02  9.783264e-03
    endloop
  endfacet
  facet normal  5.147846e-01 -8.334266e-01 -2.009899e-01
    outer loop
      vertex  -3.781582e-02  2.071323e-02  9.557157e-03
      vertex  -4.323294e-02  1.731269e-02  9.783264e-03
      vertex  -3.788810e-02  2.079384e-02  9.037743e-03
    endloop
  endfacet
  facet normal  5.147846e-01 -8.334265e-01 -2.009900e-01
    outer loop
      vertex  -3.788810e-02  2.079384e-02  9.037743e-03
      vertex  -4.323294e-02  1.731269e-02  9.783264e-03
      vertex  -4.330523e-02  1.739330e-02  9.263851e-03
    endloop
  endfacet
  facet normal  5.139347e-01 -7.977358e-01  3.154185e-01
    outer loop
      vertex  -3.788810e-02  2.079384e-02  9.037743e-03
      vertex  -4.330523e-02  1.739330e-02  9.263851e-03
      vertex  -3.781413e-02  2.064255e-02  8.534597e-03
    endloop
  endfacet
  facet normal  5.139348e-01 -7.977358e-01  3.154181e-01
    outer loop
      vertex  -3.781413e-02  2.064255e-02  8.534597e-03
      vertex  -4.330523e-02  1.739330e-02  9.263851e-03
      vertex  -4.323126e-02  1.724202e-02  8.760705e-03
    endloop
  endfacet
  facet normal  3.753770e-01 -5.482935e-01  7.473060e-01
    outer loop
      vertex  -3.781413e-02  2.064255e-02  8.534597e-03
      vertex  -4.323126e-02  1.724202e-02  8.760705e-03
      vertex  -3.761373e-02  2.029990e-02  8.182537e-03
    endloop
  endfacet
  facet normal  3.753770e-01 -5.482936e-01  7.473059e-01
    outer loop
      vertex  -3.761373e-02  2.029990e-02  8.182537e-03
      vertex  -4.323126e-02  1.724202e-02  8.760705e-03
      vertex  -4.303086e-02  1.689937e-02  8.408644e-03
    endloop
  endfacet
  facet normal  1.362364e-01 -1.519348e-01  9.789563e-01
    outer loop
      vertex  -3.761373e-02  2.029990e-02  8.182537e-03
      vertex  -4.303086e-02  1.689937e-02  8.408644e-03
      vertex  -3.734060e-02  1.985771e-02  8.075897e-03
    endloop
  endfacet
  facet normal  1.362361e-01 -1.519343e-01  9.789565e-01
    outer loop
      vertex  -3.734060e-02  1.985771e-02  8.075897e-03
      vertex  -4.303086e-02  1.689937e-02  8.408644e-03
      vertex  -4.275772e-02  1.645717e-02  8.302004e-03
    endloop
  endfacet
  facet normal -1.394083e-01  2.851338e-01  9.482954e-01
    outer loop
      vertex  -3.734060e-02  1.985771e-02  8.075897e-03
      vertex  -4.275772e-02  1.645717e-02  8.302004e-03
      vertex  -3.706792e-02  1.943444e-02  8.243250e-03
    endloop
  endfacet
  facet normal -1.394079e-01  2.851331e-01  9.482957e-01
    outer loop
      vertex  -3.706792e-02  1.943444e-02  8.243250e-03
      vertex  -4.275772e-02  1.645717e-02  8.302004e-03
      vertex  -4.248504e-02  1.603391e-02  8.469357e-03
    endloop
  endfacet
  facet normal -3.776978e-01  6.457995e-01  6.635414e-01
    outer loop
      vertex  -3.706792e-02  1.943444e-02  8.243250e-03
      vertex  -4.248504e-02  1.603391e-02  8.469357e-03
      vertex  -3.686875e-02  1.914353e-02  8.639755e-03
    endloop
  endfacet
  facet normal -3.776987e-01  6.458013e-01  6.635393e-01
    outer loop
      vertex  -3.686875e-02  1.914353e-02  8.639755e-03
      vertex  -4.248504e-02  1.603391e-02  8.469357e-03
      vertex  -4.228587e-02  1.574299e-02  8.865862e-03
    endloop
  endfacet
  facet normal -5.147849e-01  8.334265e-01  2.009899e-01
    outer loop
      vertex  -3.686875e-02  1.914353e-02  8.639755e-03
      vertex  -4.228587e-02  1.574299e-02  8.865862e-03
      vertex  -3.679647e-02  1.906292e-02  9.159168e-03
    endloop
  endfacet
  facet normal -5.147848e-01  8.334264e-01  2.009900e-01
    outer loop
      vertex  -3.679647e-02  1.906292e-02  9.159168e-03
      vertex  -4.228587e-02  1.574299e-02  8.865862e-03
      vertex  -4.221359e-02  1.566238e-02  9.385276e-03
    endloop
  endfacet
  facet normal -5.139349e-01  7.977356e-01 -3.154185e-01
    outer loop
      vertex  -3.679647e-02  1.906292e-02  9.159168e-03
      vertex  -4.221359e-02  1.566238e-02  9.385276e-03
      vertex  -3.687043e-02  1.921420e-02  9.662314e-03
    endloop
  endfacet
  facet normal -5.139349e-01  7.977356e-01 -3.154185e-01
    outer loop
      vertex  -3.687043e-02  1.921420e-02  9.662314e-03
      vertex  -4.221359e-02  1.566238e-02  9.385276e-03
      vertex  -4.228756e-02  1.581367e-02  9.888422e-03
    endloop
  endfacet
  facet normal -3.753772e-01  5.482935e-01 -7.473060e-01
    outer loop
      vertex  -3.687043e-02  1.921420e-02  9.662314e-03
      vertex  -4.228756e-02  1.581367e-02  9.888422e-03
      vertex  -3.707083e-02  1.955685e-02  1.001437e-02
    endloop
  endfacet
  facet normal -3.753771e-01  5.482934e-01 -7.473061e-01
    outer loop
      vertex  -3.707083e-02  1.955685e-02  1.001437e-02
      vertex  -4.228756e-02  1.581367e-02  9.888422e-03
      vertex  -4.248796e-02  1.615631e-02  1.024048e-02
    endloop
  endfacet
  facet normal -2.566101e-01  3.488518e-01 -9.013621e-01
    outer loop
      vertex  -3.707083e-02  1.955685e-02  1.001437e-02
      vertex  -4.248796e-02  1.615631e-02  1.024048e-02
      vertex  -3.861133e-02  1.862847e-02  1.009363e-02
    endloop
  endfacet
  facet normal -1.897591e-01  2.410266e-01 -9.517865e-01
    outer loop
      vertex  -3.861133e-02  1.862847e-02  1.009363e-02
      vertex  -4.248796e-02  1.615631e-02  1.024048e-02
      vertex  -3.885432e-02  1.875090e-02  1.017308e-02
    endloop
  endfacet
  facet normal -9.182157e-01 -1.100545e-01  3.804840e-01
    outer loop
      vertex  -3.159424e-02  1.159266e-02  4.013666e-03
      vertex  -3.184117e-02  1.077149e-02  3.180220e-03
      vertex  -3.164200e-02  1.048057e-02  3.576725e-03
    endloop
  endfacet
  facet normal -7.923545e-01 -3.005538e-01  5.308877e-01
    outer loop
      vertex  -3.211385e-02  1.119475e-02  3.012866e-03
      vertex  -3.184117e-02  1.077149e-02  3.180220e-03
      vertex  -3.159424e-02  1.159266e-02  4.013666e-03
    endloop
  endfacet
  facet normal -6.467560e-01 -5.314191e-01  5.470836e-01
    outer loop
      vertex  -3.238699e-02  1.163695e-02  3.119506e-03
      vertex  -3.211385e-02  1.119475e-02  3.012866e-03
      vertex  -3.159424e-02  1.159266e-02  4.013666e-03
    endloop
  endfacet
  facet normal -6.450806e-01 -6.017738e-01 -4.708921e-01
    outer loop
      vertex  -3.159424e-02  1.159266e-02  4.013666e-03
      vertex  -3.211722e-02  1.133609e-02  5.057984e-03
      vertex  -3.238991e-02  1.175935e-02  4.890631e-03
    endloop
  endfacet
  facet normal -7.906759e-01 -3.709145e-01 -4.870872e-01
    outer loop
      vertex  -3.184409e-02  1.089389e-02  4.951344e-03
      vertex  -3.211722e-02  1.133609e-02  5.057984e-03
      vertex  -3.159424e-02  1.159266e-02  4.013666e-03
    endloop
  endfacet
  facet normal -4.472552e-01 -8.725315e-01  1.966001e-01
    outer loop
      vertex  -3.159424e-02  1.159266e-02  4.013666e-03
      vertex  -3.266136e-02  1.213088e-02  3.974712e-03
      vertex  -3.258739e-02  1.197959e-02  3.471567e-03
    endloop
  endfacet
  facet normal -4.468063e-01 -8.913828e-01 -7.616241e-02
    outer loop
      vertex  -3.258907e-02  1.205027e-02  4.494126e-03
      vertex  -3.266136e-02  1.213088e-02  3.974712e-03
      vertex  -3.159424e-02  1.159266e-02  4.013666e-03
    endloop
  endfacet
  facet normal -5.192162e-01 -7.922778e-01 -3.204846e-01
    outer loop
      vertex  -3.238991e-02  1.175935e-02  4.890631e-03
      vertex  -3.258907e-02  1.205027e-02  4.494126e-03
      vertex  -3.159424e-02  1.159266e-02  4.013666e-03
    endloop
  endfacet
  facet normal -5.204426e-01 -7.407743e-01  4.247268e-01
    outer loop
      vertex  -3.258739e-02  1.197959e-02  3.471567e-03
      vertex  -3.238699e-02  1.163695e-02  3.119506e-03
      vertex  -3.159424e-02  1.159266e-02  4.013666e-03
    endloop
  endfacet
  facet normal -9.982975e-01 -1.665645e-02  5.590000e-02
    outer loop
      vertex  -3.158753e-02  1.092674e-02  3.935128e-03
      vertex  -3.158227e-02  1.101058e-02  4.053915e-03
      vertex  -3.159424e-02  1.159266e-02  4.013666e-03
    endloop
  endfacet
  facet normal -9.454133e-01 -1.244655e-01 -3.011679e-01
    outer loop
      vertex  -3.159424e-02  1.159266e-02  4.013666e-03
      vertex  -3.161837e-02  1.108441e-02  4.299467e-03
      vertex  -3.166351e-02  1.107715e-02  4.444182e-03
    endloop
  endfacet
  facet normal -9.053930e-01 -1.938070e-01 -3.777598e-01
    outer loop
      vertex  -3.175263e-02  1.100121e-02  4.696729e-03
      vertex  -3.159424e-02  1.159266e-02  4.013666e-03
      vertex  -3.166351e-02  1.107715e-02  4.444182e-03
    endloop
  endfacet
  facet normal -9.901775e-01 -2.980058e-02 -1.366034e-01
    outer loop
      vertex  -3.158227e-02  1.101058e-02  4.053915e-03
      vertex  -3.161837e-02  1.108441e-02  4.299467e-03
      vertex  -3.159424e-02  1.159266e-02  4.013666e-03
    endloop
  endfacet
  facet normal -8.668917e-01 -2.641871e-01 -4.227337e-01
    outer loop
      vertex  -3.182749e-02  1.086634e-02  4.934530e-03
      vertex  -3.184409e-02  1.089389e-02  4.951344e-03
      vertex  -3.175263e-02  1.100121e-02  4.696729e-03
    endloop
  endfacet
  facet normal -8.728997e-01 -2.500692e-01 -4.189411e-01
    outer loop
      vertex  -3.175263e-02  1.100121e-02  4.696729e-03
      vertex  -3.184409e-02  1.089389e-02  4.951344e-03
      vertex  -3.159424e-02  1.159266e-02  4.013666e-03
    endloop
  endfacet
  facet normal -9.659807e-01 -6.152113e-02  2.511901e-01
    outer loop
      vertex  -3.164200e-02  1.048057e-02  3.576725e-03
      vertex  -3.163269e-02  1.046791e-02  3.609439e-03
      vertex  -3.161286e-02  1.071571e-02  3.746401e-03
    endloop
  endfacet
  facet normal -9.858171e-01 -2.942422e-02  1.652233e-01
    outer loop
      vertex  -3.161286e-02  1.071571e-02  3.746401e-03
      vertex  -3.158753e-02  1.092674e-02  3.935128e-03
      vertex  -3.159424e-02  1.159266e-02  4.013666e-03
    endloop
  endfacet
  facet normal -9.696254e-01 -5.223794e-02  2.389515e-01
    outer loop
      vertex  -3.164200e-02  1.048057e-02  3.576725e-03
      vertex  -3.161286e-02  1.071571e-02  3.746401e-03
      vertex  -3.159424e-02  1.159266e-02  4.013666e-03
    endloop
  endfacet
  facet normal -4.665993e-01  7.720017e-01  4.316230e-01
    outer loop
      vertex  -3.315626e-02  9.511511e-03  3.673031e-03
      vertex  -3.163269e-02  1.046791e-02  3.609439e-03
      vertex  -3.164200e-02  1.048057e-02  3.576725e-03
    endloop
  endfacet
  facet normal -3.318513e-01  4.765389e-01 -8.141163e-01
    outer loop
      vertex  -3.726121e-02  7.493356e-03  5.177451e-03
      vertex  -3.335106e-02  9.909939e-03  4.998123e-03
      vertex  -3.337089e-02  9.662142e-03  4.861161e-03
    endloop
  endfacet
  facet normal -3.687482e-01  5.524302e-01 -7.475598e-01
    outer loop
      vertex  -3.726121e-02  7.493356e-03  5.177451e-03
      vertex  -3.337089e-02  9.662142e-03  4.861161e-03
      vertex  -3.706081e-02  7.150708e-03  4.825391e-03
    endloop
  endfacet
  facet normal -5.144929e-01  8.336096e-01  2.009777e-01
    outer loop
      vertex  -3.698684e-02  6.999422e-03  4.322245e-03
      vertex  -3.332024e-02  9.300704e-03  4.163380e-03
      vertex  -3.705913e-02  7.080035e-03  3.802832e-03
    endloop
  endfacet
  facet normal -5.145645e-01  8.541436e-01  7.524723e-02
    outer loop
      vertex  -3.705913e-02  7.080035e-03  3.802832e-03
      vertex  -3.332024e-02  9.300704e-03  4.163380e-03
      vertex  -3.323112e-02  9.376640e-03  3.910833e-03
    endloop
  endfacet
  facet normal -4.235768e-01  6.315884e-01 -6.493680e-01
    outer loop
      vertex  -3.337089e-02  9.662142e-03  4.861161e-03
      vertex  -3.339623e-02  9.451111e-03  4.672434e-03
      vertex  -3.706081e-02  7.150708e-03  4.825391e-03
    endloop
  endfacet
  facet normal -4.773624e-01  7.276989e-01 -4.925237e-01
    outer loop
      vertex  -3.706081e-02  7.150708e-03  4.825391e-03
      vertex  -3.339623e-02  9.451111e-03  4.672434e-03
      vertex  -3.340147e-02  9.367269e-03  4.553646e-03
    endloop
  endfacet
  facet normal -5.086470e-01  8.010332e-01 -3.156326e-01
    outer loop
      vertex  -3.706081e-02  7.150708e-03  4.825391e-03
      vertex  -3.340147e-02  9.367269e-03  4.553646e-03
      vertex  -3.698684e-02  6.999422e-03  4.322245e-03
    endloop
  endfacet
  facet normal -5.086477e-01  8.010340e-01 -3.156293e-01
    outer loop
      vertex  -3.698684e-02  6.999422e-03  4.322245e-03
      vertex  -3.340147e-02  9.367269e-03  4.553646e-03
      vertex  -3.336538e-02  9.293437e-03  4.308094e-03
    endloop
  endfacet
  facet normal -5.313597e-01  8.380728e-01 -1.236559e-01
    outer loop
      vertex  -3.698684e-02  6.999422e-03  4.322245e-03
      vertex  -3.336538e-02  9.293437e-03  4.308094e-03
      vertex  -3.332024e-02  9.300704e-03  4.163380e-03
    endloop
  endfacet
  facet normal -2.729672e-01  3.759626e-01 -8.855174e-01
    outer loop
      vertex  -3.182749e-02  1.086634e-02  4.934530e-03
      vertex  -3.335106e-02  9.909939e-03  4.998123e-03
      vertex  -3.184409e-02  1.089389e-02  4.951344e-03
    endloop
  endfacet
  facet normal -2.729650e-01  3.759591e-01 -8.855195e-01
    outer loop
      vertex  -3.184409e-02  1.089389e-02  4.951344e-03
      vertex  -3.335106e-02  9.909939e-03  4.998123e-03
      vertex  -3.726121e-02  7.493356e-03  5.177451e-03
    endloop
  endfacet
  facet normal -1.362362e-01  1.519346e-01 -9.789564e-01
    outer loop
      vertex  -3.184409e-02  1.089389e-02  4.951344e-03
      vertex  -3.726121e-02  7.493356e-03  5.177451e-03
      vertex  -3.211722e-02  1.133609e-02  5.057984e-03
    endloop
  endfacet
  facet normal -1.362367e-01  1.519354e-01 -9.789562e-01
    outer loop
      vertex  -3.211722e-02  1.133609e-02  5.057984e-03
      vertex  -3.726121e-02  7.493356e-03  5.177451e-03
      vertex  -3.753434e-02  7.935555e-03  5.284092e-03
    endloop
  endfacet
  facet normal  1.394079e-01 -2.851333e-01 -9.482955e-01
    outer loop
      vertex  -3.211722e-02  1.133609e-02  5.057984e-03
      vertex  -3.753434e-02  7.935555e-03  5.284092e-03
      vertex  -3.238991e-02  1.175935e-02  4.890631e-03
    endloop
  endfacet
  facet normal  1.394079e-01 -2.851333e-01 -9.482955e-01
    outer loop
      vertex  -3.238991e-02  1.175935e-02  4.890631e-03
      vertex  -3.753434e-02  7.935555e-03  5.284092e-03
      vertex  -3.780703e-02  8.358818e-03  5.116738e-03
    endloop
  endfacet
  facet normal  3.776990e-01 -6.458018e-01 -6.635386e-01
    outer loop
      vertex  -3.238991e-02  1.175935e-02  4.890631e-03
      vertex  -3.780703e-02  8.358818e-03  5.116738e-03
      vertex  -3.258907e-02  1.205027e-02  4.494126e-03
    endloop
  endfacet
  facet normal  3.776991e-01 -6.458020e-01 -6.635384e-01
    outer loop
      vertex  -3.258907e-02  1.205027e-02  4.494126e-03
      vertex  -3.780703e-02  8.358818e-03  5.116738e-03
      vertex  -3.800619e-02  8.649730e-03  4.720233e-03
    endloop
  endfacet
  facet normal  5.147848e-01 -8.334265e-01 -2.009899e-01
    outer loop
      vertex  -3.258907e-02  1.205027e-02  4.494126e-03
      vertex  -3.800619e-02  8.649730e-03  4.720233e-03
      vertex  -3.266136e-02  1.213088e-02  3.974712e-03
    endloop
  endfacet
  facet normal  5.147847e-01 -8.334265e-01 -2.009900e-01
    outer loop
      vertex  -3.266136e-02  1.213088e-02  3.974712e-03
      vertex  -3.800619e-02  8.649730e-03  4.720233e-03
      vertex  -3.807848e-02  8.730344e-03  4.200820e-03
    endloop
  endfacet
  facet normal  5.139348e-01 -7.977357e-01  3.154186e-01
    outer loop
      vertex  -3.266136e-02  1.213088e-02  3.974712e-03
      vertex  -3.807848e-02  8.730344e-03  4.200820e-03
      vertex  -3.258739e-02  1.197959e-02  3.471567e-03
    endloop
  endfacet
  facet normal  5.139347e-01 -7.977357e-01  3.154185e-01
    outer loop
      vertex  -3.258739e-02  1.197959e-02  3.471567e-03
      vertex  -3.807848e-02  8.730344e-03  4.200820e-03
      vertex  -3.800451e-02  8.579058e-03  3.697674e-03
    endloop
  endfacet
  facet normal  3.753770e-01 -5.482934e-01  7.473062e-01
    outer loop
      vertex  -3.258739e-02  1.197959e-02  3.471567e-03
      vertex  -3.800451e-02  8.579058e-03  3.697674e-03
      vertex  -3.238699e-02  1.163695e-02  3.119506e-03
    endloop
  endfacet
  facet normal  3.753768e-01 -5.482932e-01  7.473063e-01
    outer loop
      vertex  -3.238699e-02  1.163695e-02  3.119506e-03
      vertex  -3.800451e-02  8.579058e-03  3.697674e-03
      vertex  -3.780411e-02  8.236409e-03  3.345614e-03
    endloop
  endfacet
  facet normal  1.362366e-01 -1.519353e-01  9.789562e-01
    outer loop
      vertex  -3.238699e-02  1.163695e-02  3.119506e-03
      vertex  -3.780411e-02  8.236409e-03  3.345614e-03
      vertex  -3.211385e-02  1.119475e-02  3.012866e-03
    endloop
  endfacet
  facet normal  1.362364e-01 -1.519349e-01  9.789563e-01
    outer loop
      vertex  -3.211385e-02  1.119475e-02  3.012866e-03
      vertex  -3.780411e-02  8.236409e-03  3.345614e-03
      vertex  -3.753098e-02  7.794211e-03  3.238973e-03
    endloop
  endfacet
  facet normal -1.394086e-01  2.851344e-01  9.482951e-01
    outer loop
      vertex  -3.211385e-02  1.119475e-02  3.012866e-03
      vertex  -3.753098e-02  7.794211e-03  3.238973e-03
      vertex  -3.184117e-02  1.077149e-02  3.180220e-03
    endloop
  endfacet
  facet normal -1.394081e-01  2.851334e-01  9.482955e-01
    outer loop
      vertex  -3.184117e-02  1.077149e-02  3.180220e-03
      vertex  -3.753098e-02  7.794211e-03  3.238973e-03
      vertex  -3.725829e-02  7.370948e-03  3.406327e-03
    endloop
  endfacet
  facet normal -3.776982e-01  6.458003e-01  6.635405e-01
    outer loop
      vertex  -3.184117e-02  1.077149e-02  3.180220e-03
      vertex  -3.725829e-02  7.370948e-03  3.406327e-03
      vertex  -3.164200e-02  1.048057e-02  3.576725e-03
    endloop
  endfacet
  facet normal -3.776987e-01  6.458012e-01  6.635393e-01
    outer loop
      vertex  -3.164200e-02  1.048057e-02  3.576725e-03
      vertex  -3.725829e-02  7.370948e-03  3.406327e-03
      vertex  -3.705913e-02  7.080035e-03  3.802832e-03
    endloop
  endfacet
  facet normal -4.666029e-01  7.720063e-01  4.316111e-01
    outer loop
      vertex  -3.164200e-02  1.048057e-02  3.576725e-03
      vertex  -3.705913e-02  7.080035e-03  3.802832e-03
      vertex  -3.315626e-02  9.511511e-03  3.673031e-03
    endloop
  endfacet
  facet normal -4.962916e-01  8.128913e-01  3.047988e-01
    outer loop
      vertex  -3.315626e-02  9.511511e-03  3.673031e-03
      vertex  -3.705913e-02  7.080035e-03  3.802832e-03
      vertex  -3.323112e-02  9.376640e-03  3.910833e-03
    endloop
  endfacet
  facet normal -9.169888e-01 -1.615612e-01 -3.647318e-01
    outer loop
      vertex  -3.459046e-02  1.569348e-02 -6.096030e-03
      vertex  -3.463990e-02  1.465207e-02 -5.510412e-03
      vertex  -3.484030e-02  1.499471e-02 -5.158352e-03
    endloop
  endfacet
  facet normal -9.901777e-01 -2.980191e-02 -1.366015e-01
    outer loop
      vertex  -3.456594e-02  1.450078e-02 -6.013558e-03
      vertex  -3.463990e-02  1.465207e-02 -5.510412e-03
      vertex  -3.459046e-02  1.569348e-02 -6.096030e-03
    endloop
  endfacet
  facet normal -9.906259e-01 -1.095029e-02  1.361635e-01
    outer loop
      vertex  -3.463822e-02  1.458139e-02 -6.532972e-03
      vertex  -3.456594e-02  1.450078e-02 -6.013558e-03
      vertex  -3.459046e-02  1.569348e-02 -6.096030e-03
    endloop
  endfacet
  facet normal -5.192164e-01 -7.922787e-01 -3.204823e-01
    outer loop
      vertex  -3.459046e-02  1.569348e-02 -6.096030e-03
      vertex  -3.538612e-02  1.586018e-02 -5.219065e-03
      vertex  -3.558529e-02  1.615109e-02 -5.615570e-03
    endloop
  endfacet
  facet normal -6.450817e-01 -6.017739e-01 -4.708905e-01
    outer loop
      vertex  -3.511344e-02  1.543691e-02 -5.051712e-03
      vertex  -3.538612e-02  1.586018e-02 -5.219065e-03
      vertex  -3.459046e-02  1.569348e-02 -6.096030e-03
    endloop
  endfacet
  facet normal -7.906792e-01 -3.709104e-01 -4.870850e-01
    outer loop
      vertex  -3.484030e-02  1.499471e-02 -5.158352e-03
      vertex  -3.511344e-02  1.543691e-02 -5.051712e-03
      vertex  -3.459046e-02  1.569348e-02 -6.096030e-03
    endloop
  endfacet
  facet normal -5.204432e-01 -7.407741e-01  4.247265e-01
    outer loop
      vertex  -3.459046e-02  1.569348e-02 -6.096030e-03
      vertex  -3.558360e-02  1.608042e-02 -6.638130e-03
      vertex  -3.538321e-02  1.573777e-02 -6.990190e-03
    endloop
  endfacet
  facet normal -4.472569e-01 -8.725300e-01  1.966026e-01
    outer loop
      vertex  -3.565757e-02  1.623170e-02 -6.134984e-03
      vertex  -3.558360e-02  1.608042e-02 -6.638130e-03
      vertex  -3.459046e-02  1.569348e-02 -6.096030e-03
    endloop
  endfacet
  facet normal -4.468081e-01 -8.913817e-01 -7.616520e-02
    outer loop
      vertex  -3.558529e-02  1.615109e-02 -5.615570e-03
      vertex  -3.565757e-02  1.623170e-02 -6.134984e-03
      vertex  -3.459046e-02  1.569348e-02 -6.096030e-03
    endloop
  endfacet
  facet normal -6.952652e-01 -4.667709e-01  5.465631e-01
    outer loop
      vertex  -3.494804e-02  1.557621e-02 -6.651046e-03
      vertex  -3.484404e-02  1.549929e-02 -6.584454e-03
      vertex  -3.459046e-02  1.569348e-02 -6.096030e-03
    endloop
  endfacet
  facet normal -8.887146e-01 -1.663601e-01  4.272128e-01
    outer loop
      vertex  -3.459046e-02  1.569348e-02 -6.096030e-03
      vertex  -3.471097e-02  1.529272e-02 -6.502780e-03
      vertex  -3.467427e-02  1.514676e-02 -6.483279e-03
    endloop
  endfacet
  facet normal -9.320901e-01 -1.030739e-01  3.472519e-01
    outer loop
      vertex  -3.464831e-02  1.486988e-02 -6.495796e-03
      vertex  -3.459046e-02  1.569348e-02 -6.096030e-03
      vertex  -3.467427e-02  1.514676e-02 -6.483279e-03
    endloop
  endfacet
  facet normal -7.923532e-01 -3.005595e-01  5.308864e-01
    outer loop
      vertex  -3.484404e-02  1.549929e-02 -6.584454e-03
      vertex  -3.471097e-02  1.529272e-02 -6.502780e-03
      vertex  -3.459046e-02  1.569348e-02 -6.096030e-03
    endloop
  endfacet
  facet normal -9.611931e-01 -6.807477e-02  2.673453e-01
    outer loop
      vertex  -3.464813e-02  1.459504e-02 -6.565111e-03
      vertex  -3.463822e-02  1.458139e-02 -6.532972e-03
      vertex  -3.464831e-02  1.486988e-02 -6.495796e-03
    endloop
  endfacet
  facet normal -9.567525e-01 -6.985819e-02  2.823905e-01
    outer loop
      vertex  -3.464831e-02  1.486988e-02 -6.495796e-03
      vertex  -3.463822e-02  1.458139e-02 -6.532972e-03
      vertex  -3.459046e-02  1.569348e-02 -6.096030e-03
    endloop
  endfacet
  facet normal -5.959505e-01 -6.350041e-01  4.915413e-01
    outer loop
      vertex  -3.538321e-02  1.573777e-02 -6.990190e-03
      vertex  -3.536627e-02  1.570975e-02 -7.005855e-03
      vertex  -3.516319e-02  1.566943e-02 -6.811725e-03
    endloop
  endfacet
  facet normal -6.376973e-01 -5.597916e-01  5.291272e-01
    outer loop
      vertex  -3.516319e-02  1.566943e-02 -6.811725e-03
      vertex  -3.494804e-02  1.557621e-02 -6.651046e-03
      vertex  -3.459046e-02  1.569348e-02 -6.096030e-03
    endloop
  endfacet
  facet normal -6.001932e-01 -6.233113e-01  5.012497e-01
    outer loop
      vertex  -3.538321e-02  1.573777e-02 -6.990190e-03
      vertex  -3.516319e-02  1.566943e-02 -6.811725e-03
      vertex  -3.459046e-02  1.569348e-02 -6.096030e-03
    endloop
  endfacet
  facet normal  2.566055e-01 -3.488443e-01  9.013663e-01
    outer loop
      vertex  -3.688984e-02  1.475335e-02 -6.942262e-03
      vertex  -3.536627e-02  1.570975e-02 -7.005855e-03
      vertex  -3.538321e-02  1.573777e-02 -6.990190e-03
    endloop
  endfacet
  facet normal -4.148208e-01  7.013843e-01  5.796410e-01
    outer loop
      vertex  -4.005535e-02  1.118086e-02 -6.306864e-03
      vertex  -3.617169e-02  1.363864e-02 -6.501518e-03
      vertex  -3.637478e-02  1.367896e-02 -6.695648e-03
    endloop
  endfacet
  facet normal -3.710705e-01  6.499358e-01  6.632422e-01
    outer loop
      vertex  -4.005535e-02  1.118086e-02 -6.306864e-03
      vertex  -3.637478e-02  1.367896e-02 -6.695648e-03
      vertex  -4.025451e-02  1.147177e-02 -6.703369e-03
    endloop
  endfacet
  facet normal  1.365283e-01 -1.517513e-01  9.789441e-01
    outer loop
      vertex  -4.052719e-02  1.189503e-02 -6.870723e-03
      vertex  -3.686370e-02  1.420163e-02 -7.024094e-03
      vertex  -4.080033e-02  1.233723e-02 -6.764083e-03
    endloop
  endfacet
  facet normal  8.339324e-02 -3.720414e-02  9.958219e-01
    outer loop
      vertex  -4.080033e-02  1.233723e-02 -6.764083e-03
      vertex  -3.686370e-02  1.420163e-02 -7.024094e-03
      vertex  -3.688965e-02  1.447850e-02 -7.011577e-03
    endloop
  endfacet
  facet normal -3.227198e-01  5.646093e-01  7.596500e-01
    outer loop
      vertex  -3.637478e-02  1.367896e-02 -6.695648e-03
      vertex  -3.658992e-02  1.377217e-02 -6.856327e-03
      vertex  -4.025451e-02  1.147177e-02 -6.703369e-03
    endloop
  endfacet
  facet normal -2.359807e-01  4.337422e-01  8.695866e-01
    outer loop
      vertex  -4.025451e-02  1.147177e-02 -6.703369e-03
      vertex  -3.658992e-02  1.377217e-02 -6.856327e-03
      vertex  -3.669392e-02  1.384910e-02 -6.922919e-03
    endloop
  endfacet
  facet normal -1.341276e-01  2.884408e-01  9.480568e-01
    outer loop
      vertex  -4.025451e-02  1.147177e-02 -6.703369e-03
      vertex  -3.669392e-02  1.384910e-02 -6.922919e-03
      vertex  -4.052719e-02  1.189503e-02 -6.870723e-03
    endloop
  endfacet
  facet normal -1.341278e-01  2.884412e-01  9.480566e-01
    outer loop
      vertex  -4.052719e-02  1.189503e-02 -6.870723e-03
      vertex  -3.669392e-02  1.384910e-02 -6.922919e-03
      vertex  -3.682700e-02  1.405567e-02 -7.004593e-03
    endloop
  endfacet
  facet normal -3.617373e-02  1.233939e-01  9.916983e-01
    outer loop
      vertex  -4.052719e-02  1.189503e-02 -6.870723e-03
      vertex  -3.682700e-02  1.405567e-02 -7.004593e-03
      vertex  -3.686370e-02  1.420163e-02 -7.024094e-03
    endloop
  endfacet
  facet normal -4.572254e-01  7.591712e-01  4.632538e-01
    outer loop
      vertex  -3.464813e-02  1.459504e-02 -6.565111e-03
      vertex  -3.617169e-02  1.363864e-02 -6.501518e-03
      vertex  -3.463822e-02  1.458139e-02 -6.532972e-03
    endloop
  endfacet
  facet normal -4.572282e-01  7.591755e-01  4.632438e-01
    outer loop
      vertex  -3.463822e-02  1.458139e-02 -6.532972e-03
      vertex  -3.617169e-02  1.363864e-02 -6.501518e-03
      vertex  -4.005535e-02  1.118086e-02 -6.306864e-03
    endloop
  endfacet
  facet normal -5.147848e-01  8.334265e-01  2.009899e-01
    outer loop
      vertex  -3.463822e-02  1.458139e-02 -6.532972e-03
      vertex  -4.005535e-02  1.118086e-02 -6.306864e-03
      vertex  -3.456594e-02  1.450078e-02 -6.013558e-03
    endloop
  endfacet
  facet normal -5.147848e-01  8.334266e-01  2.009895e-01
    outer loop
      vertex  -3.456594e-02  1.450078e-02 -6.013558e-03
      vertex  -4.005535e-02  1.118086e-02 -6.306864e-03
      vertex  -3.998306e-02  1.110024e-02 -5.787451e-03
    endloop
  endfacet
  facet normal -5.139353e-01  7.977366e-01 -3.154151e-01
    outer loop
      vertex  -3.456594e-02  1.450078e-02 -6.013558e-03
      vertex  -3.998306e-02  1.110024e-02 -5.787451e-03
      vertex  -3.463990e-02  1.465207e-02 -5.510412e-03
    endloop
  endfacet
  facet normal -5.139353e-01  7.977367e-01 -3.154151e-01
    outer loop
      vertex  -3.463990e-02  1.465207e-02 -5.510412e-03
      vertex  -3.998306e-02  1.110024e-02 -5.787451e-03
      vertex  -4.005703e-02  1.125153e-02 -5.284305e-03
    endloop
  endfacet
  facet normal -3.753761e-01  5.482919e-01 -7.473077e-01
    outer loop
      vertex  -3.463990e-02  1.465207e-02 -5.510412e-03
      vertex  -4.005703e-02  1.125153e-02 -5.284305e-03
      vertex  -3.484030e-02  1.499471e-02 -5.158352e-03
    endloop
  endfacet
  facet normal -3.753771e-01  5.482931e-01 -7.473063e-01
    outer loop
      vertex  -3.484030e-02  1.499471e-02 -5.158352e-03
      vertex  -4.005703e-02  1.125153e-02 -5.284305e-03
      vertex  -4.025742e-02  1.159418e-02 -4.932245e-03
    endloop
  endfacet
  facet normal -1.362367e-01  1.519354e-01 -9.789562e-01
    outer loop
      vertex  -3.484030e-02  1.499471e-02 -5.158352e-03
      vertex  -4.025742e-02  1.159418e-02 -4.932245e-03
      vertex  -3.511344e-02  1.543691e-02 -5.051712e-03
    endloop
  endfacet
  facet normal -1.362367e-01  1.519354e-01 -9.789562e-01
    outer loop
      vertex  -3.511344e-02  1.543691e-02 -5.051712e-03
      vertex  -4.025742e-02  1.159418e-02 -4.932245e-03
      vertex  -4.053056e-02  1.203638e-02 -4.825604e-03
    endloop
  endfacet
  facet normal  1.394079e-01 -2.851333e-01 -9.482955e-01
    outer loop
      vertex  -3.511344e-02  1.543691e-02 -5.051712e-03
      vertex  -4.053056e-02  1.203638e-02 -4.825604e-03
      vertex  -3.538612e-02  1.586018e-02 -5.219065e-03
    endloop
  endfacet
  facet normal  1.394079e-01 -2.851333e-01 -9.482955e-01
    outer loop
      vertex  -3.538612e-02  1.586018e-02 -5.219065e-03
      vertex  -4.053056e-02  1.203638e-02 -4.825604e-03
      vertex  -4.080324e-02  1.245964e-02 -4.992958e-03
    endloop
  endfacet
  facet normal  3.776976e-01 -6.457998e-01 -6.635414e-01
    outer loop
      vertex  -3.538612e-02  1.586018e-02 -5.219065e-03
      vertex  -4.080324e-02  1.245964e-02 -4.992958e-03
      vertex  -3.558529e-02  1.615109e-02 -5.615570e-03
    endloop
  endfacet
  facet normal  3.776981e-01 -6.458002e-01 -6.635407e-01
    outer loop
      vertex  -3.558529e-02  1.615109e-02 -5.615570e-03
      vertex  -4.080324e-02  1.245964e-02 -4.992958e-03
      vertex  -4.100241e-02  1.275055e-02 -5.389463e-03
    endloop
  endfacet
  facet normal  5.147853e-01 -8.334270e-01 -2.009863e-01
    outer loop
      vertex  -3.558529e-02  1.615109e-02 -5.615570e-03
      vertex  -4.100241e-02  1.275055e-02 -5.389463e-03
      vertex  -3.565757e-02  1.623170e-02 -6.134984e-03
    endloop
  endfacet
  facet normal  5.147853e-01 -8.334271e-01 -2.009859e-01
    outer loop
      vertex  -3.565757e-02  1.623170e-02 -6.134984e-03
      vertex  -4.100241e-02  1.275055e-02 -5.389463e-03
      vertex  -4.107469e-02  1.283116e-02 -5.908876e-03
    endloop
  endfacet
  facet normal  5.139354e-01 -7.977366e-01  3.154151e-01
    outer loop
      vertex  -3.565757e-02  1.623170e-02 -6.134984e-03
      vertex  -4.107469e-02  1.283116e-02 -5.908876e-03
      vertex  -3.558360e-02  1.608042e-02 -6.638130e-03
    endloop
  endfacet
  facet normal  5.139354e-01 -7.977366e-01  3.154151e-01
    outer loop
      vertex  -3.558360e-02  1.608042e-02 -6.638130e-03
      vertex  -4.107469e-02  1.283116e-02 -5.908876e-03
      vertex  -4.100073e-02  1.267988e-02 -6.412022e-03
    endloop
  endfacet
  facet normal  3.753769e-01 -5.482931e-01  7.473064e-01
    outer loop
      vertex  -3.558360e-02  1.608042e-02 -6.638130e-03
      vertex  -4.100073e-02  1.267988e-02 -6.412022e-03
      vertex  -3.538321e-02  1.573777e-02 -6.990190e-03
    endloop
  endfacet
  facet normal  3.753770e-01 -5.482934e-01  7.473061e-01
    outer loop
      vertex  -3.538321e-02  1.573777e-02 -6.990190e-03
      vertex  -4.100073e-02  1.267988e-02 -6.412022e-03
      vertex  -4.080033e-02  1.233723e-02 -6.764083e-03
    endloop
  endfacet
  facet normal  2.566046e-01 -3.488428e-01  9.013672e-01
    outer loop
      vertex  -3.538321e-02  1.573777e-02 -6.990190e-03
      vertex  -4.080033e-02  1.233723e-02 -6.764083e-03
      vertex  -3.688984e-02  1.475335e-02 -6.942262e-03
    endloop
  endfacet
  facet normal  1.915784e-01 -2.398851e-01  9.517105e-01
    outer loop
      vertex  -3.688984e-02  1.475335e-02 -6.942262e-03
      vertex  -4.080033e-02  1.233723e-02 -6.764083e-03
      vertex  -3.688965e-02  1.447850e-02 -7.011577e-03
    endloop
  endfacet
  facet normal -9.182183e-01 -1.100522e-01  3.804781e-01
    outer loop
      vertex  -3.981720e-02  2.435644e-02 -1.032999e-03
      vertex  -4.006413e-02  2.353526e-02 -1.866446e-03
      vertex  -3.986497e-02  2.324435e-02 -1.469941e-03
    endloop
  endfacet
  facet normal -7.923517e-01 -3.005597e-01  5.308886e-01
    outer loop
      vertex  -4.033682e-02  2.395853e-02 -2.033799e-03
      vertex  -4.006413e-02  2.353526e-02 -1.866446e-03
      vertex  -3.981720e-02  2.435644e-02 -1.032999e-03
    endloop
  endfacet
  facet normal -6.467568e-01 -5.314181e-01  5.470836e-01
    outer loop
      vertex  -4.060995e-02  2.440073e-02 -1.927159e-03
      vertex  -4.033682e-02  2.395853e-02 -2.033799e-03
      vertex  -3.981720e-02  2.435644e-02 -1.032999e-03
    endloop
  endfacet
  facet normal -9.169887e-01 -1.615613e-01 -3.647321e-01
    outer loop
      vertex  -3.981720e-02  2.435644e-02 -1.032999e-03
      vertex  -3.986665e-02  2.331502e-02 -4.473814e-04
      vertex  -4.006705e-02  2.365767e-02 -9.532125e-05
    endloop
  endfacet
  facet normal -9.901777e-01 -2.980190e-02 -1.366015e-01
    outer loop
      vertex  -3.979268e-02  2.316374e-02 -9.505274e-04
      vertex  -3.986665e-02  2.331502e-02 -4.473814e-04
      vertex  -3.981720e-02  2.435644e-02 -1.032999e-03
    endloop
  endfacet
  facet normal -9.906258e-01 -1.095030e-02  1.361635e-01
    outer loop
      vertex  -3.986497e-02  2.324435e-02 -1.469941e-03
      vertex  -3.979268e-02  2.316374e-02 -9.505274e-04
      vertex  -3.981720e-02  2.435644e-02 -1.032999e-03
    endloop
  endfacet
  facet normal -5.192163e-01 -7.922787e-01 -3.204823e-01
    outer loop
      vertex  -3.981720e-02  2.435644e-02 -1.032999e-03
      vertex  -4.061287e-02  2.452313e-02 -1.560344e-04
      vertex  -4.081203e-02  2.481405e-02 -5.525394e-04
    endloop
  endfacet
  facet normal -6.450812e-01 -6.017748e-01 -4.708900e-01
    outer loop
      vertex  -4.034018e-02  2.409987e-02  1.131918e-05
      vertex  -4.061287e-02  2.452313e-02 -1.560344e-04
      vertex  -3.981720e-02  2.435644e-02 -1.032999e-03
    endloop
  endfacet
  facet normal -7.906796e-01 -3.709097e-01 -4.870849e-01
    outer loop
      vertex  -4.006705e-02  2.365767e-02 -9.532125e-05
      vertex  -4.034018e-02  2.409987e-02  1.131918e-05
      vertex  -3.981720e-02  2.435644e-02 -1.032999e-03
    endloop
  endfacet
  facet normal -4.504636e-01 -8.927831e-01  4.570394e-03
    outer loop
      vertex  -4.040857e-02  2.465535e-02 -9.300573e-04
      vertex  -4.033799e-02  2.461911e-02 -1.052010e-03
      vertex  -3.981720e-02  2.435644e-02 -1.032999e-03
    endloop
  endfacet
  facet normal -5.031816e-01 -7.848824e-01  3.616186e-01
    outer loop
      vertex  -3.981720e-02  2.435644e-02 -1.032999e-03
      vertex  -4.030189e-02  2.454528e-02 -1.297562e-03
      vertex  -4.033662e-02  2.450240e-02 -1.438942e-03
    endloop
  endfacet
  facet normal -5.436555e-01 -7.158079e-01  4.382438e-01
    outer loop
      vertex  -4.045860e-02  2.444582e-02 -1.682678e-03
      vertex  -3.981720e-02  2.435644e-02 -1.032999e-03
      vertex  -4.033662e-02  2.450240e-02 -1.438942e-03
    endloop
  endfacet
  facet normal -4.472581e-01 -8.725290e-01  1.966045e-01
    outer loop
      vertex  -4.033799e-02  2.461911e-02 -1.052010e-03
      vertex  -4.030189e-02  2.454528e-02 -1.297562e-03
      vertex  -3.981720e-02  2.435644e-02 -1.032999e-03
    endloop
  endfacet
  facet normal -5.876017e-01 -6.488465e-01  4.834486e-01
    outer loop
      vertex  -4.062654e-02  2.442828e-02 -1.910345e-03
      vertex  -4.060995e-02  2.440073e-02 -1.927159e-03
      vertex  -4.045860e-02  2.444582e-02 -1.682678e-03
    endloop
  endfacet
  facet normal -5.777383e-01 -6.605303e-01  4.794978e-01
    outer loop
      vertex  -4.045860e-02  2.444582e-02 -1.682678e-03
      vertex  -4.060995e-02  2.440073e-02 -1.927159e-03
      vertex  -3.981720e-02  2.435644e-02 -1.032999e-03
    endloop
  endfacet
  facet normal -4.885005e-01 -8.515213e-01 -1.904699e-01
    outer loop
      vertex  -4.081203e-02  2.481405e-02 -5.525394e-04
      vertex  -4.082135e-02  2.482671e-02 -5.852536e-04
      vertex  -4.059807e-02  2.473152e-02 -7.323631e-04
    endloop
  endfacet
  facet normal -4.630850e-01 -8.801008e-01 -1.047609e-01
    outer loop
      vertex  -4.059807e-02  2.473152e-02 -7.323631e-04
      vertex  -4.040857e-02  2.465535e-02 -9.300573e-04
      vertex  -3.981720e-02  2.435644e-02 -1.032999e-03
    endloop
  endfacet
  facet normal -4.810016e-01 -8.583766e-01 -1.784014e-01
    outer loop
      vertex  -4.081203e-02  2.481405e-02 -5.525394e-04
      vertex  -4.059807e-02  2.473152e-02 -7.323631e-04
      vertex  -3.981720e-02  2.435644e-02 -1.032999e-03
    endloop
  endfacet
  facet normal  4.666055e-01 -7.720095e-01 -4.316025e-01
    outer loop
      vertex  -4.234491e-02  2.387031e-02 -5.216610e-04
      vertex  -4.082135e-02  2.482671e-02 -5.852536e-04
      vertex  -4.081203e-02  2.481405e-02 -5.525394e-04
    endloop
  endfacet
  facet normal  3.336717e-01 -4.753940e-01  8.140416e-01
    outer loop
      vertex  -4.602708e-02  2.100019e-02 -1.701052e-03
      vertex  -4.215011e-02  2.347188e-02 -1.846753e-03
      vertex  -4.237339e-02  2.356706e-02 -1.699643e-03
    endloop
  endfacet
  facet normal  3.819825e-01 -5.441227e-01  7.470072e-01
    outer loop
      vertex  -4.602708e-02  2.100019e-02 -1.701052e-03
      vertex  -4.237339e-02  2.356706e-02 -1.699643e-03
      vertex  -4.622747e-02  2.134284e-02 -1.348992e-03
    endloop
  endfacet
  facet normal  5.150775e-01 -8.332436e-01 -2.009985e-01
    outer loop
      vertex  -4.630144e-02  2.149412e-02 -8.458457e-04
      vertex  -4.263483e-02  2.379618e-02 -9.930640e-04
      vertex  -4.622916e-02  2.141351e-02 -3.264321e-04
    endloop
  endfacet
  facet normal  5.410355e-01 -8.375269e-01 -7.634910e-02
    outer loop
      vertex  -4.622916e-02  2.141351e-02 -3.264321e-04
      vertex  -4.263483e-02  2.379618e-02 -9.930640e-04
      vertex  -4.251285e-02  2.385276e-02 -7.493281e-04
    endloop
  endfacet
  facet normal  4.235746e-01 -6.315844e-01  6.493733e-01
    outer loop
      vertex  -4.237339e-02  2.356706e-02 -1.699643e-03
      vertex  -4.256289e-02  2.364324e-02 -1.501949e-03
      vertex  -4.622747e-02  2.134284e-02 -1.348992e-03
    endloop
  endfacet
  facet normal  4.773690e-01 -7.277108e-01  4.924996e-01
    outer loop
      vertex  -4.622747e-02  2.134284e-02 -1.348992e-03
      vertex  -4.256289e-02  2.364324e-02 -1.501949e-03
      vertex  -4.263347e-02  2.367948e-02 -1.379996e-03
    endloop
  endfacet
  facet normal  5.192028e-01 -7.944083e-01  3.151886e-01
    outer loop
      vertex  -4.622747e-02  2.134284e-02 -1.348992e-03
      vertex  -4.263347e-02  2.367948e-02 -1.379996e-03
      vertex  -4.630144e-02  2.149412e-02 -8.458457e-04
    endloop
  endfacet
  facet normal  5.192022e-01 -7.944049e-01  3.151983e-01
    outer loop
      vertex  -4.630144e-02  2.149412e-02 -8.458457e-04
      vertex  -4.263347e-02  2.367948e-02 -1.379996e-03
      vertex  -4.266957e-02  2.375331e-02 -1.134444e-03
    endloop
  endfacet
  facet normal  5.312058e-01 -8.381697e-01  1.236605e-01
    outer loop
      vertex  -4.630144e-02  2.149412e-02 -8.458457e-04
      vertex  -4.266957e-02  2.375331e-02 -1.134444e-03
      vertex  -4.263483e-02  2.379618e-02 -9.930640e-04
    endloop
  endfacet
  facet normal  2.729731e-01 -3.759722e-01  8.855115e-01
    outer loop
      vertex  -4.062654e-02  2.442828e-02 -1.910345e-03
      vertex  -4.215011e-02  2.347188e-02 -1.846753e-03
      vertex  -4.060995e-02  2.440073e-02 -1.927159e-03
    endloop
  endfacet
  facet normal  2.729741e-01 -3.759740e-01  8.855104e-01
    outer loop
      vertex  -4.060995e-02  2.440073e-02 -1.927159e-03
      vertex  -4.215011e-02  2.347188e-02 -1.846753e-03
      vertex  -4.602708e-02  2.100019e-02 -1.701052e-03
    endloop
  endfacet
  facet normal  1.362362e-01 -1.519345e-01  9.789563e-01
    outer loop
      vertex  -4.060995e-02  2.440073e-02 -1.927159e-03
      vertex  -4.602708e-02  2.100019e-02 -1.701052e-03
      vertex  -4.033682e-02  2.395853e-02 -2.033799e-03
    endloop
  endfacet
  facet normal  1.362366e-01 -1.519354e-01  9.789562e-01
    outer loop
      vertex  -4.033682e-02  2.395853e-02 -2.033799e-03
      vertex  -4.602708e-02  2.100019e-02 -1.701052e-03
      vertex  -4.575394e-02  2.055799e-02 -1.807692e-03
    endloop
  endfacet
  facet normal -1.394081e-01  2.851336e-01  9.482955e-01
    outer loop
      vertex  -4.033682e-02  2.395853e-02 -2.033799e-03
      vertex  -4.575394e-02  2.055799e-02 -1.807692e-03
      vertex  -4.006413e-02  2.353526e-02 -1.866446e-03
    endloop
  endfacet
  facet normal -1.394077e-01  2.851329e-01  9.482957e-01
    outer loop
      vertex  -4.006413e-02  2.353526e-02 -1.866446e-03
      vertex  -4.575394e-02  2.055799e-02 -1.807692e-03
      vertex  -4.548126e-02  2.013473e-02 -1.640339e-03
    endloop
  endfacet
  facet normal -3.776987e-01  6.458012e-01  6.635394e-01
    outer loop
      vertex  -4.006413e-02  2.353526e-02 -1.866446e-03
      vertex  -4.548126e-02  2.013473e-02 -1.640339e-03
      vertex  -3.986497e-02  2.324435e-02 -1.469941e-03
    endloop
  endfacet
  facet normal -3.776984e-01  6.458007e-01  6.635399e-01
    outer loop
      vertex  -3.986497e-02  2.324435e-02 -1.469941e-03
      vertex  -4.548126e-02  2.013473e-02 -1.640339e-03
      vertex  -4.528209e-02  1.984381e-02 -1.243834e-03
    endloop
  endfacet
  facet normal -5.147849e-01  8.334264e-01  2.009898e-01
    outer loop
      vertex  -3.986497e-02  2.324435e-02 -1.469941e-03
      vertex  -4.528209e-02  1.984381e-02 -1.243834e-03
      vertex  -3.979268e-02  2.316374e-02 -9.505274e-04
    endloop
  endfacet
  facet normal -5.147851e-01  8.334271e-01  2.009864e-01
    outer loop
      vertex  -3.979268e-02  2.316374e-02 -9.505274e-04
      vertex  -4.528209e-02  1.984381e-02 -1.243834e-03
      vertex  -4.520981e-02  1.976320e-02 -7.244202e-04
    endloop
  endfacet
  facet normal -5.139352e-01  7.977368e-01 -3.154151e-01
    outer loop
      vertex  -3.979268e-02  2.316374e-02 -9.505274e-04
      vertex  -4.520981e-02  1.976320e-02 -7.244202e-04
      vertex  -3.986665e-02  2.331502e-02 -4.473814e-04
    endloop
  endfacet
  facet normal -5.139351e-01  7.977368e-01 -3.154151e-01
    outer loop
      vertex  -3.986665e-02  2.331502e-02 -4.473814e-04
      vertex  -4.520981e-02  1.976320e-02 -7.244202e-04
      vertex  -4.528377e-02  1.991449e-02 -2.212742e-04
    endloop
  endfacet
  facet normal -3.753758e-01  5.482916e-01 -7.473080e-01
    outer loop
      vertex  -3.986665e-02  2.331502e-02 -4.473814e-04
      vertex  -4.528377e-02  1.991449e-02 -2.212742e-04
      vertex  -4.006705e-02  2.365767e-02 -9.532125e-05
    endloop
  endfacet
  facet normal -3.753771e-01  5.482934e-01 -7.473061e-01
    outer loop
      vertex  -4.006705e-02  2.365767e-02 -9.532125e-05
      vertex  -4.528377e-02  1.991449e-02 -2.212742e-04
      vertex  -4.548417e-02  2.025714e-02  1.307860e-04
    endloop
  endfacet
  facet normal -1.362369e-01  1.519356e-01 -9.789562e-01
    outer loop
      vertex  -4.006705e-02  2.365767e-02 -9.532125e-05
      vertex  -4.548417e-02  2.025714e-02  1.307860e-04
      vertex  -4.034018e-02  2.409987e-02  1.131918e-05
    endloop
  endfacet
  facet normal -1.362366e-01  1.519352e-01 -9.789562e-01
    outer loop
      vertex  -4.034018e-02  2.409987e-02  1.131918e-05
      vertex  -4.548417e-02  2.025714e-02  1.307860e-04
      vertex  -4.575730e-02  2.069933e-02  2.374264e-04
    endloop
  endfacet
  facet normal  1.394082e-01 -2.851337e-01 -9.482954e-01
    outer loop
      vertex  -4.034018e-02  2.409987e-02  1.131918e-05
      vertex  -4.575730e-02  2.069933e-02  2.374264e-04
      vertex  -4.061287e-02  2.452313e-02 -1.560344e-04
    endloop
  endfacet
  facet normal  1.394077e-01 -2.851330e-01 -9.482957e-01
    outer loop
      vertex  -4.061287e-02  2.452313e-02 -1.560344e-04
      vertex  -4.575730e-02  2.069933e-02  2.374264e-04
      vertex  -4.602999e-02  2.112260e-02  7.007285e-05
    endloop
  endfacet
  facet normal  3.776975e-01 -6.457998e-01 -6.635414e-01
    outer loop
      vertex  -4.061287e-02  2.452313e-02 -1.560344e-04
      vertex  -4.602999e-02  2.112260e-02  7.007285e-05
      vertex  -4.081203e-02  2.481405e-02 -5.525394e-04
    endloop
  endfacet
  facet normal  3.776985e-01 -6.458009e-01 -6.635398e-01
    outer loop
      vertex  -4.081203e-02  2.481405e-02 -5.525394e-04
      vertex  -4.602999e-02  2.112260e-02  7.007285e-05
      vertex  -4.622916e-02  2.141351e-02 -3.264321e-04
    endloop
  endfacet
  facet normal  4.666065e-01 -7.720110e-01 -4.315986e-01
    outer loop
      vertex  -4.081203e-02  2.481405e-02 -5.525394e-04
      vertex  -4.622916e-02  2.141351e-02 -3.264321e-04
      vertex  -4.234491e-02  2.387031e-02 -5.216610e-04
    endloop
  endfacet
  facet normal  4.981098e-01 -8.117484e-01 -3.048790e-01
    outer loop
      vertex  -4.234491e-02  2.387031e-02 -5.216610e-04
      vertex  -4.622916e-02  2.141351e-02 -3.264321e-04
      vertex  -4.251285e-02  2.385276e-02 -7.493281e-04
    endloop
  endfacet
  facet normal  4.472558e-01  8.725306e-01 -1.966031e-01
    outer loop
      vertex  -3.009666e-02  7.368798e-03 -4.474062e-03
      vertex  -2.903084e-02  6.953550e-03 -3.892297e-03
      vertex  -2.895147e-02  6.791194e-03 -4.432258e-03
    endloop
  endfacet
  facet normal  5.204417e-01  7.407754e-01 -4.247261e-01
    outer loop
      vertex  -2.924591e-02  7.321270e-03 -3.514476e-03
      vertex  -2.903084e-02  6.953550e-03 -3.892297e-03
      vertex  -3.009666e-02  7.368798e-03 -4.474062e-03
    endloop
  endfacet
  facet normal  6.450822e-01  6.017720e-01  4.708922e-01
    outer loop
      vertex  -3.009666e-02  7.368798e-03 -4.474062e-03
      vertex  -2.924278e-02  7.189905e-03 -5.415196e-03
      vertex  -2.953541e-02  7.644138e-03 -5.594794e-03
    endloop
  endfacet
  facet normal  5.192156e-01  7.922792e-01  3.204823e-01
    outer loop
      vertex  -2.902904e-02  6.877707e-03 -4.989678e-03
      vertex  -2.924278e-02  7.189905e-03 -5.415196e-03
      vertex  -3.009666e-02  7.368798e-03 -4.474062e-03
    endloop
  endfacet
  facet normal  4.468069e-01  8.913824e-01  7.616464e-02
    outer loop
      vertex  -2.895147e-02  6.791194e-03 -4.432258e-03
      vertex  -2.902904e-02  6.877707e-03 -4.989678e-03
      vertex  -3.009666e-02  7.368798e-03 -4.474062e-03
    endloop
  endfacet
  facet normal  9.901770e-01  2.980198e-02  1.366064e-01
    outer loop
      vertex  -3.009666e-02  7.368798e-03 -4.474062e-03
      vertex  -3.004360e-02  8.486413e-03 -5.102530e-03
      vertex  -3.012298e-02  8.648768e-03 -4.562569e-03
    endloop
  endfacet
  facet normal  9.169916e-01  1.615560e-01  3.647275e-01
    outer loop
      vertex  -2.982854e-02  8.118693e-03 -5.480350e-03
      vertex  -3.004360e-02  8.486413e-03 -5.102530e-03
      vertex  -3.009666e-02  7.368798e-03 -4.474062e-03
    endloop
  endfacet
  facet normal  7.906757e-01  3.709155e-01  4.870870e-01
    outer loop
      vertex  -2.953541e-02  7.644138e-03 -5.594794e-03
      vertex  -2.982854e-02  8.118693e-03 -5.480350e-03
      vertex  -3.009666e-02  7.368798e-03 -4.474062e-03
    endloop
  endfacet
  facet normal  7.923514e-01  3.005590e-01 -5.308895e-01
    outer loop
      vertex  -3.009666e-02  7.368798e-03 -4.474062e-03
      vertex  -2.983166e-02  8.250058e-03 -3.579631e-03
      vertex  -2.953903e-02  7.795825e-03 -3.400032e-03
    endloop
  endfacet
  facet normal  9.182169e-01  1.100540e-01 -3.804810e-01
    outer loop
      vertex  -3.004540e-02  8.562257e-03 -4.005149e-03
      vertex  -2.983166e-02  8.250058e-03 -3.579631e-03
      vertex  -3.009666e-02  7.368798e-03 -4.474062e-03
    endloop
  endfacet
  facet normal  9.906261e-01  1.095007e-02 -1.361615e-01
    outer loop
      vertex  -3.012298e-02  8.648768e-03 -4.562569e-03
      vertex  -3.004540e-02  8.562257e-03 -4.005149e-03
      vertex  -3.009666e-02  7.368798e-03 -4.474062e-03
    endloop
  endfacet
  facet normal  6.467566e-01  5.314175e-01 -5.470844e-01
    outer loop
      vertex  -2.953903e-02  7.795825e-03 -3.400032e-03
      vertex  -2.924591e-02  7.321270e-03 -3.514476e-03
      vertex  -3.009666e-02  7.368798e-03 -4.474062e-03
    endloop
  endfacet
  facet normal -3.753767e-01  5.482930e-01 -7.473066e-01
    outer loop
      vertex  -2.924591e-02  7.321270e-03 -3.514476e-03
      vertex  -2.586021e-02  9.446606e-03 -3.655793e-03
      vertex  -2.903084e-02  6.953550e-03 -3.892297e-03
    endloop
  endfacet
  facet normal -3.753770e-01  5.482933e-01 -7.473063e-01
    outer loop
      vertex  -2.903084e-02  6.953550e-03 -3.892297e-03
      vertex  -2.586021e-02  9.446606e-03 -3.655793e-03
      vertex  -2.564514e-02  9.078885e-03 -4.033613e-03
    endloop
  endfacet
  facet normal -5.139352e-01  7.977362e-01 -3.154164e-01
    outer loop
      vertex  -2.903084e-02  6.953550e-03 -3.892297e-03
      vertex  -2.564514e-02  9.078885e-03 -4.033613e-03
      vertex  -2.895147e-02  6.791194e-03 -4.432258e-03
    endloop
  endfacet
  facet normal -5.139350e-01  7.977360e-01 -3.154171e-01
    outer loop
      vertex  -2.895147e-02  6.791194e-03 -4.432258e-03
      vertex  -2.564514e-02  9.078885e-03 -4.033613e-03
      vertex  -2.556576e-02  8.916530e-03 -4.573575e-03
    endloop
  endfacet
  facet normal -5.147848e-01  8.334265e-01  2.009902e-01
    outer loop
      vertex  -2.895147e-02  6.791194e-03 -4.432258e-03
      vertex  -2.556576e-02  8.916530e-03 -4.573575e-03
      vertex  -2.902904e-02  6.877707e-03 -4.989678e-03
    endloop
  endfacet
  facet normal -5.147848e-01  8.334267e-01  2.009895e-01
    outer loop
      vertex  -2.902904e-02  6.877707e-03 -4.989678e-03
      vertex  -2.556576e-02  8.916530e-03 -4.573575e-03
      vertex  -2.564334e-02  9.003042e-03 -5.130995e-03
    endloop
  endfacet
  facet normal -3.776988e-01  6.458016e-01  6.635389e-01
    outer loop
      vertex  -2.902904e-02  6.877707e-03 -4.989678e-03
      vertex  -2.564334e-02  9.003042e-03 -5.130995e-03
      vertex  -2.924278e-02  7.189905e-03 -5.415196e-03
    endloop
  endfacet
  facet normal -3.776985e-01  6.458009e-01  6.635397e-01
    outer loop
      vertex  -2.924278e-02  7.189905e-03 -5.415196e-03
      vertex  -2.564334e-02  9.003042e-03 -5.130995e-03
      vertex  -2.585708e-02  9.315241e-03 -5.556512e-03
    endloop
  endfacet
  facet normal -1.394076e-01  2.851326e-01  9.482958e-01
    outer loop
      vertex  -2.924278e-02  7.189905e-03 -5.415196e-03
      vertex  -2.585708e-02  9.315241e-03 -5.556512e-03
      vertex  -2.953541e-02  7.644138e-03 -5.594794e-03
    endloop
  endfacet
  facet normal -1.394077e-01  2.851329e-01  9.482957e-01
    outer loop
      vertex  -2.953541e-02  7.644138e-03 -5.594794e-03
      vertex  -2.585708e-02  9.315241e-03 -5.556512e-03
      vertex  -2.614971e-02  9.769474e-03 -5.736111e-03
    endloop
  endfacet
  facet normal  1.362363e-01 -1.519346e-01  9.789563e-01
    outer loop
      vertex  -2.953541e-02  7.644138e-03 -5.594794e-03
      vertex  -2.614971e-02  9.769474e-03 -5.736111e-03
      vertex  -2.982854e-02  8.118693e-03 -5.480350e-03
    endloop
  endfacet
  facet normal  1.362365e-01 -1.519350e-01  9.789562e-01
    outer loop
      vertex  -2.982854e-02  8.118693e-03 -5.480350e-03
      vertex  -2.614971e-02  9.769474e-03 -5.736111e-03
      vertex  -2.644283e-02  1.024403e-02 -5.621667e-03
    endloop
  endfacet
  facet normal  3.753770e-01 -5.482935e-01  7.473060e-01
    outer loop
      vertex  -2.982854e-02  8.118693e-03 -5.480350e-03
      vertex  -2.644283e-02  1.024403e-02 -5.621667e-03
      vertex  -3.004360e-02  8.486413e-03 -5.102530e-03
    endloop
  endfacet
  facet normal  3.753767e-01 -5.482926e-01  7.473069e-01
    outer loop
      vertex  -3.004360e-02  8.486413e-03 -5.102530e-03
      vertex  -2.644283e-02  1.024403e-02 -5.621667e-03
      vertex  -2.665790e-02  1.061175e-02 -5.243847e-03
    endloop
  endfacet
  facet normal  5.139353e-01 -7.977361e-01  3.154165e-01
    outer loop
      vertex  -3.004360e-02  8.486413e-03 -5.102530e-03
      vertex  -2.665790e-02  1.061175e-02 -5.243847e-03
      vertex  -3.012298e-02  8.648768e-03 -4.562569e-03
    endloop
  endfacet
  facet normal  5.139353e-01 -7.977368e-01  3.154148e-01
    outer loop
      vertex  -3.012298e-02  8.648768e-03 -4.562569e-03
      vertex  -2.665790e-02  1.061175e-02 -5.243847e-03
      vertex  -2.673727e-02  1.077410e-02 -4.703886e-03
    endloop
  endfacet
  facet normal  5.147851e-01 -8.334268e-01 -2.009880e-01
    outer loop
      vertex  -3.012298e-02  8.648768e-03 -4.562569e-03
      vertex  -2.673727e-02  1.077410e-02 -4.703886e-03
      vertex  -3.004540e-02  8.562257e-03 -4.005149e-03
    endloop
  endfacet
  facet normal  5.147851e-01 -8.334268e-01 -2.009879e-01
    outer loop
      vertex  -3.004540e-02  8.562257e-03 -4.005149e-03
      vertex  -2.673727e-02  1.077410e-02 -4.703886e-03
      vertex  -2.665970e-02  1.068759e-02 -4.146466e-03
    endloop
  endfacet
  facet normal  3.776985e-01 -6.458010e-01 -6.635397e-01
    outer loop
      vertex  -3.004540e-02  8.562257e-03 -4.005149e-03
      vertex  -2.665970e-02  1.068759e-02 -4.146466e-03
      vertex  -2.983166e-02  8.250058e-03 -3.579631e-03
    endloop
  endfacet
  facet normal  3.776980e-01 -6.458005e-01 -6.635405e-01
    outer loop
      vertex  -2.983166e-02  8.250058e-03 -3.579631e-03
      vertex  -2.665970e-02  1.068759e-02 -4.146466e-03
      vertex  -2.644596e-02  1.037539e-02 -3.720948e-03
    endloop
  endfacet
  facet normal  1.394081e-01 -2.851337e-01 -9.482954e-01
    outer loop
      vertex  -2.983166e-02  8.250058e-03 -3.579631e-03
      vertex  -2.644596e-02  1.037539e-02 -3.720948e-03
      vertex  -2.953903e-02  7.795825e-03 -3.400032e-03
    endloop
  endfacet
  facet normal  1.394086e-01 -2.851343e-01 -9.482951e-01
    outer loop
      vertex  -2.953903e-02  7.795825e-03 -3.400032e-03
      vertex  -2.644596e-02  1.037539e-02 -3.720948e-03
      vertex  -2.615333e-02  9.921161e-03 -3.541349e-03
    endloop
  endfacet
  facet normal -1.362367e-01  1.519352e-01 -9.789562e-01
    outer loop
      vertex  -2.953903e-02  7.795825e-03 -3.400032e-03
      vertex  -2.615333e-02  9.921161e-03 -3.541349e-03
      vertex  -2.924591e-02  7.321270e-03 -3.514476e-03
    endloop
  endfacet
  facet normal -1.362364e-01  1.519350e-01 -9.789562e-01
    outer loop
      vertex  -2.924591e-02  7.321270e-03 -3.514476e-03
      vertex  -2.615333e-02  9.921161e-03 -3.541349e-03
      vertex  -2.586021e-02  9.446606e-03 -3.655793e-03
    endloop
  endfacet
  facet normal -7.923511e-01 -3.005581e-01  5.308902e-01
    outer loop
      vertex  -3.204571e-02  7.948194e-03  5.043115e-03
      vertex  -3.260335e-02  7.521167e-03  3.969084e-03
      vertex  -3.231071e-02  7.066934e-03  4.148684e-03
    endloop
  endfacet
  facet normal -6.467568e-01 -5.314166e-01  5.470850e-01
    outer loop
      vertex  -3.289647e-02  7.995721e-03  4.083528e-03
      vertex  -3.260335e-02  7.521167e-03  3.969084e-03
      vertex  -3.204571e-02  7.948194e-03  5.043115e-03
    endloop
  endfacet
  facet normal -9.901775e-01 -2.980022e-02 -1.366032e-01
    outer loop
      vertex  -3.204571e-02  7.948194e-03  5.043115e-03
      vertex  -3.201940e-02  6.668223e-03  5.131620e-03
      vertex  -3.209878e-02  6.830579e-03  5.671582e-03
    endloop
  endfacet
  facet normal -9.906265e-01 -1.094894e-02  1.361586e-01
    outer loop
      vertex  -3.209697e-02  6.754735e-03  4.574201e-03
      vertex  -3.201940e-02  6.668223e-03  5.131620e-03
      vertex  -3.204571e-02  7.948194e-03  5.043115e-03
    endloop
  endfacet
  facet normal -9.182157e-01 -1.100551e-01  3.804837e-01
    outer loop
      vertex  -3.231071e-02  7.066934e-03  4.148684e-03
      vertex  -3.209697e-02  6.754735e-03  4.574201e-03
      vertex  -3.204571e-02  7.948194e-03  5.043115e-03
    endloop
  endfacet
  facet normal -6.450799e-01 -6.017749e-01 -4.708916e-01
    outer loop
      vertex  -3.204571e-02  7.948194e-03  5.043115e-03
      vertex  -3.260696e-02  7.672853e-03  6.163846e-03
      vertex  -3.289960e-02  8.127086e-03  5.984247e-03
    endloop
  endfacet
  facet normal -7.906761e-01 -3.709148e-01 -4.870868e-01
    outer loop
      vertex  -3.231384e-02  7.198299e-03  6.049402e-03
      vertex  -3.260696e-02  7.672853e-03  6.163846e-03
      vertex  -3.204571e-02  7.948194e-03  5.043115e-03
    endloop
  endfacet
  facet normal -9.169913e-01 -1.615565e-01 -3.647280e-01
    outer loop
      vertex  -3.209878e-02  6.830579e-03  5.671582e-03
      vertex  -3.231384e-02  7.198299e-03  6.049402e-03
      vertex  -3.204571e-02  7.948194e-03  5.043115e-03
    endloop
  endfacet
  facet normal -4.472549e-01 -8.725310e-01  1.966028e-01
    outer loop
      vertex  -3.204571e-02  7.948194e-03  5.043115e-03
      vertex  -3.319091e-02  8.525797e-03  5.001310e-03
      vertex  -3.311153e-02  8.363442e-03  4.461349e-03
    endloop
  endfacet
  facet normal -4.468062e-01 -8.913829e-01 -7.616254e-02
    outer loop
      vertex  -3.311333e-02  8.439285e-03  5.558730e-03
      vertex  -3.319091e-02  8.525797e-03  5.001310e-03
      vertex  -3.204571e-02  7.948194e-03  5.043115e-03
    endloop
  endfacet
  facet normal -5.192161e-01 -7.922778e-01 -3.204848e-01
    outer loop
      vertex  -3.289960e-02  8.127086e-03  5.984247e-03
      vertex  -3.311333e-02  8.439285e-03  5.558730e-03
      vertex  -3.204571e-02  7.948194e-03  5.043115e-03
    endloop
  endfacet
  facet normal -5.204411e-01 -7.407760e-01  4.247259e-01
    outer loop
      vertex  -3.311153e-02  8.363442e-03  4.461349e-03
      vertex  -3.289647e-02  7.995721e-03  4.083528e-03
      vertex  -3.204571e-02  7.948194e-03  5.043115e-03
    endloop
  endfacet
  facet normal  1.362371e-01 -1.519362e-01  9.789560e-01
    outer loop
      vertex  -3.289647e-02  7.995721e-03  4.083528e-03
      vertex  -3.628217e-02  5.870385e-03  4.224845e-03
      vertex  -3.260335e-02  7.521167e-03  3.969084e-03
    endloop
  endfacet
  facet normal  1.362368e-01 -1.519354e-01  9.789561e-01
    outer loop
      vertex  -3.260335e-02  7.521167e-03  3.969084e-03
      vertex  -3.628217e-02  5.870385e-03  4.224845e-03
      vertex  -3.598905e-02  5.395831e-03  4.110401e-03
    endloop
  endfacet
  facet normal -1.394081e-01  2.851335e-01  9.482954e-01
    outer loop
      vertex  -3.260335e-02  7.521167e-03  3.969084e-03
      vertex  -3.598905e-02  5.395831e-03  4.110401e-03
      vertex  -3.231071e-02  7.066934e-03  4.148684e-03
    endloop
  endfacet
  facet normal -1.394081e-01  2.851335e-01  9.482954e-01
    outer loop
      vertex  -3.231071e-02  7.066934e-03  4.148684e-03
      vertex  -3.598905e-02  5.395831e-03  4.110401e-03
      vertex  -3.569641e-02  4.941598e-03  4.290001e-03
    endloop
  endfacet
  facet normal -3.776984e-01  6.458006e-01  6.635402e-01
    outer loop
      vertex  -3.231071e-02  7.066934e-03  4.148684e-03
      vertex  -3.569641e-02  4.941598e-03  4.290001e-03
      vertex  -3.209697e-02  6.754735e-03  4.574201e-03
    endloop
  endfacet
  facet normal -3.776988e-01  6.458017e-01  6.635389e-01
    outer loop
      vertex  -3.209697e-02  6.754735e-03  4.574201e-03
      vertex  -3.569641e-02  4.941598e-03  4.290001e-03
      vertex  -3.548267e-02  4.629399e-03  4.715518e-03
    endloop
  endfacet
  facet normal -5.147849e-01  8.334269e-01  2.009880e-01
    outer loop
      vertex  -3.209697e-02  6.754735e-03  4.574201e-03
      vertex  -3.548267e-02  4.629399e-03  4.715518e-03
      vertex  -3.201940e-02  6.668223e-03  5.131620e-03
    endloop
  endfacet
  facet normal -5.147848e-01  8.334261e-01  2.009914e-01
    outer loop
      vertex  -3.201940e-02  6.668223e-03  5.131620e-03
      vertex  -3.548267e-02  4.629399e-03  4.715518e-03
      vertex  -3.540510e-02  4.542887e-03  5.272937e-03
    endloop
  endfacet
  facet normal -5.139356e-01  7.977364e-01 -3.154154e-01
    outer loop
      vertex  -3.201940e-02  6.668223e-03  5.131620e-03
      vertex  -3.540510e-02  4.542887e-03  5.272937e-03
      vertex  -3.209878e-02  6.830579e-03  5.671582e-03
    endloop
  endfacet
  facet normal -5.139345e-01  7.977356e-01 -3.154193e-01
    outer loop
      vertex  -3.209878e-02  6.830579e-03  5.671582e-03
      vertex  -3.540510e-02  4.542887e-03  5.272937e-03
      vertex  -3.548448e-02  4.705243e-03  5.812899e-03
    endloop
  endfacet
  facet normal -3.753766e-01  5.482931e-01 -7.473066e-01
    outer loop
      vertex  -3.209878e-02  6.830579e-03  5.671582e-03
      vertex  -3.548448e-02  4.705243e-03  5.812899e-03
      vertex  -3.231384e-02  7.198299e-03  6.049402e-03
    endloop
  endfacet
  facet normal -3.753767e-01  5.482932e-01 -7.473065e-01
    outer loop
      vertex  -3.231384e-02  7.198299e-03  6.049402e-03
      vertex  -3.548448e-02  4.705243e-03  5.812899e-03
      vertex  -3.569954e-02  5.072963e-03  6.190719e-03
    endloop
  endfacet
  facet normal -1.362370e-01  1.519360e-01 -9.789560e-01
    outer loop
      vertex  -3.231384e-02  7.198299e-03  6.049402e-03
      vertex  -3.569954e-02  5.072963e-03  6.190719e-03
      vertex  -3.260696e-02  7.672853e-03  6.163846e-03
    endloop
  endfacet
  facet normal -1.362376e-01  1.519367e-01 -9.789559e-01
    outer loop
      vertex  -3.260696e-02  7.672853e-03  6.163846e-03
      vertex  -3.569954e-02  5.072963e-03  6.190719e-03
      vertex  -3.599266e-02  5.547517e-03  6.305163e-03
    endloop
  endfacet
  facet normal  1.394087e-01 -2.851343e-01 -9.482952e-01
    outer loop
      vertex  -3.260696e-02  7.672853e-03  6.163846e-03
      vertex  -3.599266e-02  5.547517e-03  6.305163e-03
      vertex  -3.289960e-02  8.127086e-03  5.984247e-03
    endloop
  endfacet
  facet normal  1.394087e-01 -2.851343e-01 -9.482952e-01
    outer loop
      vertex  -3.289960e-02  8.127086e-03  5.984247e-03
      vertex  -3.599266e-02  5.547517e-03  6.305163e-03
      vertex  -3.628530e-02  6.001750e-03  6.125564e-03
    endloop
  endfacet
  facet normal  3.776989e-01 -6.458013e-01 -6.635392e-01
    outer loop
      vertex  -3.289960e-02  8.127086e-03  5.984247e-03
      vertex  -3.628530e-02  6.001750e-03  6.125564e-03
      vertex  -3.311333e-02  8.439285e-03  5.558730e-03
    endloop
  endfacet
  facet normal  3.776977e-01 -6.458001e-01 -6.635411e-01
    outer loop
      vertex  -3.311333e-02  8.439285e-03  5.558730e-03
      vertex  -3.628530e-02  6.001750e-03  6.125564e-03
      vertex  -3.649904e-02  6.313949e-03  5.700047e-03
    endloop
  endfacet
  facet normal  5.147844e-01 -8.334264e-01 -2.009910e-01
    outer loop
      vertex  -3.311333e-02  8.439285e-03  5.558730e-03
      vertex  -3.649904e-02  6.313949e-03  5.700047e-03
      vertex  -3.319091e-02  8.525797e-03  5.001310e-03
    endloop
  endfacet
  facet normal  5.147853e-01 -8.334268e-01 -2.009877e-01
    outer loop
      vertex  -3.319091e-02  8.525797e-03  5.001310e-03
      vertex  -3.649904e-02  6.313949e-03  5.700047e-03
      vertex  -3.657661e-02  6.400461e-03  5.142627e-03
    endloop
  endfacet
  facet normal  5.139354e-01 -7.977363e-01  3.154159e-01
    outer loop
      vertex  -3.319091e-02  8.525797e-03  5.001310e-03
      vertex  -3.657661e-02  6.400461e-03  5.142627e-03
      vertex  -3.311153e-02  8.363442e-03  4.461349e-03
    endloop
  endfacet
  facet normal  5.139354e-01 -7.977363e-01  3.154158e-01
    outer loop
      vertex  -3.311153e-02  8.363442e-03  4.461349e-03
      vertex  -3.657661e-02  6.400461e-03  5.142627e-03
      vertex  -3.649723e-02  6.238106e-03  4.602666e-03
    endloop
  endfacet
  facet normal  3.753760e-01 -5.482914e-01  7.473080e-01
    outer loop
      vertex  -3.311153e-02  8.363442e-03  4.461349e-03
      vertex  -3.649723e-02  6.238106e-03  4.602666e-03
      vertex  -3.289647e-02  7.995721e-03  4.083528e-03
    endloop
  endfacet
  facet normal  3.753767e-01 -5.482932e-01  7.473064e-01
    outer loop
      vertex  -3.289647e-02  7.995721e-03  4.083528e-03
      vertex  -3.649723e-02  6.238106e-03  4.602666e-03
      vertex  -3.628217e-02  5.870385e-03  4.224845e-03
    endloop
  endfacet
endsolid vcg
